context,n,eta,depth,contrast,mean,mcse,lower,upper,repetitions,simultaneous_lower,simultaneous_upper
binary,200,0.1,2,aggregation_binary,0.0,0.0,0.0,0.0,200,0.0,0.0
binary,200,0.1,2,aggregation_jittered,0.33624000000000004,0.16663487395527515,0.0076432698037221525,0.6648367301962779,200,-0.3032762200853681,0.9757562200853682
binary,200,0.1,2,exact_vs_cart_binary,0.0,0.0,0.0,0.0,200,,
binary,200,0.1,2,exact_vs_cart_jittered,-0.06064,0.17853413944322716,-0.4127015646470058,0.29142156464700586,200,,
binary,200,0.1,2,fragmentation_binary,33.62712,1.0409352312735567,31.57444095855035,35.67979904144965,200,29.63218815496241,37.62205184503759
binary,200,0.1,2,fragmentation_jittered,19.976880000000005,1.3157825982117197,17.38221389464693,22.57154610535308,200,14.927130846720644,25.026629153279366
binary,200,0.1,2,grouped_vs_cart_binary,0.0,0.0,0.0,0.0,200,,
binary,200,0.1,2,grouped_vs_cart_jittered,0.2756,0.06830566241233547,0.14090420199670517,0.41029579800329485,200,,
binary,200,0.1,2,interaction,0.33624000000000004,0.16663487395527515,0.0076432698037221525,0.6648367301962779,200,-0.3032762200853681,0.9757562200853682
binary,200,0.1,5,aggregation_binary,0.0,0.0,0.0,0.0,200,0.0,0.0
binary,200,0.1,5,aggregation_jittered,0.12024000000000003,0.07903807435654002,-0.035619647972249355,0.2760996479722494,200,-0.18309464631711686,0.4235746463171169
binary,200,0.1,5,exact_vs_cart_binary,1.1231200000000001,0.15523599841538077,0.8170013570217013,1.4292386429782988,200,,
binary,200,0.1,5,exact_vs_cart_jittered,2.3426400000000003,0.2382201953220937,1.8728801268622286,2.812399873137772,200,,
binary,200,0.1,5,fragmentation_binary,30.72544,1.079907107503317,28.5959101121774,32.8549698878226,200,26.580940742184335,34.86993925781566
binary,200,0.1,5,fragmentation_jittered,17.5268,1.2444196674529533,15.072858492973495,19.980741507026508,200,12.750929601208188,22.302670398791815
binary,200,0.1,5,grouped_vs_cart_binary,1.1231200000000001,0.15523599841538077,0.8170013570217013,1.4292386429782988,200,,
binary,200,0.1,5,grouped_vs_cart_jittered,2.46288,0.22896427345898973,2.0113724025532376,2.914387597446763,200,,
binary,200,0.1,5,interaction,0.12024000000000003,0.07903807435654002,-0.035619647972249355,0.2760996479722494,200,-0.18309464631711686,0.4235746463171169
binary,200,0.4,2,aggregation_binary,0.0,0.0,0.0,0.0,200,0.0,0.0
binary,200,0.4,2,aggregation_jittered,0.18065999999999996,0.0827285481888032,0.017522898002838072,0.34379710199716185,200,-0.13683805532936463,0.4981580553293645
binary,200,0.4,2,exact_vs_cart_binary,1.1335999999999997,0.20507955166852396,0.729192035995522,1.5380079640044775,200,,
binary,200,0.4,2,exact_vs_cart_jittered,-0.07426,0.21996270049726663,-0.5080168867363546,0.35949688673635455,200,,
binary,200,0.4,2,fragmentation_binary,4.683739999999999,0.30917535064950796,4.074059643966101,5.293420356033898,200,3.497177746266664,5.870302253733335
binary,200,0.4,2,fragmentation_jittered,0.22303999999999996,0.09592634209401336,0.0338774219418041,0.4122025780581958,200,-0.14510893693288218,0.5911889369328821
binary,200,0.4,2,grouped_vs_cart_binary,1.1335999999999997,0.20507955166852396,0.729192035995522,1.5380079640044775,200,,
binary,200,0.4,2,grouped_vs_cart_jittered,0.1064,0.23288908309563502,-0.3528471514946786,0.5656471514946786,200,,
binary,200,0.4,2,interaction,0.18065999999999996,0.0827285481888032,0.017522898002838072,0.34379710199716185,200,-0.13683805532936463,0.4981580553293645
binary,200,0.4,5,aggregation_binary,0.0,0.0,0.0,0.0,200,0.0,0.0
binary,200,0.4,5,aggregation_jittered,0.17483999999999994,0.12048719388987895,-0.06275551048939257,0.4124355104893924,200,-0.28756929630270217,0.6372492963027021
binary,200,0.4,5,exact_vs_cart_binary,1.40098,0.1467553051714993,1.1115849155637447,1.690375084436255,200,,
binary,200,0.4,5,exact_vs_cart_jittered,0.9662199999999999,0.15616524091599815,0.6582689311914139,1.2741710688085859,200,,
binary,200,0.4,5,fragmentation_binary,2.90602,0.21178410358346836,2.4883909509705875,3.323649049029412,200,2.093228738584819,3.7188112614151807
binary,200,0.4,5,fragmentation_jittered,0.20301999999999992,0.1251269120477004,-0.043724833074181346,0.4497648330741812,200,-0.2771957431053554,0.6832357431053553
binary,200,0.4,5,grouped_vs_cart_binary,1.40098,0.1467553051714993,1.1115849155637447,1.690375084436255,200,,
binary,200,0.4,5,grouped_vs_cart_jittered,1.1410599999999997,0.16279585015021308,0.8200336579196432,1.4620863420803563,200,,
binary,200,0.4,5,interaction,0.17483999999999994,0.12048719388987895,-0.06275551048939257,0.4124355104893924,200,-0.28756929630270217,0.6372492963027021
binary,800,0.4,2,aggregation_binary,0.0,0.0,0.0,0.0,200,0.0,0.0
binary,800,0.4,2,aggregation_jittered,0.05131999999999999,0.05899607080009009,-0.0650176878992383,0.1676576878992383,200,-0.17509685562224409,0.27773685562224404
binary,800,0.4,2,exact_vs_cart_binary,0.14911999999999997,0.06016585559014739,0.030475547328644798,0.2677644526713552,200,,
binary,800,0.4,2,exact_vs_cart_jittered,0.45797999999999994,0.17583780785529818,0.11123548407327705,0.8047245159267229,200,,
binary,800,0.4,2,fragmentation_binary,8.185839999999999,0.275635236116402,7.642299292314533,8.729380707685465,200,7.127998984254333,9.243681015745665
binary,800,0.4,2,fragmentation_jittered,0.23007999999999992,0.09160689430068612,0.049435185285399336,0.41072481471460054,200,-0.12149163315440584,0.5816516331544057
binary,800,0.4,2,grouped_vs_cart_binary,0.14911999999999997,0.06016585559014739,0.030475547328644798,0.2677644526713552,200,,
binary,800,0.4,2,grouped_vs_cart_jittered,0.5092999999999998,0.16674894784687605,0.18047832104665146,0.8381216789533481,200,,
binary,800,0.4,2,interaction,0.05131999999999999,0.05899607080009009,-0.0650176878992383,0.1676576878992383,200,-0.17509685562224409,0.27773685562224404
binary,800,0.4,5,aggregation_binary,0.0,0.0,0.0,0.0,200,0.0,0.0
binary,800,0.4,5,aggregation_jittered,-0.19629999999999995,0.12695789334821633,-0.4466554486321319,0.05405544863213199,200,-0.6835427369906041,0.29094273699060424
binary,800,0.4,5,exact_vs_cart_binary,2.575999999999999,0.0782765667650454,2.421642011906293,2.7303579880937052,200,,
binary,800,0.4,5,exact_vs_cart_jittered,2.0639,0.1577956835236422,1.7527337692212472,2.3750662307787525,200,,
binary,800,0.4,5,fragmentation_binary,4.6450999999999985,0.2394811039429387,4.172853669855651,5.117346330144346,200,3.726012376021807,5.5641876239781904
binary,800,0.4,5,fragmentation_jittered,-0.09623999999999999,0.13586256028958899,-0.364155064881533,0.171675064881533,200,-0.6176573296691705,0.42517732966917055
binary,800,0.4,5,grouped_vs_cart_binary,2.575999999999999,0.0782765667650454,2.421642011906293,2.7303579880937052,200,,
binary,800,0.4,5,grouped_vs_cart_jittered,1.8675999999999997,0.1871431580583169,1.4985618247554027,2.2366381752445967,200,,
binary,800,0.4,5,interaction,-0.19629999999999995,0.12695789334821633,-0.4466554486321319,0.05405544863213199,200,-0.6835427369906041,0.29094273699060424
breast_cancer,200,0.1,2,aggregation_binary,0.0,0.0,0.0,0.0,200,0.0,0.0
breast_cancer,200,0.1,2,aggregation_jittered,0.39408,0.20212735715521724,-0.004506364714065403,0.7926663647140654,200,-0.3816503159628166,1.1698103159628166
breast_cancer,200,0.1,2,exact_vs_cart_binary,0.24648000000000003,0.07632197104583717,0.09597638972614858,0.3969836102738515,200,,
breast_cancer,200,0.1,2,exact_vs_cart_jittered,-0.08855999999999999,0.21070683635428672,-0.504064724866922,0.32694472486692205,200,,
breast_cancer,200,0.1,2,fragmentation_binary,39.54112,0.20199803603204664,39.14278865092108,39.93945134907892,200,38.76588599644709,40.31635400355291
breast_cancer,200,0.1,2,fragmentation_jittered,19.85816,1.3087098035168476,17.277441138431612,22.43887886156839,200,14.835555026215257,24.880764973784746
breast_cancer,200,0.1,2,grouped_vs_cart_binary,0.24648000000000003,0.07632197104583717,0.09597638972614858,0.3969836102738515,200,,
breast_cancer,200,0.1,2,grouped_vs_cart_jittered,0.30552,0.0702364108926088,0.1670168498957306,0.4440231501042694,200,,
breast_cancer,200,0.1,2,interaction,0.39408,0.20212735715521724,-0.004506364714065403,0.7926663647140654,200,-0.3816503159628166,1.1698103159628166
breast_cancer,200,0.1,5,aggregation_binary,0.0,0.0,0.0,0.0,200,0.0,0.0
breast_cancer,200,0.1,5,aggregation_jittered,0.24799999999999997,0.05870914253406726,0.13222812217267554,0.3637718778273244,200,0.02268432611581045,0.4733156738841895
breast_cancer,200,0.1,5,exact_vs_cart_binary,1.8343200000000002,0.21206416467118733,1.416138682675871,2.2525013173241293,200,,
breast_cancer,200,0.1,5,exact_vs_cart_jittered,1.7712800000000002,0.2321777810603126,1.3134355052088136,2.229124494791187,200,,
breast_cancer,200,0.1,5,fragmentation_binary,39.109519999999996,0.19823120060288768,38.71861668669672,39.50042331330327,200,38.34874246824174,39.870297531758254
breast_cancer,200,0.1,5,fragmentation_jittered,16.27736,1.157134677929208,13.995540699279584,18.55917930072042,200,11.836474501100145,20.718245498899858
breast_cancer,200,0.1,5,grouped_vs_cart_binary,1.8343200000000002,0.21206416467118733,1.416138682675871,2.2525013173241293,200,,
breast_cancer,200,0.1,5,grouped_vs_cart_jittered,2.01928,0.22189144842109634,1.5817197061730421,2.456840293826958,200,,
breast_cancer,200,0.1,5,interaction,0.24799999999999997,0.05870914253406726,0.13222812217267554,0.3637718778273244,200,0.02268432611581045,0.4733156738841895
breast_cancer,200,0.4,2,aggregation_binary,0.0,0.0,0.0,0.0,200,0.0,0.0
breast_cancer,200,0.4,2,aggregation_jittered,0.24619999999999995,0.0936434840795277,0.061539118743061255,0.43086088125693867,200,-0.11318771730482705,0.605587717304827
breast_cancer,200,0.4,2,exact_vs_cart_binary,1.5500199999999995,0.2349974754445813,1.086615190414971,2.013424809585028,200,,
breast_cancer,200,0.4,2,exact_vs_cart_jittered,0.14192,0.24721807834237458,-0.34558330744400517,0.6294233074440052,200,,
breast_cancer,200,0.4,2,fragmentation_binary,4.851279999999999,0.2858308200605428,4.287634043833441,5.414925956166558,200,3.754310072335991,5.9482499276640075
breast_cancer,200,0.4,2,fragmentation_jittered,0.38398,0.11269855196975867,0.16174335291580383,0.6062166470841961,200,-0.04853781727358447,0.8164978172735844
breast_cancer,200,0.4,2,grouped_vs_cart_binary,1.5500199999999995,0.2349974754445813,1.086615190414971,2.013424809585028,200,,
breast_cancer,200,0.4,2,grouped_vs_cart_jittered,0.38811999999999997,0.2427924860542889,-0.09065623176933502,0.866896231769335,200,,
breast_cancer,200,0.4,2,interaction,0.24619999999999995,0.0936434840795277,0.061539118743061255,0.43086088125693867,200,-0.11318771730482705,0.605587717304827
breast_cancer,200,0.4,5,aggregation_binary,0.0,0.0,0.0,0.0,200,0.0,0.0
breast_cancer,200,0.4,5,aggregation_jittered,0.35977999999999993,0.08165637129375954,0.19875718424761238,0.5208028157523875,200,0.04639677669172371,0.6731632233082762
breast_cancer,200,0.4,5,exact_vs_cart_binary,2.21648,0.1377681441980652,1.9448072064595308,2.488152793540469,200,,
breast_cancer,200,0.4,5,exact_vs_cart_jittered,1.3057999999999998,0.1588559645950922,0.9925429410236577,1.619057058976342,200,,
breast_cancer,200,0.4,5,fragmentation_binary,4.003319999999999,0.1568847942963467,3.6939500031940975,4.3126899968059,200,3.401222922384668,4.605417077615329
breast_cancer,200,0.4,5,fragmentation_jittered,0.5283999999999999,0.09875709604934978,0.3336552981544185,0.7231447018455812,200,0.149387112283356,0.9074128877166437
breast_cancer,200,0.4,5,grouped_vs_cart_binary,2.21648,0.1377681441980652,1.9448072064595308,2.488152793540469,200,,
breast_cancer,200,0.4,5,grouped_vs_cart_jittered,1.6655799999999996,0.15579509516150336,1.3583588425343158,1.9728011574656834,200,,
breast_cancer,200,0.4,5,interaction,0.35977999999999993,0.08165637129375954,0.19875718424761238,0.5208028157523875,200,0.04639677669172371,0.6731632233082762
breast_cancer,800,0.4,2,aggregation_binary,0.0,0.0,0.0,0.0,200,0.0,0.0
breast_cancer,800,0.4,2,aggregation_jittered,0.07116,0.05161460266281433,-0.03062175349976895,0.17294175349976895,200,-0.12692804011212352,0.26924804011212355
breast_cancer,800,0.4,2,exact_vs_cart_binary,0.63394,0.12048030169902227,0.3963580806114715,0.8715219193885284,200,,
breast_cancer,800,0.4,2,exact_vs_cart_jittered,-0.12108000000000001,0.20868409673270677,-0.5325959702328349,0.29043597023283485,200,,
breast_cancer,800,0.4,2,fragmentation_binary,9.038619999999998,0.11066664905955337,8.820390177156861,9.256849822843135,200,8.613900279474539,9.463339720525457
breast_cancer,800,0.4,2,fragmentation_jittered,0.29669999999999996,0.1110279766907431,0.07775765476991983,0.5156423452300801,200,-0.12940643433527566,0.7228064343352756
breast_cancer,800,0.4,2,grouped_vs_cart_binary,0.63394,0.12048030169902227,0.3963580806114715,0.8715219193885284,200,,
breast_cancer,800,0.4,2,grouped_vs_cart_jittered,-0.049920000000000006,0.20291730218398854,-0.4500641019831483,0.35022410198314824,200,,
breast_cancer,800,0.4,2,interaction,0.07116,0.05161460266281433,-0.03062175349976895,0.17294175349976895,200,-0.12692804011212352,0.26924804011212355
breast_cancer,800,0.4,5,aggregation_binary,0.0,0.0,0.0,0.0,200,0.0,0.0
breast_cancer,800,0.4,5,aggregation_jittered,0.08523999999999997,0.039366668450919524,0.00761064052291302,0.16286935947708692,200,-0.06584255797548787,0.2363225579754878
breast_cancer,800,0.4,5,exact_vs_cart_binary,2.20714,0.149763678168281,1.911812534745198,2.502467465254802,200,,
breast_cancer,800,0.4,5,exact_vs_cart_jittered,1.7118399999999996,0.1821224147152363,1.3527025124477872,2.070977487552212,200,,
breast_cancer,800,0.4,5,fragmentation_binary,7.198939999999999,0.10783658762289702,6.986290935327504,7.411589064672493,200,6.7850815724897435,7.612798427510254
breast_cancer,800,0.4,5,fragmentation_jittered,0.17053999999999994,0.05930274377375363,0.053597566323401416,0.2874824336765985,200,-0.05705381417998448,0.3981338141799844
breast_cancer,800,0.4,5,grouped_vs_cart_binary,2.20714,0.149763678168281,1.911812534745198,2.502467465254802,200,,
breast_cancer,800,0.4,5,grouped_vs_cart_jittered,1.7970799999999993,0.1773373305653953,1.4473784904518499,2.146781509548149,200,,
breast_cancer,800,0.4,5,interaction,0.08523999999999997,0.039366668450919524,0.00761064052291302,0.16286935947708692,200,-0.06584255797548787,0.2363225579754878
correlated,200,0.1,2,aggregation_binary,0.0,0.0,0.0,0.0,200,0.0,0.0
correlated,200,0.1,2,aggregation_jittered,0.5825600000000001,0.266588996956912,0.05685808282593541,1.1082619171740649,200,-0.44056309304469543,1.6056830930446955
correlated,200,0.1,2,exact_vs_cart_binary,0.15992,0.06817455550343143,0.025482739123714793,0.2943572608762852,200,,
correlated,200,0.1,2,exact_vs_cart_jittered,-0.42512,0.275904590835711,-0.9691918634869319,0.11895186348693193,200,,
correlated,200,0.1,2,fragmentation_binary,39.29648,0.18870768239521907,38.92435665075062,39.66860334924939,200,38.572252106510845,40.02070789348916
correlated,200,0.1,2,fragmentation_jittered,18.34944,1.2918098872341004,15.802047038942645,20.89683296105736,200,13.391694021960664,23.30718597803934
correlated,200,0.1,2,grouped_vs_cart_binary,0.15992,0.06817455550343143,0.025482739123714793,0.2943572608762852,200,,
correlated,200,0.1,2,grouped_vs_cart_jittered,0.15744000000000002,0.07512935332247489,0.00928818005052065,0.30559181994947937,200,,
correlated,200,0.1,2,interaction,0.5825600000000001,0.266588996956912,0.05685808282593541,1.1082619171740649,200,-0.44056309304469543,1.6056830930446955
correlated,200,0.1,5,aggregation_binary,0.0,0.0,0.0,0.0,200,0.0,0.0
correlated,200,0.1,5,aggregation_jittered,0.14256,0.05142965954978737,0.041142946282278395,0.2439770537177216,200,-0.054818259993673873,0.3399382599936739
correlated,200,0.1,5,exact_vs_cart_binary,2.3022400000000003,0.21027697769547601,1.8875829377284223,2.7168970622715785,200,,
correlated,200,0.1,5,exact_vs_cart_jittered,2.2036000000000002,0.2183695802254499,1.772984677209431,2.6342153227905696,200,,
correlated,200,0.1,5,fragmentation_binary,38.20024,0.3095827604045459,37.58975624963347,38.810723750366535,200,37.01211417712664,39.38836582287336
correlated,200,0.1,5,fragmentation_jittered,14.336960000000001,1.1058826254618943,12.156207519548715,16.517712480451287,200,10.092771135409183,18.58114886459082
correlated,200,0.1,5,grouped_vs_cart_binary,2.3022400000000003,0.21027697769547601,1.8875829377284223,2.7168970622715785,200,,
correlated,200,0.1,5,grouped_vs_cart_jittered,2.3461600000000002,0.21229353498631304,1.9275263743819024,2.7647936256180983,200,,
correlated,200,0.1,5,interaction,0.14256,0.05142965954978737,0.041142946282278395,0.2439770537177216,200,-0.054818259993673873,0.3399382599936739
correlated,200,0.4,2,aggregation_binary,0.0,0.0,0.0,0.0,200,0.0,0.0
correlated,200,0.4,2,aggregation_jittered,0.12165999999999996,0.06474997310490116,-0.006024133204182186,0.2493441332041821,200,-0.12683935111295933,0.3701593511129593
correlated,200,0.4,2,exact_vs_cart_binary,1.8450599999999997,0.26481364563893395,1.3228589984757637,2.367261001524236,200,,
correlated,200,0.4,2,exact_vs_cart_jittered,0.21429999999999993,0.2237552529351666,-0.22693563533568045,0.6555356353356803,200,,
correlated,200,0.4,2,fragmentation_binary,5.197899999999999,0.29805783518568646,4.610142901340777,5.785657098659221,200,4.05400487408573,6.341795125914268
correlated,200,0.4,2,fragmentation_jittered,0.29483999999999994,0.09685122026248122,0.1038536023848605,0.48582639761513935,200,-0.07685846156898446,0.6665384615689843
correlated,200,0.4,2,grouped_vs_cart_binary,1.8450599999999997,0.26481364563893395,1.3228589984757637,2.367261001524236,200,,
correlated,200,0.4,2,grouped_vs_cart_jittered,0.33595999999999987,0.2210039859391794,-0.09985025637796618,0.7717702563779659,200,,
correlated,200,0.4,2,interaction,0.12165999999999996,0.06474997310490116,-0.006024133204182186,0.2493441332041821,200,-0.12683935111295933,0.3701593511129593
correlated,200,0.4,5,aggregation_binary,0.0,0.0,0.0,0.0,200,0.0,0.0
correlated,200,0.4,5,aggregation_jittered,0.18159999999999993,0.06684132564566886,0.04979181046671832,0.31340818953328153,200,-0.07492560540170246,0.4381256054017023
correlated,200,0.4,5,exact_vs_cart_binary,1.9505399999999997,0.14757112157061095,1.6595361610766104,2.241543838923389,200,,
correlated,200,0.4,5,exact_vs_cart_jittered,0.9014399999999998,0.1505651024720272,0.604532160844705,1.1983478391552946,200,,
correlated,200,0.4,5,fragmentation_binary,3.547599999999999,0.14947880238284303,3.25283429741459,3.8423657025854085,200,2.9739258559644535,4.121274144035545
correlated,200,0.4,5,fragmentation_jittered,0.2984599999999999,0.08062872876033414,0.1394636506665496,0.4574563493334502,200,-0.010979306569985692,0.6078993065699855
correlated,200,0.4,5,grouped_vs_cart_binary,1.9505399999999997,0.14757112157061095,1.6595361610766104,2.241543838923389,200,,
correlated,200,0.4,5,grouped_vs_cart_jittered,1.0830399999999998,0.15405191121418685,0.7792563255270573,1.3868236744729423,200,,
correlated,200,0.4,5,interaction,0.18159999999999993,0.06684132564566886,0.04979181046671832,0.31340818953328153,200,-0.07492560540170246,0.4381256054017023
correlated,800,0.4,2,aggregation_binary,0.0,0.0,0.0,0.0,200,0.0,0.0
correlated,800,0.4,2,aggregation_jittered,0.04771999999999999,0.045799883785593465,-0.04259538055686279,0.13803538055686276,200,-0.12805214099116646,0.22349214099116643
correlated,800,0.4,2,exact_vs_cart_binary,0.7135199999999999,0.1067440146863363,0.5030254416798255,0.9240145583201743,200,,
correlated,800,0.4,2,exact_vs_cart_jittered,-0.10327999999999996,0.17695938780596893,-0.4522362228503469,0.24567622285034704,200,,
correlated,800,0.4,2,fragmentation_binary,9.118339999999998,0.13229013425082195,8.857469604024459,9.379210395975537,200,8.610633032049348,9.626046967950648
correlated,800,0.4,2,fragmentation_jittered,0.20489999999999994,0.09491261228018769,0.017736453082278364,0.3920635469177215,200,-0.1593584148390518,0.5691584148390517
correlated,800,0.4,2,grouped_vs_cart_binary,0.7135199999999999,0.1067440146863363,0.5030254416798255,0.9240145583201743,200,,
correlated,800,0.4,2,grouped_vs_cart_jittered,-0.05555999999999995,0.1699476095210213,-0.3906893007745187,0.2795693007745188,200,,
correlated,800,0.4,2,interaction,0.04771999999999999,0.045799883785593465,-0.04259538055686279,0.13803538055686276,200,-0.12805214099116646,0.22349214099116643
correlated,800,0.4,5,aggregation_binary,0.0,0.0,0.0,0.0,200,0.0,0.0
correlated,800,0.4,5,aggregation_jittered,0.15911999999999998,0.06775287735550237,0.025514270107090453,0.2927257298929095,200,-0.10090398536291956,0.4191439853629195
correlated,800,0.4,5,exact_vs_cart_binary,1.5931799999999998,0.14444306711012786,1.3083445485407286,1.878015451459271,200,,
correlated,800,0.4,5,exact_vs_cart_jittered,0.88268,0.18621934461689987,0.515463544716871,1.249896455283129,200,,
correlated,800,0.4,5,fragmentation_binary,7.088459999999998,0.11414471702238607,6.863371578276208,7.313548421723787,200,6.65039204795496,7.526527952045035
correlated,800,0.4,5,fragmentation_jittered,0.22173999999999996,0.0813260332267719,0.06136859656062338,0.38211140343937655,200,-0.09037544215937379,0.5338554421593737
correlated,800,0.4,5,grouped_vs_cart_binary,1.5931799999999998,0.14444306711012786,1.3083445485407286,1.878015451459271,200,,
correlated,800,0.4,5,grouped_vs_cart_jittered,1.0417999999999998,0.17485685804114198,0.6969898744788825,1.3866101255211172,200,,
correlated,800,0.4,5,interaction,0.15911999999999998,0.06775287735550237,0.025514270107090453,0.2927257298929095,200,-0.10090398536291956,0.4191439853629195
digits,200,0.1,2,aggregation_binary,0.0,0.0,0.0,0.0,200,0.0,0.0
digits,200,0.1,2,aggregation_jittered,1.7651999999999999,0.5088545331225781,0.7617609733379616,2.768639026662038,200,-0.18769689289889535,3.7180968928988953
digits,200,0.1,2,exact_vs_cart_binary,0.017920000000000005,0.04073749236786809,-0.062412564671127255,0.09825256467112727,200,,
digits,200,0.1,2,exact_vs_cart_jittered,-1.6815200000000001,0.5121500483335331,-2.691457639448955,-0.6715823605510456,200,,
digits,200,0.1,2,fragmentation_binary,39.786,0.07155394493091122,39.64489873002663,39.92710126997337,200,39.511388165704766,40.06061183429524
digits,200,0.1,2,fragmentation_jittered,23.79568,1.3229130820280692,21.186952890421612,26.40440710957839,200,18.718565266218953,28.87279473378105
digits,200,0.1,2,grouped_vs_cart_binary,0.017920000000000005,0.04073749236786809,-0.062412564671127255,0.09825256467112727,200,,
digits,200,0.1,2,grouped_vs_cart_jittered,0.08368000000000002,0.05420819986554909,-0.023216214476848684,0.19057621447684872,200,,
digits,200,0.1,2,interaction,1.7651999999999999,0.5088545331225781,0.7617609733379616,2.768639026662038,200,-0.18769689289889535,3.7180968928988953
digits,200,0.1,5,aggregation_binary,0.0,0.0,0.0,0.0,200,0.0,0.0
digits,200,0.1,5,aggregation_jittered,0.5677599999999999,0.14507657763710333,0.2816752933112086,0.8538447066887913,200,0.01098084356541329,1.1245391564345866
digits,200,0.1,5,exact_vs_cart_binary,1.9137600000000003,0.2192723437088633,1.4813644668504047,2.346155533149596,200,,
digits,200,0.1,5,exact_vs_cart_jittered,1.33752,0.2477298083349851,0.8490075832481778,1.8260324167518223,200,,
digits,200,0.1,5,fragmentation_binary,39.41144,0.12240032200174415,39.170071884010426,39.65280811598957,200,38.94168844436347,39.881191555636526
digits,200,0.1,5,fragmentation_jittered,21.54984,1.268259511779072,19.048887355940717,24.050792644059282,200,16.68247634551097,26.41720365448903
digits,200,0.1,5,grouped_vs_cart_binary,1.9137600000000003,0.2192723437088633,1.4813644668504047,2.346155533149596,200,,
digits,200,0.1,5,grouped_vs_cart_jittered,1.9052800000000003,0.2186387962465047,1.4741337949148954,2.3364262050851052,200,,
digits,200,0.1,5,interaction,0.5677599999999999,0.14507657763710333,0.2816752933112086,0.8538447066887913,200,0.01098084356541329,1.1245391564345866
digits,200,0.4,2,aggregation_binary,0.0,0.0,0.0,0.0,200,0.0,0.0
digits,200,0.4,2,aggregation_jittered,0.23535999999999993,0.09888643683005634,0.04036024375546596,0.43035975624453393,200,-0.14414927556882037,0.6148692755688202
digits,200,0.4,2,exact_vs_cart_binary,1.1880599999999994,0.23255815630141105,0.7294654217628582,1.6466545782371407,200,,
digits,200,0.4,2,exact_vs_cart_jittered,-1.5370799999999998,0.24445162045220423,-2.0191279727030933,-1.0550320272969065,200,,
digits,200,0.4,2,fragmentation_binary,4.349919999999998,0.29219979391818385,3.773714704154711,4.926125295845285,200,3.2285070371502442,5.471332962849752
digits,200,0.4,2,fragmentation_jittered,0.51674,0.14346993473499706,0.23382352329628897,0.799656476703711,200,-0.033873135052665315,1.0673531350526653
digits,200,0.4,2,grouped_vs_cart_binary,1.1880599999999994,0.23255815630141105,0.7294654217628582,1.6466545782371407,200,,
digits,200,0.4,2,grouped_vs_cart_jittered,-1.3017199999999998,0.25464180933875835,-1.803862582365071,-0.7995774176349285,200,,
digits,200,0.4,2,interaction,0.23535999999999993,0.09888643683005634,0.04036024375546596,0.43035975624453393,200,-0.14414927556882037,0.6148692755688202
digits,200,0.4,5,aggregation_binary,0.0,0.0,0.0,0.0,200,0.0,0.0
digits,200,0.4,5,aggregation_jittered,0.5012399999999999,0.09431047790789777,0.3152638358982329,0.6872161641017669,200,0.13929247416401286,0.8631875258359869
digits,200,0.4,5,exact_vs_cart_binary,1.8949799999999994,0.15452740596402256,1.5902586705433621,2.1997013294566368,200,,
digits,200,0.4,5,exact_vs_cart_jittered,-0.8077599999999998,0.151325875231478,-1.1061680499769802,-0.5093519500230194,200,,
digits,200,0.4,5,fragmentation_binary,3.6387599999999996,0.17297758971821642,3.297655709946676,3.979864290053323,200,2.974901518816989,4.302618481183011
digits,200,0.4,5,fragmentation_jittered,0.6968199999999998,0.11813743907226344,0.4638581039005857,0.9297818960994139,200,0.24342866184387496,1.1502113381561245
digits,200,0.4,5,grouped_vs_cart_binary,1.8949799999999994,0.15452740596402256,1.5902586705433621,2.1997013294566368,200,,
digits,200,0.4,5,grouped_vs_cart_jittered,-0.30651999999999996,0.16401083506308486,-0.6299422395304584,0.016902239530458385,200,,
digits,200,0.4,5,interaction,0.5012399999999999,0.09431047790789777,0.3152638358982329,0.6872161641017669,200,0.13929247416401286,0.8631875258359869
digits,800,0.4,2,aggregation_binary,0.0,0.0,0.0,0.0,200,0.0,0.0
digits,800,0.4,2,aggregation_jittered,0.17443999999999996,0.0870898423191584,0.002702615501087663,0.3461773844989122,200,-0.15979595821080986,0.5086759582108098
digits,800,0.4,2,exact_vs_cart_binary,0.69762,0.14045503680831142,0.42064877099306064,0.9745912290069394,200,,
digits,800,0.4,2,exact_vs_cart_jittered,-1.2619199999999997,0.2633768997551286,-1.7812878010762425,-0.742552198923757,200,,
digits,800,0.4,2,fragmentation_binary,8.979199999999999,0.10359369026787577,8.774917744533317,9.18348225546668,200,8.581625088744701,9.376774911255296
digits,800,0.4,2,fragmentation_jittered,0.5078599999999999,0.14887134880316077,0.21429216947637264,0.8014278305236271,200,-0.06348284082190991,1.0792028408219096
digits,800,0.4,2,grouped_vs_cart_binary,0.69762,0.14045503680831142,0.42064877099306064,0.9745912290069394,200,,
digits,800,0.4,2,grouped_vs_cart_jittered,-1.08748,0.2553569708482695,-1.591032849783947,-0.5839271502160529,200,,
digits,800,0.4,2,interaction,0.17443999999999996,0.0870898423191584,0.002702615501087663,0.3461773844989122,200,-0.15979595821080986,0.5086759582108098
digits,800,0.4,5,aggregation_binary,0.0,0.0,0.0,0.0,200,0.0,0.0
digits,800,0.4,5,aggregation_jittered,0.21827999999999995,0.0882829918002671,0.044189776573547584,0.39237022342645234,200,-0.12053506238056641,0.5570950623805663
digits,800,0.4,5,exact_vs_cart_binary,2.0352799999999998,0.12845219359042082,1.7819778562261792,2.2885821437738203,200,,
digits,800,0.4,5,exact_vs_cart_jittered,-1.8254599999999996,0.22922983165505093,-2.2774912666693643,-1.373428733330635,200,,
digits,800,0.4,5,fragmentation_binary,6.439159999999998,0.09953393134729097,6.242883412704838,6.635436587295159,200,6.057165750929778,6.821154249070219
digits,800,0.4,5,fragmentation_jittered,0.42293999999999987,0.11904228032309616,0.18819379627449942,0.6576862037255004,200,-0.03392396452043073,0.8798039645204305
digits,800,0.4,5,grouped_vs_cart_binary,2.0352799999999998,0.12845219359042082,1.7819778562261792,2.2885821437738203,200,,
digits,800,0.4,5,grouped_vs_cart_jittered,-1.6071799999999996,0.23450776382557642,-2.0696191195531366,-1.1447408804468626,200,,
digits,800,0.4,5,interaction,0.21827999999999995,0.0882829918002671,0.044189776573547584,0.39237022342645234,200,-0.12053506238056641,0.5570950623805663
gaussian,200,0.1,2,aggregation_binary,0.0,0.0,0.0,0.0,200,0.0,0.0
gaussian,200,0.1,2,aggregation_jittered,0.11376000000000001,0.031319762926126114,0.051998788533486044,0.17552121146651398,200,-0.006439907288686403,0.23395990728868643
gaussian,200,0.1,2,exact_vs_cart_binary,0.10392000000000001,0.04276482807872627,0.019589617406455456,0.18825038259354457,200,,
gaussian,200,0.1,2,exact_vs_cart_jittered,0.07192000000000001,0.05420158880647069,-0.03496317775563462,0.17880317775563465,200,,
gaussian,200,0.1,2,fragmentation_binary,39.36376,0.14889027261171886,39.07015485254824,39.657365147451756,200,38.79234453282905,39.93517546717095
gaussian,200,0.1,2,fragmentation_jittered,20.21792,1.339881301263428,17.575732299456188,22.86010770054381,200,15.075684135393185,25.360155864606813
gaussian,200,0.1,2,grouped_vs_cart_binary,0.10392000000000001,0.04276482807872627,0.019589617406455456,0.18825038259354457,200,,
gaussian,200,0.1,2,grouped_vs_cart_jittered,0.18568,0.051945439950570174,0.0832458497455592,0.2881141502544408,200,,
gaussian,200,0.1,2,interaction,0.11376000000000001,0.031319762926126114,0.051998788533486044,0.17552121146651398,200,-0.006439907288686403,0.23395990728868643
gaussian,200,0.1,5,aggregation_binary,0.0,0.0,0.0,0.0,200,0.0,0.0
gaussian,200,0.1,5,aggregation_jittered,0.11616,0.03085368733410243,0.05531786934729204,0.17700213065270795,200,-0.0022511886740881615,0.23457118867408816
gaussian,200,0.1,5,exact_vs_cart_binary,1.42976,0.19009419435013827,1.0549025094274285,1.8046174905725714,200,,
gaussian,200,0.1,5,exact_vs_cart_jittered,1.7015200000000001,0.192185357679852,1.3225388262143052,2.080501173785695,200,,
gaussian,200,0.1,5,fragmentation_binary,38.94192,0.2103672423436127,38.52708493976482,39.35675506023519,200,38.13456641032178,39.749273589678225
gaussian,200,0.1,5,fragmentation_jittered,18.23536,1.2528455274013826,15.764803063307259,20.70591693669274,200,13.427152588089106,23.043567411910892
gaussian,200,0.1,5,grouped_vs_cart_binary,1.42976,0.19009419435013827,1.0549025094274285,1.8046174905725714,200,,
gaussian,200,0.1,5,grouped_vs_cart_jittered,1.8176800000000002,0.19531367964194515,1.4325299112486367,2.2028300887513637,200,,
gaussian,200,0.1,5,interaction,0.11616,0.03085368733410243,0.05531786934729204,0.17700213065270795,200,-0.0022511886740881615,0.23457118867408816
gaussian,200,0.4,2,aggregation_binary,0.0,0.0,0.0,0.0,200,0.0,0.0
gaussian,200,0.4,2,aggregation_jittered,0.14595999999999998,0.06482830196510155,0.01812140568734208,0.27379859431265785,200,-0.10283996391632957,0.3947599639163295
gaussian,200,0.4,2,exact_vs_cart_binary,1.6065199999999995,0.2274217905171139,1.1580541118848617,2.0549858881151373,200,,
gaussian,200,0.4,2,exact_vs_cart_jittered,-0.12646,0.21508486146205347,-0.5505980001290708,0.29767800012907086,200,,
gaussian,200,0.4,2,fragmentation_binary,4.307559999999999,0.2892638388640582,3.7371442799373167,4.877975720062681,200,3.1974147318049595,5.4177052681950375
gaussian,200,0.4,2,fragmentation_jittered,0.28017999999999993,0.09405696252269138,0.09470375722115856,0.4656562427788413,200,-0.0807945770346204,0.6411545770346203
gaussian,200,0.4,2,grouped_vs_cart_binary,1.6065199999999995,0.2274217905171139,1.1580541118848617,2.0549858881151373,200,,
gaussian,200,0.4,2,grouped_vs_cart_jittered,0.019499999999999983,0.2262071162612621,-0.42657060326717955,0.4655706032671795,200,,
gaussian,200,0.4,2,interaction,0.14595999999999998,0.06482830196510155,0.01812140568734208,0.27379859431265785,200,-0.10283996391632957,0.3947599639163295
gaussian,200,0.4,5,aggregation_binary,0.0,0.0,0.0,0.0,200,0.0,0.0
gaussian,200,0.4,5,aggregation_jittered,0.18891999999999995,0.06730068259228084,0.05620597852970041,0.3216340214702995,200,-0.06936853900134074,0.4472085390013406
gaussian,200,0.4,5,exact_vs_cart_binary,1.9181399999999997,0.15629498171260234,1.609933087978494,2.2263469120215054,200,,
gaussian,200,0.4,5,exact_vs_cart_jittered,0.82404,0.15237562682480174,0.5235618854987285,1.1245181145012715,200,,
gaussian,200,0.4,5,fragmentation_binary,3.5744399999999996,0.16690978826628314,3.2453011507290217,3.9035788492709775,200,2.9338687056864696,4.21501129431353
gaussian,200,0.4,5,fragmentation_jittered,0.30901999999999996,0.0846963621818208,0.14200245432144146,0.4760375456785585,200,-0.016030189746218337,0.6340701897462182
gaussian,200,0.4,5,grouped_vs_cart_binary,1.9181399999999997,0.15629498171260234,1.609933087978494,2.2263469120215054,200,,
gaussian,200,0.4,5,grouped_vs_cart_jittered,1.0129599999999999,0.15606461550609516,0.7052073601269899,1.3207126398730098,200,,
gaussian,200,0.4,5,interaction,0.18891999999999995,0.06730068259228084,0.05620597852970041,0.3216340214702995,200,-0.06936853900134074,0.4472085390013406
gaussian,200,0.5,2,aggregation_binary,0.0,0.0,0.0,0.0,200,0.0,0.0
gaussian,200,0.5,2,aggregation_jittered,0.0,0.0,0.0,0.0,200,0.0,0.0
gaussian,200,0.5,2,exact_vs_cart_binary,0.0,0.0,0.0,0.0,200,,
gaussian,200,0.5,2,exact_vs_cart_jittered,0.0,0.0,0.0,0.0,200,,
gaussian,200,0.5,2,fragmentation_binary,0.0,0.0,0.0,0.0,200,0.0,0.0
gaussian,200,0.5,2,fragmentation_jittered,0.0,0.0,0.0,0.0,200,0.0,0.0
gaussian,200,0.5,2,grouped_vs_cart_binary,0.0,0.0,0.0,0.0,200,,
gaussian,200,0.5,2,grouped_vs_cart_jittered,0.0,0.0,0.0,0.0,200,,
gaussian,200,0.5,2,interaction,0.0,0.0,0.0,0.0,200,0.0,0.0
gaussian,200,0.5,5,aggregation_binary,0.0,0.0,0.0,0.0,200,0.0,0.0
gaussian,200,0.5,5,aggregation_jittered,0.0,0.0,0.0,0.0,200,0.0,0.0
gaussian,200,0.5,5,exact_vs_cart_binary,0.0,0.0,0.0,0.0,200,,
gaussian,200,0.5,5,exact_vs_cart_jittered,0.0,0.0,0.0,0.0,200,,
gaussian,200,0.5,5,fragmentation_binary,0.0,0.0,0.0,0.0,200,0.0,0.0
gaussian,200,0.5,5,fragmentation_jittered,0.0,0.0,0.0,0.0,200,0.0,0.0
gaussian,200,0.5,5,grouped_vs_cart_binary,0.0,0.0,0.0,0.0,200,,
gaussian,200,0.5,5,grouped_vs_cart_jittered,0.0,0.0,0.0,0.0,200,,
gaussian,200,0.5,5,interaction,0.0,0.0,0.0,0.0,200,0.0,0.0
gaussian,800,0.4,2,aggregation_binary,0.0,0.0,0.0,0.0,200,0.0,0.0
gaussian,800,0.4,2,aggregation_jittered,0.014519999999999995,0.009514836233100047,-0.004242843577322904,0.03328284357732289,200,-0.021996318331759485,0.05103631833175948
gaussian,800,0.4,2,exact_vs_cart_binary,0.7796599999999998,0.12165828006156292,0.5397551584704752,1.0195648415295244,200,,
gaussian,800,0.4,2,exact_vs_cart_jittered,0.5832599999999999,0.14114566431447287,0.30492688356264686,0.8615931164373529,200,,
gaussian,800,0.4,2,fragmentation_binary,8.941499999999998,0.12580800060042036,8.693412089897068,9.189587910102928,200,8.458670355215839,9.424329644784157
gaussian,800,0.4,2,fragmentation_jittered,0.23375999999999994,0.09057193876947932,0.05515607261816971,0.41236392738183014,200,-0.11383965037815055,0.5813596503781504
gaussian,800,0.4,2,grouped_vs_cart_binary,0.7796599999999998,0.12165828006156292,0.5397551584704752,1.0195648415295244,200,,
gaussian,800,0.4,2,grouped_vs_cart_jittered,0.5977799999999999,0.14081004046401444,0.3201087192109645,0.8754512807890352,200,,
gaussian,800,0.4,2,interaction,0.014519999999999995,0.009514836233100047,-0.004242843577322904,0.03328284357732289,200,-0.021996318331759485,0.05103631833175948
gaussian,800,0.4,5,aggregation_binary,0.0,0.0,0.0,0.0,200,0.0,0.0
gaussian,800,0.4,5,aggregation_jittered,0.0923,0.04297494829437869,0.007555269472120568,0.17704473052787942,200,-0.07263052048013485,0.25723052048013484
gaussian,800,0.4,5,exact_vs_cart_binary,2.3412399999999995,0.15371623635320034,2.0381182617659195,2.6443617382340796,200,,
gaussian,800,0.4,5,exact_vs_cart_jittered,1.7848399999999998,0.16002261546199173,1.4692823562118207,2.100397643788179,200,,
gaussian,800,0.4,5,fragmentation_binary,7.211219999999998,0.09882868054614742,7.01633413663749,7.406105863362506,200,6.831932383196206,7.59050761680379
gaussian,800,0.4,5,fragmentation_jittered,0.22934,0.07737365984746328,0.07676250511126814,0.38191749488873183,200,-0.06760690736287078,0.5262869073628708
gaussian,800,0.4,5,grouped_vs_cart_binary,2.3412399999999995,0.15371623635320034,2.0381182617659195,2.6443617382340796,200,,
gaussian,800,0.4,5,grouped_vs_cart_jittered,1.8771399999999998,0.15739596612608536,1.5667619945592097,2.18751800544079,200,,
gaussian,800,0.4,5,interaction,0.0923,0.04297494829437869,0.007555269472120568,0.17704473052787942,200,-0.07263052048013485,0.25723052048013484
majority,200,0.1,2,aggregation_binary,0.0,0.0,0.0,0.0,200,0.0,0.0
majority,200,0.1,2,aggregation_jittered,0.24288000000000004,0.054891514094602904,0.13463631955738994,0.3511236804426101,200,0.03221573281925921,0.45354426718074087
majority,200,0.1,2,exact_vs_cart_binary,0.30264,0.08783075749308467,0.12944156297513013,0.47583843702486994,200,,
majority,200,0.1,2,exact_vs_cart_jittered,-0.23648000000000002,0.080505351412376,-0.3952330545647321,-0.0777269454352679,200,,
majority,200,0.1,2,fragmentation_binary,14.941759999999999,0.5741090125607833,13.809641975568203,16.073878024431792,200,12.738427546744392,17.145092453255607
majority,200,0.1,2,fragmentation_jittered,0.66648,0.08217885903541011,0.5044268611261744,0.8285331388738255,200,0.3510915578701762,0.9818684421298237
majority,200,0.1,2,grouped_vs_cart_binary,0.30264,0.08783075749308467,0.12944156297513013,0.47583843702486994,200,,
majority,200,0.1,2,grouped_vs_cart_jittered,0.006399999999999997,0.06742560836445292,-0.1265603696642797,0.13936036966427967,200,,
majority,200,0.1,2,interaction,0.24288000000000004,0.054891514094602904,0.13463631955738994,0.3511236804426101,200,0.03221573281925921,0.45354426718074087
majority,200,0.1,5,aggregation_binary,0.0,0.0,0.0,0.0,200,0.0,0.0
majority,200,0.1,5,aggregation_jittered,3.41136,0.26737186035660665,2.8841143102216544,3.938605689778346,200,2.38523241077553,4.437487589224471
majority,200,0.1,5,exact_vs_cart_binary,1.6650400000000003,0.24877854977093716,1.174459510710327,2.1556204892896735,200,,
majority,200,0.1,5,exact_vs_cart_jittered,0.20239999999999994,0.3227867949202296,-0.43412153264023423,0.8389215326402341,200,,
majority,200,0.1,5,fragmentation_binary,39.196000000000005,0.1800829557586555,38.84088423688395,39.55111576311606,200,38.504872336054426,39.887127663945584
majority,200,0.1,5,fragmentation_jittered,9.61768,0.5150707212875123,8.601982920405835,10.633377079594165,200,7.640926437340337,11.594433562659663
majority,200,0.1,5,grouped_vs_cart_binary,1.6650400000000003,0.24877854977093716,1.174459510710327,2.1556204892896735,200,,
majority,200,0.1,5,grouped_vs_cart_jittered,3.6137599999999996,0.26815171980835945,3.0849764612721753,4.142543538727824,200,,
majority,200,0.1,5,interaction,3.41136,0.26737186035660665,2.8841143102216544,3.938605689778346,200,2.38523241077553,4.437487589224471
majority,200,0.4,2,aggregation_binary,0.0,0.0,0.0,0.0,200,0.0,0.0
majority,200,0.4,2,aggregation_jittered,0.038299999999999994,0.044787789411869935,-0.05001957443320069,0.12661957443320068,200,-0.13358789543745922,0.21018789543745922
majority,200,0.4,2,exact_vs_cart_binary,0.8682999999999997,0.12234590040836538,0.6270392010276389,1.1095607989723606,200,,
majority,200,0.4,2,exact_vs_cart_jittered,0.00031999999999996474,0.12111962228521254,-0.23852263180233976,0.23916263180233968,200,,
majority,200,0.4,2,fragmentation_binary,1.5824999999999994,0.14645426524702246,1.2936985532128966,1.871301446787102,200,1.0204335135375435,2.1445664864624554
majority,200,0.4,2,fragmentation_jittered,0.06211999999999999,0.0501132138162678,-0.03670107993835849,0.16094107993835846,200,-0.1302059658402069,0.2544459658402069
majority,200,0.4,2,grouped_vs_cart_binary,0.8682999999999997,0.12234590040836538,0.6270392010276389,1.1095607989723606,200,,
majority,200,0.4,2,grouped_vs_cart_jittered,0.03861999999999993,0.12194635808110967,-0.20185291886542436,0.2790929188654242,200,,
majority,200,0.4,2,interaction,0.038299999999999994,0.044787789411869935,-0.05001957443320069,0.12661957443320068,200,-0.13358789543745922,0.21018789543745922
majority,200,0.4,5,aggregation_binary,0.0,0.0,0.0,0.0,200,0.0,0.0
majority,200,0.4,5,aggregation_jittered,0.27945999999999993,0.05791817258493131,0.16524788054017875,0.3936721194598211,200,0.05717993384944908,0.5017400661505508
majority,200,0.4,5,exact_vs_cart_binary,2.0544999999999995,0.12860104311963133,1.8009043314229438,2.3080956685770553,200,,
majority,200,0.4,5,exact_vs_cart_jittered,0.32136,0.08059207258045958,0.1624359350603405,0.48028406493965947,200,,
majority,200,0.4,5,fragmentation_binary,2.5809599999999993,0.14090752586796473,2.3030964822306754,2.858823517769323,200,2.040180953059031,3.1217390469409674
majority,200,0.4,5,fragmentation_jittered,0.29871999999999993,0.056745360937610546,0.18682061414328482,0.41061938585671504,200,0.0809409848825478,0.516499015117452
majority,200,0.4,5,grouped_vs_cart_binary,2.0544999999999995,0.12860104311963133,1.8009043314229438,2.3080956685770553,200,,
majority,200,0.4,5,grouped_vs_cart_jittered,0.6008199999999999,0.09207651307090467,0.4192491174781645,0.7823908825218353,200,,
majority,200,0.4,5,interaction,0.27945999999999993,0.05791817258493131,0.16524788054017875,0.3936721194598211,200,0.05717993384944908,0.5017400661505508
majority,800,0.4,2,aggregation_binary,0.0,0.0,0.0,0.0,200,0.0,0.0
majority,800,0.4,2,aggregation_jittered,0.07935999999999999,0.04099944786979623,-0.0014891295374565988,0.16020912953745658,200,-0.07798888685015953,0.2367088868501595
majority,800,0.4,2,exact_vs_cart_binary,1.2994799999999997,0.12930915410238117,1.0444879673364558,1.5544720326635437,200,,
majority,800,0.4,2,exact_vs_cart_jittered,-0.35375999999999996,0.1432757011664002,-0.6362934565470035,-0.0712265434529964,200,,
majority,800,0.4,2,fragmentation_binary,4.029439999999999,0.12034264327724718,3.792129537037161,4.266750462962837,200,3.5675854642897655,4.491294535710233
majority,800,0.4,2,fragmentation_jittered,0.07797999999999998,0.04103607921067658,-0.002941364949830258,0.1589013649498302,200,-0.07950947168753726,0.23546947168753724
majority,800,0.4,2,grouped_vs_cart_binary,1.2994799999999997,0.12930915410238117,1.0444879673364558,1.5544720326635437,200,,
majority,800,0.4,2,grouped_vs_cart_jittered,-0.2743999999999999,0.14329494901098325,-0.5569714124600917,0.008171412460091843,200,,
majority,800,0.4,2,interaction,0.07935999999999999,0.04099944786979623,-0.0014891295374565988,0.16020912953745658,200,-0.07798888685015953,0.2367088868501595
majority,800,0.4,5,aggregation_binary,0.0,0.0,0.0,0.0,200,0.0,0.0
majority,800,0.4,5,aggregation_jittered,0.4097399999999999,0.07258606025066773,0.26660344346741477,0.552876556532585,200,0.13116708317554843,0.6883129168244513
majority,800,0.4,5,exact_vs_cart_binary,4.402199999999999,0.14542397485391306,4.115430241096066,4.688969758903932,200,,
majority,800,0.4,5,exact_vs_cart_jittered,0.25249999999999995,0.12075698904001392,0.014372465198692036,0.49062753480130783,200,,
majority,800,0.4,5,fragmentation_binary,6.304639999999999,0.14383089579406996,6.02101172377363,6.588268276226368,200,5.752641557978768,6.8566384420212305
majority,800,0.4,5,fragmentation_jittered,0.4434799999999999,0.07442155255990789,0.29672393239628925,0.5902360676037105,200,0.15786277680834654,0.7290972231916533
majority,800,0.4,5,grouped_vs_cart_binary,4.402199999999999,0.14542397485391306,4.115430241096066,4.688969758903932,200,,
majority,800,0.4,5,grouped_vs_cart_jittered,0.6622399999999999,0.1378205800066406,0.3904638053236577,0.9340161946763421,200,,
majority,800,0.4,5,interaction,0.4097399999999999,0.07258606025066773,0.26660344346741477,0.552876556532585,200,0.13116708317554843,0.6883129168244513
mixed,200,0.1,2,aggregation_binary,0.0,0.0,0.0,0.0,200,0.0,0.0
mixed,200,0.1,2,aggregation_jittered,0.34743999999999997,0.20005985444059976,-0.047069339205722094,0.741949339205722,200,-0.42035559323830884,1.115235593238309
mixed,200,0.1,2,exact_vs_cart_binary,0.07024000000000001,0.054269283093083,-0.036776667947128056,0.17725666794712808,200,,
mixed,200,0.1,2,exact_vs_cart_jittered,-0.12639999999999998,0.2012246965271965,-0.5232063571814036,0.2704063571814036,200,,
mixed,200,0.1,2,fragmentation_binary,39.49632,0.11260122676661535,39.27427527398706,39.718364726012936,200,39.06417570025342,39.92846429974657
mixed,200,0.1,2,fragmentation_jittered,21.37672,1.3284332491681612,18.757107360704357,23.99633263929564,200,16.27841980641767,26.475020193582328
mixed,200,0.1,2,grouped_vs_cart_binary,0.07024000000000001,0.054269283093083,-0.036776667947128056,0.17725666794712808,200,,
mixed,200,0.1,2,grouped_vs_cart_jittered,0.22104000000000001,0.06171478726232611,0.09934112138109684,0.3427388786189032,200,,
mixed,200,0.1,2,interaction,0.34743999999999997,0.20005985444059976,-0.047069339205722094,0.741949339205722,200,-0.42035559323830884,1.115235593238309
mixed,200,0.1,5,aggregation_binary,0.0,0.0,0.0,0.0,200,0.0,0.0
mixed,200,0.1,5,aggregation_jittered,0.20224,0.05686182946627075,0.09011094326599432,0.31436905673400567,200,-0.015986001462145294,0.4204660014621453
mixed,200,0.1,5,exact_vs_cart_binary,1.7012,0.19561806906501153,1.3154496685338204,2.0869503314661797,200,,
mixed,200,0.1,5,exact_vs_cart_jittered,1.4484000000000001,0.2005175033400542,1.0529881970520303,1.84381180294797,200,,
mixed,200,0.1,5,fragmentation_binary,39.37456,0.1266667849280943,39.124778604522014,39.62434139547799,200,38.888434487465794,39.86068551253421
mixed,200,0.1,5,fragmentation_jittered,18.222640000000002,1.2504178242604111,15.756870388403595,20.68840961159641,200,13.423749698603562,23.021530301396442
mixed,200,0.1,5,grouped_vs_cart_binary,1.7012,0.19561806906501153,1.3154496685338204,2.0869503314661797,200,,
mixed,200,0.1,5,grouped_vs_cart_jittered,1.65064,0.1950512911593117,1.2660073299341013,2.0352726700658987,200,,
mixed,200,0.1,5,interaction,0.20224,0.05686182946627075,0.09011094326599432,0.31436905673400567,200,-0.015986001462145294,0.4204660014621453
mixed,200,0.4,2,aggregation_binary,0.0,0.0,0.0,0.0,200,0.0,0.0
mixed,200,0.4,2,aggregation_jittered,0.06702,0.06421253965734598,-0.05960433780017721,0.1936443378001772,200,-0.17941677322172997,0.31345677322172993
mixed,200,0.4,2,exact_vs_cart_binary,2.2775199999999995,0.2555889626669859,1.7735096724309223,2.781530327569077,200,,
mixed,200,0.4,2,exact_vs_cart_jittered,0.11220000000000001,0.2455434170329988,-0.3720009481155803,0.5964009481155803,200,,
mixed,200,0.4,2,fragmentation_binary,5.530079999999999,0.2858748841977471,4.966347151269714,6.093812848730284,200,4.432940961694278,6.62721903830572
mixed,200,0.4,2,fragmentation_jittered,0.19827999999999996,0.09055597124231062,0.019707559887865517,0.37685244011213437,200,-0.14925836973276907,0.545818369732769
mixed,200,0.4,2,grouped_vs_cart_binary,2.2775199999999995,0.2555889626669859,1.7735096724309223,2.781530327569077,200,,
mixed,200,0.4,2,grouped_vs_cart_jittered,0.17921999999999996,0.24217330344716473,-0.2983352305751311,0.656775230575131,200,,
mixed,200,0.4,2,interaction,0.06702,0.06421253965734598,-0.05960433780017721,0.1936443378001772,200,-0.17941677322172997,0.31345677322172993
mixed,200,0.4,5,aggregation_binary,0.0,0.0,0.0,0.0,200,0.0,0.0
mixed,200,0.4,5,aggregation_jittered,0.2252599999999999,0.10978293275194502,0.00877282731291068,0.44174717268708913,200,-0.19606816808955546,0.6465881680895553
mixed,200,0.4,5,exact_vs_cart_binary,2.6846399999999995,0.16407136194673116,2.3610984040852316,3.0081815959147673,200,,
mixed,200,0.4,5,exact_vs_cart_jittered,0.7379399999999998,0.15449607232489465,0.433280459118096,1.0425995408819038,200,,
mixed,200,0.4,5,fragmentation_binary,4.452179999999999,0.16846319084997993,4.119977908338247,4.784382091661752,200,3.805647011564366,5.098712988435633
mixed,200,0.4,5,fragmentation_jittered,0.26665999999999995,0.1175745956818425,0.03480800660771399,0.4985119933922859,200,-0.18457124123884544,0.7178912412388454
mixed,200,0.4,5,grouped_vs_cart_binary,2.6846399999999995,0.16407136194673116,2.3610984040852316,3.0081815959147673,200,,
mixed,200,0.4,5,grouped_vs_cart_jittered,0.9631999999999996,0.1575052108893113,0.6526065686334411,1.273793431366558,200,,
mixed,200,0.4,5,interaction,0.2252599999999999,0.10978293275194502,0.00877282731291068,0.44174717268708913,200,-0.19606816808955546,0.6465881680895553
mixed,200,0.5,2,aggregation_binary,0.0,0.0,0.0,0.0,200,0.0,0.0
mixed,200,0.5,2,aggregation_jittered,0.0,0.0,0.0,0.0,200,0.0,0.0
mixed,200,0.5,2,exact_vs_cart_binary,0.0,0.0,0.0,0.0,200,,
mixed,200,0.5,2,exact_vs_cart_jittered,0.0,0.0,0.0,0.0,200,,
mixed,200,0.5,2,fragmentation_binary,0.0,0.0,0.0,0.0,200,0.0,0.0
mixed,200,0.5,2,fragmentation_jittered,0.0,0.0,0.0,0.0,200,0.0,0.0
mixed,200,0.5,2,grouped_vs_cart_binary,0.0,0.0,0.0,0.0,200,,
mixed,200,0.5,2,grouped_vs_cart_jittered,0.0,0.0,0.0,0.0,200,,
mixed,200,0.5,2,interaction,0.0,0.0,0.0,0.0,200,0.0,0.0
mixed,200,0.5,5,aggregation_binary,0.0,0.0,0.0,0.0,200,0.0,0.0
mixed,200,0.5,5,aggregation_jittered,0.0,0.0,0.0,0.0,200,0.0,0.0
mixed,200,0.5,5,exact_vs_cart_binary,0.0,0.0,0.0,0.0,200,,
mixed,200,0.5,5,exact_vs_cart_jittered,0.0,0.0,0.0,0.0,200,,
mixed,200,0.5,5,fragmentation_binary,0.0,0.0,0.0,0.0,200,0.0,0.0
mixed,200,0.5,5,fragmentation_jittered,0.0,0.0,0.0,0.0,200,0.0,0.0
mixed,200,0.5,5,grouped_vs_cart_binary,0.0,0.0,0.0,0.0,200,,
mixed,200,0.5,5,grouped_vs_cart_jittered,0.0,0.0,0.0,0.0,200,,
mixed,200,0.5,5,interaction,0.0,0.0,0.0,0.0,200,0.0,0.0
mixed,800,0.4,2,aggregation_binary,0.0,0.0,0.0,0.0,200,0.0,0.0
mixed,800,0.4,2,aggregation_jittered,0.006039999999999998,0.026747026171992004,-0.04670397329906948,0.058783973299069474,200,-0.09661052368706305,0.10869052368706306
mixed,800,0.4,2,exact_vs_cart_binary,0.7665199999999999,0.11733452519190608,0.5351414151814252,0.9978985848185745,200,,
mixed,800,0.4,2,exact_vs_cart_jittered,0.4035199999999999,0.16050142674736473,0.0870181611641691,0.7200218388358306,200,,
mixed,800,0.4,2,fragmentation_binary,8.945319999999999,0.14169780317678046,8.665898089719784,9.224741910280214,200,8.401508003560783,9.489131996439214
mixed,800,0.4,2,fragmentation_jittered,0.09065999999999998,0.059991545652272875,-0.027640721048635852,0.2089607210486358,200,-0.13957731828739334,0.32089731828739326
mixed,800,0.4,2,grouped_vs_cart_binary,0.7665199999999999,0.11733452519190608,0.5351414151814252,0.9978985848185745,200,,
mixed,800,0.4,2,grouped_vs_cart_jittered,0.40956,0.1602994529155515,0.09345644478358045,0.7256635552164195,200,,
mixed,800,0.4,2,interaction,0.006039999999999998,0.026747026171992004,-0.04670397329906948,0.058783973299069474,200,-0.09661052368706305,0.10869052368706306
mixed,800,0.4,5,aggregation_binary,0.0,0.0,0.0,0.0,200,0.0,0.0
mixed,800,0.4,5,aggregation_jittered,-0.16105999999999998,0.07843816360387167,-0.3157366500375594,-0.006383349962440554,200,-0.4620922911868336,0.13997229118683363
mixed,800,0.4,5,exact_vs_cart_binary,1.5761399999999994,0.1349111701124318,1.3101010352044462,1.8421789647955527,200,,
mixed,800,0.4,5,exact_vs_cart_jittered,2.2369199999999996,0.14431235166198023,1.9523423137241376,2.5214976862758616,200,,
mixed,800,0.4,5,fragmentation_binary,6.718499999999999,0.09738475085192988,6.526461503247439,6.910538496752559,200,6.344753939043412,7.092246060956586
mixed,800,0.4,5,fragmentation_jittered,0.007999999999999981,0.10907188906828659,-0.2070850254418518,0.22308502544185177,200,-0.41059930372824005,0.42659930372824006
mixed,800,0.4,5,grouped_vs_cart_binary,1.5761399999999994,0.1349111701124318,1.3101010352044462,1.8421789647955527,200,,
mixed,800,0.4,5,grouped_vs_cart_jittered,2.0758599999999996,0.15997183766598153,1.7604024878189655,2.3913175121810335,200,,
mixed,800,0.4,5,interaction,-0.16105999999999998,0.07843816360387167,-0.3157366500375594,-0.006383349962440554,200,-0.4620922911868336,0.13997229118683363
wine,200,0.1,2,aggregation_binary,0.0,0.0,0.0,0.0,200,0.0,0.0
wine,200,0.1,2,aggregation_jittered,0.6611199999999999,0.2868252705167994,0.09551303074829431,1.2267269692517055,200,-0.43966645887234423,1.761906458872344
wine,200,0.1,2,exact_vs_cart_binary,0.03976,0.02813091634254663,-0.01571294457741708,0.09523294457741707,200,,
wine,200,0.1,2,exact_vs_cart_jittered,-0.54648,0.2909351735767275,-1.1201915194869614,0.027231519486961453,200,,
wine,200,0.1,2,fragmentation_binary,39.604000000000006,0.12251497867607862,39.36240578603114,39.84559421396887,200,39.1338084116066,40.07419158839341
wine,200,0.1,2,fragmentation_jittered,17.98208,1.3146093652809652,15.389727459002657,20.574432540997343,200,12.936833514567692,23.027326485432308
wine,200,0.1,2,grouped_vs_cart_binary,0.03976,0.02813091634254663,-0.01571294457741708,0.09523294457741707,200,,
wine,200,0.1,2,grouped_vs_cart_jittered,0.11463999999999999,0.05872248293464822,-0.0011581845175529792,0.23043818451755296,200,,
wine,200,0.1,2,interaction,0.6611199999999999,0.2868252705167994,0.09551303074829431,1.2267269692517055,200,-0.43966645887234423,1.761906458872344
wine,200,0.1,5,aggregation_binary,0.0,0.0,0.0,0.0,200,0.0,0.0
wine,200,0.1,5,aggregation_jittered,0.50616,0.09454686999116169,0.31971768098263204,0.692602319017368,200,0.14330524167444653,0.8690147583255536
wine,200,0.1,5,exact_vs_cart_binary,0.86712,0.15982236159036572,0.5519572481444852,1.1822827518555148,200,,
wine,200,0.1,5,exact_vs_cart_jittered,0.7332000000000001,0.2118067555781513,0.3155262822214326,1.1508737177785675,200,,
wine,200,0.1,5,fragmentation_binary,39.28,0.15913607969061092,38.96619056622791,39.593809433772094,200,38.66926287308707,39.89073712691293
wine,200,0.1,5,fragmentation_jittered,15.406720000000002,1.169001513816181,13.101499814592735,17.71194018540727,200,10.920291609323197,19.893148390676807
wine,200,0.1,5,grouped_vs_cart_binary,0.86712,0.15982236159036572,0.5519572481444852,1.1822827518555148,200,,
wine,200,0.1,5,grouped_vs_cart_jittered,1.23936,0.18131266631659845,0.8818193011016768,1.5969006988983232,200,,
wine,200,0.1,5,interaction,0.50616,0.09454686999116169,0.31971768098263204,0.692602319017368,200,0.14330524167444653,0.8690147583255536
wine,200,0.4,2,aggregation_binary,0.0,0.0,0.0,0.0,200,0.0,0.0
wine,200,0.4,2,aggregation_jittered,0.05919999999999999,0.051218126502363015,-0.04179991974052813,0.1601999197405281,200,-0.13736643224296985,0.2557664322429698
wine,200,0.4,2,exact_vs_cart_binary,2.1190799999999994,0.24049532589404807,1.6448336682418403,2.5933263317581585,200,,
wine,200,0.4,2,exact_vs_cart_jittered,-0.8670599999999999,0.25104825615124854,-1.3621162516398528,-0.372003748360147,200,,
wine,200,0.4,2,fragmentation_binary,5.600939999999998,0.27797529405059096,5.052784799757285,6.14909520024271,200,4.534118241092159,6.667761758907837
wine,200,0.4,2,fragmentation_jittered,0.45767999999999986,0.12731624649315393,0.2066178945385559,0.7087421054614438,200,-0.030938035229601424,0.9462980352296011
wine,200,0.4,2,grouped_vs_cart_binary,2.1190799999999994,0.24049532589404807,1.6448336682418403,2.5933263317581585,200,,
wine,200,0.4,2,grouped_vs_cart_jittered,-0.8078599999999999,0.24988730143625834,-1.300626899392051,-0.31509310060794904,200,,
wine,200,0.4,2,interaction,0.05919999999999999,0.051218126502363015,-0.04179991974052813,0.1601999197405281,200,-0.13736643224296985,0.2557664322429698
wine,200,0.4,5,aggregation_binary,0.0,0.0,0.0,0.0,200,0.0,0.0
wine,200,0.4,5,aggregation_jittered,0.47205999999999987,0.10057787393670706,0.27372480328381976,0.67039519671618,200,0.08605927735721514,0.8580607226427845
wine,200,0.4,5,exact_vs_cart_binary,2.20416,0.14436541809487663,1.919477669024508,2.488842330975492,200,,
wine,200,0.4,5,exact_vs_cart_jittered,0.30853999999999987,0.16928005442499908,-0.025272911134270826,0.6423529111342705,200,,
wine,200,0.4,5,fragmentation_binary,4.298139999999999,0.15030811605084324,4.001738926899741,4.594541073100257,200,3.7212830915788486,4.874996908421149
wine,200,0.4,5,fragmentation_jittered,0.6775199999999998,0.12497052053590507,0.4310835641909684,0.9239564358090312,200,0.19790446083816976,1.1571355391618299
wine,200,0.4,5,grouped_vs_cart_binary,2.20416,0.14436541809487663,1.919477669024508,2.488842330975492,200,,
wine,200,0.4,5,grouped_vs_cart_jittered,0.7805999999999997,0.1714277561478579,0.4425519143982419,1.1186480856017575,200,,
wine,200,0.4,5,interaction,0.47205999999999987,0.10057787393670706,0.27372480328381976,0.67039519671618,200,0.08605927735721514,0.8580607226427845
wine,200,0.5,2,aggregation_binary,0.0,0.0,0.0,0.0,200,0.0,0.0
wine,200,0.5,2,aggregation_jittered,0.0,0.0,0.0,0.0,200,0.0,0.0
wine,200,0.5,2,exact_vs_cart_binary,0.0,0.0,0.0,0.0,200,,
wine,200,0.5,2,exact_vs_cart_jittered,0.0,0.0,0.0,0.0,200,,
wine,200,0.5,2,fragmentation_binary,0.0,0.0,0.0,0.0,200,0.0,0.0
wine,200,0.5,2,fragmentation_jittered,0.0,0.0,0.0,0.0,200,0.0,0.0
wine,200,0.5,2,grouped_vs_cart_binary,0.0,0.0,0.0,0.0,200,,
wine,200,0.5,2,grouped_vs_cart_jittered,0.0,0.0,0.0,0.0,200,,
wine,200,0.5,2,interaction,0.0,0.0,0.0,0.0,200,0.0,0.0
wine,200,0.5,5,aggregation_binary,0.0,0.0,0.0,0.0,200,0.0,0.0
wine,200,0.5,5,aggregation_jittered,0.0,0.0,0.0,0.0,200,0.0,0.0
wine,200,0.5,5,exact_vs_cart_binary,0.0,0.0,0.0,0.0,200,,
wine,200,0.5,5,exact_vs_cart_jittered,0.0,0.0,0.0,0.0,200,,
wine,200,0.5,5,fragmentation_binary,0.0,0.0,0.0,0.0,200,0.0,0.0
wine,200,0.5,5,fragmentation_jittered,0.0,0.0,0.0,0.0,200,0.0,0.0
wine,200,0.5,5,grouped_vs_cart_binary,0.0,0.0,0.0,0.0,200,,
wine,200,0.5,5,grouped_vs_cart_jittered,0.0,0.0,0.0,0.0,200,,
wine,200,0.5,5,interaction,0.0,0.0,0.0,0.0,200,0.0,0.0
wine,800,0.4,2,aggregation_binary,0.0,0.0,0.0,0.0,200,0.0,0.0
wine,800,0.4,2,aggregation_jittered,0.007099999999999999,0.0038765303348724006,-0.0005443493628329299,0.014744349362832927,200,-0.007777462129981604,0.0219774621299816
wine,800,0.4,2,exact_vs_cart_binary,0.5652599999999999,0.09496791768247169,0.377987393232312,0.7525326067676877,200,,
wine,800,0.4,2,exact_vs_cart_jittered,-0.9430599999999998,0.2435159280582903,-1.4232628279635102,-0.46285717203648935,200,,
wine,800,0.4,2,fragmentation_binary,9.290879999999998,0.08403798212832696,9.12516075117653,9.456599248823466,200,8.968356560586384,9.613403439413611
wine,800,0.4,2,fragmentation_jittered,0.02063999999999999,0.01132888654510048,-0.0017000719616698176,0.0429800719616698,200,-0.02283833397133428,0.06411833397133426
wine,800,0.4,2,grouped_vs_cart_binary,0.5652599999999999,0.09496791768247169,0.377987393232312,0.7525326067676877,200,,
wine,800,0.4,2,grouped_vs_cart_jittered,-0.9359599999999998,0.24362998221312132,-1.416387737800528,-0.4555322621994715,200,,
wine,800,0.4,2,interaction,0.007099999999999999,0.0038765303348724006,-0.0005443493628329299,0.014744349362832927,200,-0.007777462129981604,0.0219774621299816
wine,800,0.4,5,aggregation_binary,0.0,0.0,0.0,0.0,200,0.0,0.0
wine,800,0.4,5,aggregation_jittered,0.2785599999999999,0.08893981496173202,0.10317454984188221,0.4539454501581176,200,-0.06277583762715322,0.6198958376271531
wine,800,0.4,5,exact_vs_cart_binary,1.8353199999999998,0.14365168960940966,1.5520451105822417,2.118594889417758,200,,
wine,800,0.4,5,exact_vs_cart_jittered,0.2699799999999999,0.22859022782983623,-0.18078999572050586,0.7207499957205057,200,,
wine,800,0.4,5,fragmentation_binary,7.308299999999998,0.10660202205177739,7.098085444984777,7.518514555015219,200,6.899179624547813,7.717420375452184
wine,800,0.4,5,fragmentation_jittered,0.31261999999999995,0.09627096640661872,0.12277783777325452,0.5024621622267453,200,-0.05685154625538247,0.6820915462553824
wine,800,0.4,5,grouped_vs_cart_binary,1.8353199999999998,0.14365168960940966,1.5520451105822417,2.118594889417758,200,,
wine,800,0.4,5,grouped_vs_cart_jittered,0.5485399999999997,0.22709419589909216,0.1007201142357308,0.9963598857642686,200,,
wine,800,0.4,5,interaction,0.2785599999999999,0.08893981496173202,0.10317454984188221,0.4539454501581176,200,-0.06277583762715322,0.6198958376271531
xor,200,0.1,2,aggregation_binary,0.0,0.0,0.0,0.0,200,0.0,0.0
xor,200,0.1,2,aggregation_jittered,0.7925600000000002,0.3159809294417216,0.16945933832939086,1.4156606616706093,200,-0.42012090417776626,2.0052409041777666
xor,200,0.1,2,exact_vs_cart_binary,0.09872000000000007,0.28652336379079096,-0.4662916223076003,0.6637316223076004,200,,
xor,200,0.1,2,exact_vs_cart_jittered,-0.91984,0.45011669360434364,-1.8074505596289852,-0.03222944037101483,200,,
xor,200,0.1,2,fragmentation_binary,0.41968000000000005,0.2835058555633261,-0.13938122721112456,0.9787412272111247,200,-0.6683671105381539,1.507727110538154
xor,200,0.1,2,fragmentation_jittered,0.9621600000000001,0.34891757139781704,0.2741097116784693,1.650210288321531,200,-0.3769261173609366,2.301246117360937
xor,200,0.1,2,grouped_vs_cart_binary,0.09872000000000007,0.28652336379079096,-0.4662916223076003,0.6637316223076004,200,,
xor,200,0.1,2,grouped_vs_cart_jittered,-0.12728,0.5624774178899816,-1.236461025200651,0.9819010252006508,200,,
xor,200,0.1,2,interaction,0.7925600000000002,0.3159809294417216,0.16945933832939086,1.4156606616706093,200,-0.42012090417776626,2.0052409041777666
xor,200,0.1,5,aggregation_binary,0.0,0.0,0.0,0.0,200,0.0,0.0
xor,200,0.1,5,aggregation_jittered,12.509840000000002,1.0942442139994877,10.352037961196677,14.667642038803328,200,8.310317373211447,16.709362626788558
xor,200,0.1,5,exact_vs_cart_binary,10.805680000000002,1.2276173952144722,8.384871843672428,13.226488156327576,200,,
xor,200,0.1,5,exact_vs_cart_jittered,-0.055919999999999914,0.8017664036351174,-1.6369685066075716,1.5251285066075717,200,,
xor,200,0.1,5,fragmentation_binary,11.84808,1.2068543190897265,9.468215727515366,14.227944272484633,200,7.21637899997335,16.479781000026648
xor,200,0.1,5,fragmentation_jittered,14.98304,1.1601296764252749,12.695314692395247,17.270765307604755,200,10.530660207787449,19.435419792212553
xor,200,0.1,5,grouped_vs_cart_binary,10.805680000000002,1.2276173952144722,8.384871843672428,13.226488156327576,200,,
xor,200,0.1,5,grouped_vs_cart_jittered,12.453920000000004,1.1656713363077293,10.15526677992404,14.752573220075968,200,,
xor,200,0.1,5,interaction,12.509840000000002,1.0942442139994877,10.352037961196677,14.667642038803328,200,8.310317373211447,16.709362626788558
xor,200,0.4,2,aggregation_binary,0.0,0.0,0.0,0.0,200,0.0,0.0
xor,200,0.4,2,aggregation_jittered,0.0,0.0,0.0,0.0,200,0.0,0.0
xor,200,0.4,2,exact_vs_cart_binary,0.009419999999999994,0.011501082230047375,-0.01325963436949235,0.03209963436949234,200,,
xor,200,0.4,2,exact_vs_cart_jittered,-0.02415999999999998,0.025395506111382502,-0.07423883447086621,0.02591883447086625,200,,
xor,200,0.4,2,fragmentation_binary,-0.0032600000000000046,0.003435911734494382,-0.01003546863029949,0.0035154686302994813,200,-0.01644644310662467,0.00992644310662466
xor,200,0.4,2,fragmentation_jittered,0.0,0.0,0.0,0.0,200,0.0,0.0
xor,200,0.4,2,grouped_vs_cart_binary,0.009419999999999994,0.011501082230047375,-0.01325963436949235,0.03209963436949234,200,,
xor,200,0.4,2,grouped_vs_cart_jittered,-0.02415999999999998,0.025395506111382502,-0.07423883447086621,0.02591883447086625,200,,
xor,200,0.4,2,interaction,0.0,0.0,0.0,0.0,200,0.0,0.0
xor,200,0.4,5,aggregation_binary,0.0,0.0,0.0,0.0,200,0.0,0.0
xor,200,0.4,5,aggregation_jittered,0.06575999999999999,0.032144856055895954,0.002371740736621164,0.1291482592633788,200,-0.05760647396854264,0.1891264739685426
xor,200,0.4,5,exact_vs_cart_binary,0.5174199999999999,0.10442979954575142,0.3114889733711029,0.7233510266288969,200,,
xor,200,0.4,5,exact_vs_cart_jittered,-0.10472000000000001,0.03200483330332887,-0.16783214048011036,-0.041607859519889656,200,,
xor,200,0.4,5,fragmentation_binary,0.5125,0.10350340246391919,0.30839578815919555,0.7166042118408044,200,0.11527159793413855,0.9097284020658614
xor,200,0.4,5,fragmentation_jittered,0.06519999999999998,0.032153351146494015,0.001794988787122323,0.12860501121287765,200,-0.058199076677085,0.18859907667708498
xor,200,0.4,5,grouped_vs_cart_binary,0.5174199999999999,0.10442979954575142,0.3114889733711029,0.7233510266288969,200,,
xor,200,0.4,5,grouped_vs_cart_jittered,-0.03896000000000003,0.046930404926152754,-0.131504719118401,0.05358471911840094,200,,
xor,200,0.4,5,interaction,0.06575999999999999,0.032144856055895954,0.002371740736621164,0.1291482592633788,200,-0.05760647396854264,0.1891264739685426
xor,800,0.4,2,aggregation_binary,0.0,0.0,0.0,0.0,200,0.0,0.0
xor,800,0.4,2,aggregation_jittered,-0.0001999999999999987,0.0001999999999999987,-0.0005943913088498751,0.00019439130884987775,200,-0.0009675658821058181,0.0005675658821058207
xor,800,0.4,2,exact_vs_cart_binary,0.005560000000000018,0.0708659817461398,-0.13418463646895853,0.14530463646895855,200,,
xor,800,0.4,2,exact_vs_cart_jittered,-0.13813999999999996,0.08129780419441947,-0.29845573701429134,0.02217573701429143,200,,
xor,800,0.4,2,fragmentation_binary,0.053459999999999994,0.0500214802302182,-0.04518018529302051,0.1521001852930205,200,-0.13851390798573243,0.2454339079857324
xor,800,0.4,2,fragmentation_jittered,-0.0001999999999999987,0.0001999999999999987,-0.0005943913088498751,0.00019439130884987775,200,-0.0009675658821058181,0.0005675658821058207
xor,800,0.4,2,grouped_vs_cart_binary,0.005560000000000018,0.0708659817461398,-0.13418463646895853,0.14530463646895855,200,,
xor,800,0.4,2,grouped_vs_cart_jittered,-0.13833999999999994,0.08129757870636485,-0.29865529236164634,0.021975292361646498,200,,
xor,800,0.4,2,interaction,-0.0001999999999999987,0.0001999999999999987,-0.0005943913088498751,0.00019439130884987775,200,-0.0009675658821058181,0.0005675658821058207
xor,800,0.4,5,aggregation_binary,0.0,0.0,0.0,0.0,200,0.0,0.0
xor,800,0.4,5,aggregation_jittered,0.17935999999999996,0.0673232683722471,0.046601440353088996,0.31211855964691093,200,-0.07901521937195499,0.4377352193719549
xor,800,0.4,5,exact_vs_cart_binary,1.9669799999999995,0.22966170970040378,1.5140970885927836,2.4198629114072157,200,,
xor,800,0.4,5,exact_vs_cart_jittered,-0.17608000000000001,0.07490569459938998,-0.3237907746668136,-0.028369225333186393,200,,
xor,800,0.4,5,fragmentation_binary,2.021639999999999,0.23261301819366387,1.5629372364954002,2.4803427635045985,200,1.1289109175044105,2.914369082495588
xor,800,0.4,5,fragmentation_jittered,0.17893999999999996,0.06711004075285042,0.046601915952572986,0.31127808404742696,200,-0.07861688814309728,0.4364968881430972
xor,800,0.4,5,grouped_vs_cart_binary,1.9669799999999995,0.22966170970040378,1.5140970885927836,2.4198629114072157,200,,
xor,800,0.4,5,grouped_vs_cart_jittered,0.003279999999999985,0.10135125550759012,-0.1965802715660849,0.20314027156608486,200,,
xor,800,0.4,5,interaction,0.17935999999999996,0.0673232683722471,0.046601440353088996,0.31211855964691093,200,-0.07901521937195499,0.4377352193719549
