context,n,eta,depth,representation,arm,accuracy,mcse,observed_accuracy,leaves,signal_root,signal_peak,signal_union,natural_fragmented_groups,column_refit_disagreement,column_refit_accuracy_change
binary,200,0.1,2,binary,cart,0.9,1.5740324710485608e-17,0.900334,4.0,1.0,1.0,1.0,0.0,0.0,0.0
binary,200,0.1,2,binary,exact,0.9,1.5740324710485608e-17,0.900334,4.0,1.0,1.0,1.0,0.0,,
binary,200,0.1,2,binary,fragmented,0.5637288,0.010409352312735565,0.564139,4.0,0.085,1.0,1.0,0.0,,
binary,200,0.1,2,binary,grouped,0.9,1.5740324710485608e-17,0.900334,4.0,1.0,1.0,1.0,0.0,,
binary,200,0.1,2,jittered,cart,0.894564,0.0009351417703499648,0.894905,4.0,1.0,0.36625,0.727,0.985,0.0,0.0
binary,200,0.1,2,jittered,exact,0.8939575999999999,0.0017782396951104011,0.8942990000000001,4.0,0.975,0.36625,0.727,0.985,,
binary,200,0.1,2,jittered,fragmented,0.6975512,0.012981978569180172,0.6976330000000001,3.9,0.435,0.36625,0.727,0.985,,
binary,200,0.1,2,jittered,grouped,0.89732,0.0006687115038466772,0.897632,4.0,1.0,0.36625,0.727,0.985,,
binary,200,0.1,5,binary,cart,0.8867271999999999,0.0015968661963499716,0.887069,12.595,1.0,1.0,1.0,0.0,0.001698,-6.399999999999739e-06
binary,200,0.1,5,binary,exact,0.8979583999999999,0.0007096876141998984,0.89826,13.975,0.985,1.0,1.0,0.0,,
binary,200,0.1,5,binary,fragmented,0.590704,0.010835914229354607,0.5909920000000001,15.265,0.055,1.0,1.0,0.0,,
binary,200,0.1,5,binary,grouped,0.8979583999999999,0.0007096876141998984,0.89826,13.975,0.985,1.0,1.0,0.0,,
binary,200,0.1,5,jittered,cart,0.8697736,0.002319221849053175,0.870007,9.285,1.0,0.36725,0.7282500000000001,1.325,0.002368,0.00015199999999999882
binary,200,0.1,5,jittered,exact,0.8932000000000001,0.0011136636266695765,0.8935,11.63,0.95,0.36725,0.7282500000000001,1.325,,
binary,200,0.1,5,jittered,fragmented,0.7191344,0.012205453171381797,0.719106,11.145,0.4,0.36725,0.7282500000000001,1.325,,
binary,200,0.1,5,jittered,grouped,0.8944024,0.0011079027818677739,0.894721,11.805,0.995,0.36725,0.7282500000000001,1.325,,
binary,200,0.4,2,binary,cart,0.5439526,0.0025433406129670945,0.543621,4.0,0.73,0.596,0.596,0.0,0.00123,1.12000000000001e-05
binary,200,0.4,2,binary,exact,0.5552886,0.002658781492587653,0.554657,4.0,0.685,0.596,0.596,0.0,,
binary,200,0.4,2,binary,fragmented,0.5084512,0.001914408738196841,0.50769,4.0,0.065,0.596,0.596,0.0,,
binary,200,0.4,2,binary,grouped,0.5552886,0.002658781492587653,0.554657,4.0,0.685,0.596,0.596,0.0,,
binary,200,0.4,2,jittered,cart,0.5336764,0.0023685531608089116,0.533312,3.895,0.55,0.09974999999999999,0.10325000000000001,0.11,0.0,0.0
binary,200,0.4,2,jittered,exact,0.5329338,0.002602696392273166,0.532655,3.945,0.335,0.09974999999999999,0.10325000000000001,0.11,,
binary,200,0.4,2,jittered,fragmented,0.5325099999999999,0.0026122934069933838,0.532228,3.945,0.33,0.09974999999999999,0.10325000000000001,0.11,,
binary,200,0.4,2,jittered,grouped,0.5347404,0.0026426412551112713,0.534546,3.945,0.36,0.09974999999999999,0.10325000000000001,0.11,,
binary,200,0.4,5,binary,cart,0.5257586,0.0012684049375606117,0.525081,15.365,0.73,0.828,0.828,0.0,0.034571,6.819999999999826e-05
binary,200,0.4,5,binary,exact,0.5397683999999999,0.001713364754249814,0.5392600000000001,15.44,0.61,0.828,0.828,0.0,,
binary,200,0.4,5,binary,fragmented,0.5107082,0.0015185645111991013,0.510155,15.375,0.055,0.828,0.828,0.0,,
binary,200,0.4,5,binary,grouped,0.5397683999999999,0.001713364754249814,0.5392600000000001,15.44,0.61,0.828,0.828,0.0,,
binary,200,0.4,5,jittered,cart,0.5190946000000001,0.0011236199281405485,0.5183209999999999,12.615,0.55,0.11125,0.12025000000000001,2.135,0.019017,1.1800000000001532e-05
binary,200,0.4,5,jittered,exact,0.5287568,0.001812264001977725,0.52863,13.49,0.285,0.11125,0.12025000000000001,2.135,,
binary,200,0.4,5,jittered,fragmented,0.5284749999999999,0.0018139666729166386,0.5281009999999999,13.435,0.285,0.11125,0.12025000000000001,2.135,,
binary,200,0.4,5,jittered,grouped,0.5305052,0.001957241630150444,0.53002,14.25,0.31,0.11125,0.12025000000000001,2.135,,
binary,800,0.4,2,binary,cart,0.5957546,0.0009876583413286095,0.595583,4.0,1.0,0.98075,0.98075,0.0,0.0,0.0
binary,800,0.4,2,binary,exact,0.5972457999999999,0.0008094753135309811,0.597031,4.0,1.0,0.98075,0.98075,0.0,,
binary,800,0.4,2,binary,fragmented,0.5153873999999999,0.0025705099832660345,0.514737,4.0,0.095,0.98075,0.98075,0.0,,
binary,800,0.4,2,binary,grouped,0.5972457999999999,0.0008094753135309811,0.597031,4.0,1.0,0.98075,0.98075,0.0,,
binary,800,0.4,2,jittered,cart,0.5778706,0.0013496845855988035,0.577485,4.0,0.99,0.16875,0.17925000000000002,0.18,0.0,0.0
binary,800,0.4,2,jittered,exact,0.5824503999999999,0.0016072452850237747,0.582064,3.995,0.855,0.16875,0.17925000000000002,0.18,,
binary,800,0.4,2,jittered,fragmented,0.5806628,0.0017458506963856763,0.580126,3.995,0.84,0.16875,0.17925000000000002,0.18,,
binary,800,0.4,2,jittered,grouped,0.5829636,0.0015657256141142566,0.582562,3.995,0.86,0.16875,0.17925000000000002,0.18,,
binary,800,0.4,5,binary,cart,0.5387694,0.0006210935389461098,0.5381589999999999,32.0,1.0,0.9984999999999999,0.9984999999999999,0.0,0.012632,5.2800000000000626e-05
binary,800,0.4,5,binary,exact,0.5645294,0.0009344617767791822,0.564265,32.0,0.565,0.9984999999999999,0.9984999999999999,0.0,,
binary,800,0.4,5,binary,fragmented,0.5180783999999999,0.0022112038666526196,0.518016,32.0,0.06,0.9984999999999999,0.9984999999999999,0.0,,
binary,800,0.4,5,binary,grouped,0.5645294,0.0009344617767791822,0.564265,32.0,0.565,0.9984999999999999,0.9984999999999999,0.0,,
binary,800,0.4,5,jittered,cart,0.5464226,0.0012519304354780983,0.545529,21.17,0.99,0.17024999999999998,0.182,2.805,0.0046760000000000005,-6.239999999999912e-05
binary,800,0.4,5,jittered,exact,0.5670615999999999,0.0013014967136640767,0.566246,21.245,0.69,0.17024999999999998,0.182,2.805,,
binary,800,0.4,5,jittered,fragmented,0.5660609999999999,0.001368601852311604,0.565289,21.275,0.65,0.17024999999999998,0.182,2.805,,
binary,800,0.4,5,jittered,grouped,0.5650986,0.00158797632673518,0.564577,23.895,0.63,0.17024999999999998,0.182,2.805,,
breast_cancer,200,0.1,2,binary,cart,0.8964592,0.0009120975421697837,0.896559,3.995,1.0,1.0,1.0,0.0,0.0,0.0
breast_cancer,200,0.1,2,binary,exact,0.8989240000000001,0.0005443757939375388,0.899022,3.995,1.0,1.0,1.0,0.0,,
breast_cancer,200,0.1,2,binary,fragmented,0.5035128,0.0019460660435941402,0.503106,3.87,0.0,1.0,1.0,0.0,,
breast_cancer,200,0.1,2,binary,grouped,0.8989240000000001,0.0005443757939375388,0.899022,3.995,1.0,1.0,1.0,0.0,,
breast_cancer,200,0.1,2,jittered,cart,0.8945272,0.0009540757219508733,0.89459,3.995,1.0,0.36875,0.7297499999999999,0.975,0.0,0.0
breast_cancer,200,0.1,2,jittered,exact,0.8936416,0.002107231174626216,0.893711,3.99,0.96,0.36875,0.7297499999999999,0.975,,
breast_cancer,200,0.1,2,jittered,fragmented,0.6990008,0.012987857125808015,0.698834,3.9,0.44,0.36875,0.7297499999999999,0.975,,
breast_cancer,200,0.1,2,jittered,grouped,0.8975824,0.000671288247144078,0.897671,3.99,1.0,0.36875,0.7297499999999999,0.975,,
breast_cancer,200,0.1,5,binary,cart,0.8785832,0.0022127492140369426,0.8786320000000001,9.53,1.0,1.0,1.0,0.0,0.0031390000000000003,0.0002872000000000008
breast_cancer,200,0.1,5,binary,exact,0.8969264,0.0008496592016773403,0.896973,11.865,1.0,1.0,1.0,0.0,,
breast_cancer,200,0.1,5,binary,fragmented,0.5058312,0.001787541725359019,0.505846,10.895,0.0,1.0,1.0,0.0,,
breast_cancer,200,0.1,5,binary,grouped,0.8969264,0.0008496592016773403,0.896973,11.865,1.0,1.0,1.0,0.0,,
breast_cancer,200,0.1,5,jittered,cart,0.8756088,0.0022365528961071825,0.875616,9.435,1.0,0.369,0.7302500000000001,0.975,0.003061,0.0007304000000000011
breast_cancer,200,0.1,5,jittered,exact,0.8933216,0.001061276441662652,0.893351,11.88,0.93,0.369,0.7302500000000001,0.975,,
breast_cancer,200,0.1,5,jittered,fragmented,0.733028,0.011511557679176396,0.732724,11.385,0.405,0.369,0.7302500000000001,0.975,,
breast_cancer,200,0.1,5,jittered,grouped,0.8958016000000001,0.0009285101630106536,0.895867,11.945,1.0,0.369,0.7302500000000001,0.975,,
breast_cancer,200,0.4,2,binary,cart,0.5336408,0.002624402223737778,0.533619,3.87,0.41,0.258,0.258,0.0,0.003311,-6.600000000000217e-06
breast_cancer,200,0.4,2,binary,exact,0.549141,0.0028723728560409068,0.548458,3.935,0.64,0.258,0.258,0.0,,
breast_cancer,200,0.4,2,binary,fragmented,0.5006282,0.0005083191967938508,0.500666,3.845,0.0,0.258,0.258,0.0,,
breast_cancer,200,0.4,2,binary,grouped,0.549141,0.0028723728560409068,0.548458,3.935,0.64,0.258,0.258,0.0,,
breast_cancer,200,0.4,2,jittered,cart,0.5371542,0.002360889575932924,0.537586,3.905,0.58,0.11025,0.11625,0.135,0.001573,-5.620000000000042e-05
breast_cancer,200,0.4,2,jittered,exact,0.5385734,0.0027338595211912472,0.5378200000000001,3.92,0.43,0.11025,0.11625,0.135,,
breast_cancer,200,0.4,2,jittered,fragmented,0.5371956,0.0026694326243378746,0.5365570000000001,3.92,0.42,0.11025,0.11625,0.135,,
breast_cancer,200,0.4,2,jittered,grouped,0.5410354,0.0027539624470932773,0.540194,3.925,0.445,0.11025,0.11625,0.135,,
breast_cancer,200,0.4,5,binary,cart,0.5182762000000001,0.0013062473650474733,0.51842,12.28,0.41,0.42424999999999996,0.42424999999999996,0.0,0.021203,-0.00019220000000000153
breast_cancer,200,0.4,5,binary,exact,0.540441,0.0015625724296780452,0.540694,13.835,0.83,0.42424999999999996,0.42424999999999996,0.0,,
breast_cancer,200,0.4,5,binary,fragmented,0.5004078,0.00016967381002690204,0.5010220000000001,12.44,0.0,0.42424999999999996,0.42424999999999996,0.0,,
breast_cancer,200,0.4,5,binary,grouped,0.540441,0.0015625724296780452,0.540694,13.835,0.83,0.42424999999999996,0.42424999999999996,0.0,,
breast_cancer,200,0.4,5,jittered,cart,0.5197596,0.0010300909064630598,0.520203,12.315,0.58,0.1235,0.1435,0.335,0.022185,-5.9400000000001396e-05
breast_cancer,200,0.4,5,jittered,exact,0.5328176,0.001748426396943159,0.532263,13.19,0.37,0.1235,0.1435,0.335,,
breast_cancer,200,0.4,5,jittered,fragmented,0.5311314,0.0017868571522684914,0.53075,13.155,0.36,0.1235,0.1435,0.335,,
breast_cancer,200,0.4,5,jittered,grouped,0.5364154,0.001713141864950838,0.536006,13.36,0.45,0.1235,0.1435,0.335,,
breast_cancer,800,0.4,2,binary,cart,0.5856226,0.0011640771729239485,0.585314,4.0,0.98,0.85625,0.85625,0.0,7.1e-05,-1.7999999999990246e-06
breast_cancer,800,0.4,2,binary,exact,0.591962,0.0007481071994771519,0.591877,4.0,1.0,0.85625,0.85625,0.0,,
breast_cancer,800,0.4,2,binary,fragmented,0.5015758,0.0008368102105269812,0.5013000000000001,3.965,0.005,0.85625,0.85625,0.0,,
breast_cancer,800,0.4,2,binary,grouped,0.591962,0.0007481071994771519,0.591877,4.0,1.0,0.85625,0.85625,0.0,,
breast_cancer,800,0.4,2,jittered,cart,0.5819798,0.0012654988885751435,0.581862,4.0,0.99,0.1625,0.17300000000000001,0.145,9e-06,1.999999999996449e-07
breast_cancer,800,0.4,2,jittered,exact,0.580769,0.001972478020844229,0.580388,3.985,0.76,0.1625,0.17300000000000001,0.145,,
breast_cancer,800,0.4,2,jittered,fragmented,0.5785136,0.0021338242064236675,0.578147,3.985,0.735,0.1625,0.17300000000000001,0.145,,
breast_cancer,800,0.4,2,jittered,grouped,0.5814806,0.0019378372335982182,0.581106,3.985,0.77,0.1625,0.17300000000000001,0.145,,
breast_cancer,800,0.4,5,binary,cart,0.5499734000000001,0.0013908910351130269,0.5495519999999999,21.13,0.98,0.92875,0.92875,0.0,0.005212,1.6000000000000457e-05
breast_cancer,800,0.4,5,binary,exact,0.5720448,0.0010792615588270567,0.571967,21.59,1.0,0.92875,0.92875,0.0,,
breast_cancer,800,0.4,5,binary,fragmented,0.5000554,0.00010485258472070722,0.499846,19.055,0.0,0.92875,0.92875,0.0,,
breast_cancer,800,0.4,5,binary,grouped,0.5720448,0.0010792615588270567,0.571967,21.59,1.0,0.92875,0.92875,0.0,,
breast_cancer,800,0.4,5,jittered,cart,0.5492722,0.0013616495670757537,0.549222,20.83,0.99,0.166,0.17875,0.22,0.009407,-0.0001962
breast_cancer,800,0.4,5,jittered,exact,0.5663906,0.0014429546175613796,0.566434,20.84,0.57,0.166,0.17875,0.22,,
breast_cancer,800,0.4,5,jittered,fragmented,0.5655376,0.0014653365302669116,0.5656410000000001,20.815,0.545,0.166,0.17875,0.22,,
breast_cancer,800,0.4,5,jittered,grouped,0.5672429999999999,0.0013890540633664235,0.567372,20.87,0.615,0.166,0.17875,0.22,,
correlated,200,0.1,2,binary,cart,0.8974656,0.000885289495393042,0.897222,4.0,1.0,1.0,1.0,0.0,0.0,0.0
correlated,200,0.1,2,binary,exact,0.8990648,0.0005779198574266509,0.898899,4.0,1.0,1.0,1.0,0.0,,
correlated,200,0.1,2,binary,fragmented,0.5061,0.0018076833226466612,0.505711,3.895,0.0,1.0,1.0,0.0,,
correlated,200,0.1,2,binary,grouped,0.8990648,0.0005779198574266509,0.898899,4.0,1.0,1.0,1.0,0.0,,
correlated,200,0.1,2,jittered,cart,0.8960928,0.0007884956612684665,0.8958379999999999,4.0,1.0,0.35450000000000004,0.72575,0.945,0.0,0.0
correlated,200,0.1,2,jittered,exact,0.8918416,0.0026913525372195277,0.89167,3.995,0.945,0.35450000000000004,0.72575,0.945,,
correlated,200,0.1,2,jittered,fragmented,0.7141728,0.012823726420088914,0.71406,3.925,0.505,0.35450000000000004,0.72575,0.945,,
correlated,200,0.1,2,jittered,grouped,0.8976672000000001,0.0005224860372253767,0.897522,4.0,1.0,0.35450000000000004,0.72575,0.945,,
correlated,200,0.1,5,binary,cart,0.8720752,0.0023070125224396738,0.871932,9.84,1.0,1.0,1.0,0.0,0.003907,0.0003783999999999982
correlated,200,0.1,5,binary,exact,0.8950976,0.001178772673708297,0.8950020000000001,12.21,1.0,1.0,1.0,0.0,,
correlated,200,0.1,5,binary,fragmented,0.5130952,0.002799002859921591,0.512465,11.79,0.0,1.0,1.0,0.0,,
correlated,200,0.1,5,binary,grouped,0.8950976,0.001178772673708297,0.8950020000000001,12.21,1.0,1.0,1.0,0.0,,
correlated,200,0.1,5,jittered,cart,0.8709824,0.0022941102765571286,0.870718,9.74,1.0,0.35575,0.7265,0.945,0.004448,-0.00034720000000000085
correlated,200,0.1,5,jittered,exact,0.8930184,0.0010616490762041032,0.892867,12.135,0.885,0.35575,0.7265,0.945,,
correlated,200,0.1,5,jittered,fragmented,0.7510743999999999,0.010957877761151643,0.7509990000000001,11.885,0.415,0.35575,0.7265,0.945,,
correlated,200,0.1,5,jittered,grouped,0.894444,0.001025853183340016,0.894311,12.18,0.99,0.35575,0.7265,0.945,,
correlated,200,0.4,2,binary,cart,0.5344528,0.002748136322498426,0.53409,3.835,0.435,0.26425,0.26425,0.0,0.000854,3.999999999999837e-06
correlated,200,0.4,2,binary,exact,0.5529034,0.002978630602058198,0.552271,3.875,0.62,0.26425,0.26425,0.0,,
correlated,200,0.4,2,binary,fragmented,0.5009243999999999,0.00046708218983418896,0.50081,3.78,0.0,0.26425,0.26425,0.0,,
correlated,200,0.4,2,binary,grouped,0.5529034,0.002978630602058198,0.552271,3.875,0.62,0.26425,0.26425,0.0,,
correlated,200,0.4,2,jittered,cart,0.5421648,0.002370624387102186,0.5415679999999999,3.865,0.625,0.12125,0.12625,0.12,0.000718,9.680000000000023e-05
correlated,200,0.4,2,jittered,exact,0.5443078,0.0025564732333360767,0.543989,3.865,0.465,0.12125,0.12625,0.12,,
correlated,200,0.4,2,jittered,fragmented,0.542576,0.0025799768141998953,0.542012,3.86,0.45,0.12125,0.12625,0.12,,
correlated,200,0.4,2,jittered,grouped,0.5455244,0.0025751904341349786,0.545108,3.865,0.48,0.12125,0.12625,0.12,,
correlated,200,0.4,5,binary,cart,0.5168298,0.0012943935386754766,0.516937,12.71,0.435,0.40299999999999997,0.40299999999999997,0.0,0.014407000000000001,3.4000000000003473e-06
correlated,200,0.4,5,binary,exact,0.5363352,0.0015008577128331829,0.536,13.725,0.83,0.40299999999999997,0.40299999999999997,0.0,,
correlated,200,0.4,5,binary,fragmented,0.5008592000000001,0.0002999449142055734,0.5016120000000001,12.345,0.0,0.40299999999999997,0.40299999999999997,0.0,,
correlated,200,0.4,5,binary,grouped,0.5363352,0.0015008577128331829,0.536,13.725,0.83,0.40299999999999997,0.40299999999999997,0.0,,
correlated,200,0.4,5,jittered,cart,0.520832,0.0011573255254505087,0.521678,12.585,0.625,0.1335,0.14625,0.325,0.018968,-5.6400000000002e-05
correlated,200,0.4,5,jittered,exact,0.5298463999999999,0.001674352902890273,0.530372,12.83,0.34,0.1335,0.14625,0.325,,
correlated,200,0.4,5,jittered,fragmented,0.5286778,0.0017180487283441127,0.529209,12.785,0.33,0.1335,0.14625,0.325,,
correlated,200,0.4,5,jittered,grouped,0.5316624,0.0016443643519028998,0.531942,12.96,0.41,0.1335,0.14625,0.325,,
correlated,800,0.4,2,binary,cart,0.5871102,0.0011188690807683876,0.587538,4.0,0.995,0.88575,0.88575,0.0,0.0,0.0
correlated,800,0.4,2,binary,exact,0.5942454,0.0006691052558582133,0.59475,4.0,1.0,0.88575,0.88575,0.0,,
correlated,800,0.4,2,binary,fragmented,0.503062,0.0011577939428371313,0.503173,3.975,0.01,0.88575,0.88575,0.0,,
correlated,800,0.4,2,binary,grouped,0.5942454,0.0006691052558582133,0.59475,4.0,1.0,0.88575,0.88575,0.0,,
correlated,800,0.4,2,jittered,cart,0.5844018,0.0009475588438788723,0.585366,4.0,1.0,0.16699999999999998,0.17775,0.145,0.0,0.0
correlated,800,0.4,2,jittered,exact,0.583369,0.0017401429257420348,0.583948,3.985,0.84,0.16699999999999998,0.17775,0.145,,
correlated,800,0.4,2,jittered,fragmented,0.5817972,0.001871425297472517,0.582367,3.985,0.82,0.16699999999999998,0.17775,0.145,,
correlated,800,0.4,2,jittered,grouped,0.5838462,0.0016893080049172162,0.58441,3.99,0.865,0.16699999999999998,0.17775,0.145,,
correlated,800,0.4,5,binary,cart,0.5553908,0.0012402031511330716,0.555715,20.03,0.995,0.93,0.93,0.0,0.00598,-0.0001115999999999967
correlated,800,0.4,5,binary,exact,0.5713225999999999,0.0010905073118443217,0.5719380000000001,20.89,1.0,0.93,0.93,0.0,,
correlated,800,0.4,5,binary,fragmented,0.5004379999999999,0.0002737594219484103,0.500741,18.31,0.0,0.93,0.93,0.0,,
correlated,800,0.4,5,binary,grouped,0.5713225999999999,0.0010905073118443217,0.5719380000000001,20.89,1.0,0.93,0.93,0.0,,
correlated,800,0.4,5,jittered,cart,0.5554992,0.0012361287262820557,0.556253,20.105,1.0,0.171,0.183,0.175,0.005987,-0.00022100000000000036
correlated,800,0.4,5,jittered,exact,0.564326,0.001702805317629923,0.564433,20.22,0.575,0.171,0.183,0.175,,
correlated,800,0.4,5,jittered,fragmented,0.5636998,0.0017542502929317853,0.563802,20.17,0.565,0.171,0.183,0.175,,
correlated,800,0.4,5,jittered,grouped,0.5659171999999999,0.0015700511788860917,0.566053,20.275,0.615,0.171,0.183,0.175,,
digits,200,0.1,2,binary,cart,0.8989736,0.0005337349907978772,0.899153,4.0,1.0,1.0,1.0,0.0,0.0,0.0
digits,200,0.1,2,binary,exact,0.8991528,0.0004892151244493059,0.8993429999999999,4.0,1.0,1.0,1.0,0.0,,
digits,200,0.1,2,binary,fragmented,0.5012928,0.0005545409263480691,0.501964,3.945,0.0,1.0,1.0,0.0,,
digits,200,0.1,2,binary,grouped,0.8991528,0.0004892151244493059,0.8993429999999999,4.0,1.0,1.0,1.0,0.0,,
digits,200,0.1,2,jittered,cart,0.8970592000000001,0.0006089762698877784,0.897286,4.0,1.0,0.371,0.73375,0.97,0.0,0.0
digits,200,0.1,2,jittered,exact,0.880244,0.005089179590515806,0.880535,3.985,0.795,0.371,0.73375,0.97,,
digits,200,0.1,2,jittered,fragmented,0.6599392000000001,0.013132002675454372,0.6604420000000001,3.97,0.295,0.371,0.73375,0.97,,
digits,200,0.1,2,jittered,grouped,0.897896,0.0006162140201204162,0.8981,3.995,0.99,0.371,0.73375,0.97,,
digits,200,0.1,5,binary,cart,0.8776896000000001,0.002293511761513554,0.877808,9.345,1.0,1.0,1.0,0.0,0.003128,-0.0004320000000000013
digits,200,0.1,5,binary,exact,0.8968272,0.0008246767850491458,0.8969360000000001,11.78,1.0,1.0,1.0,0.0,,
digits,200,0.1,5,binary,fragmented,0.5027128,0.0009299797268012386,0.503237,11.34,0.0,1.0,1.0,0.0,,
digits,200,0.1,5,binary,grouped,0.8968272,0.0008246767850491458,0.8969360000000001,11.78,1.0,1.0,1.0,0.0,,
digits,200,0.1,5,jittered,cart,0.8749336,0.0023866742351489065,0.875261,9.275,1.0,0.37125,0.73425,0.97,0.003545,0.00022000000000000074
digits,200,0.1,5,jittered,exact,0.8883088000000001,0.0017262233598932689,0.8885639999999999,11.71,0.675,0.37125,0.73425,0.97,,
digits,200,0.1,5,jittered,fragmented,0.678488,0.012610241963255872,0.678926,11.5,0.21,0.37125,0.73425,0.97,,
digits,200,0.1,5,jittered,grouped,0.8939864,0.0010667829415687664,0.8941929999999999,11.725,0.935,0.37125,0.73425,0.97,,
digits,200,0.4,2,binary,cart,0.5316824,0.0025495438415922564,0.532128,3.925,0.425,0.26475000000000004,0.26475000000000004,0.0,0.0027150000000000004,0.0001837999999999998
digits,200,0.4,2,binary,exact,0.543563,0.0029217436239376135,0.543127,3.95,0.515,0.26475000000000004,0.26475000000000004,0.0,,
digits,200,0.4,2,binary,fragmented,0.5000638,9.591499481914075e-05,0.500513,3.935,0.0,0.26475000000000004,0.26475000000000004,0.0,,
digits,200,0.4,2,binary,grouped,0.543563,0.0029217436239376135,0.543127,3.95,0.515,0.26475000000000004,0.26475000000000004,0.0,,
digits,200,0.4,2,jittered,cart,0.5340338,0.002284567392011716,0.534171,3.925,0.61,0.10425000000000001,0.11675,0.2,0.002638,-2.399999999999902e-06
digits,200,0.4,2,jittered,exact,0.518663,0.002359325880000514,0.518749,3.93,0.15,0.10425000000000001,0.11675,0.2,,
digits,200,0.4,2,jittered,fragmented,0.5158492,0.002183534320187614,0.516044,3.925,0.12,0.10425000000000001,0.11675,0.2,,
digits,200,0.4,2,jittered,grouped,0.5210166,0.002483574572159528,0.521229,3.93,0.17,0.10425000000000001,0.11675,0.2,,
digits,200,0.4,5,binary,cart,0.5174868,0.001206422815120893,0.5175379999999999,13.265,0.425,0.41125,0.41125,0.0,0.024712,0.00019880000000000036
digits,200,0.4,5,binary,exact,0.5364365999999999,0.0017325402334440925,0.536061,14.33,0.63,0.41125,0.41125,0.0,,
digits,200,0.4,5,binary,fragmented,0.500049,9.908746960724049e-05,0.500329,13.83,0.0,0.41125,0.41125,0.0,,
digits,200,0.4,5,binary,grouped,0.5364365999999999,0.0017325402334440925,0.536061,14.33,0.63,0.41125,0.41125,0.0,,
digits,200,0.4,5,jittered,cart,0.52069,0.0010170284333148477,0.521374,13.19,0.61,0.11875,0.14675000000000002,0.37,0.024838,0.00023399999999999864
digits,200,0.4,5,jittered,exact,0.5126124,0.0015391967725809513,0.512986,13.905,0.045,0.11875,0.14675000000000002,0.37,,
digits,200,0.4,5,jittered,fragmented,0.5106566,0.0013679438196316182,0.510933,13.905,0.025,0.11875,0.14675000000000002,0.37,,
digits,200,0.4,5,jittered,grouped,0.5176248,0.0017454921826229955,0.5178119999999999,13.93,0.075,0.11875,0.14675000000000002,0.37,,
digits,800,0.4,2,binary,cart,0.5829456,0.0013602473626654048,0.583192,4.0,0.985,0.88375,0.88375,0.0,0.0,0.0
digits,800,0.4,2,binary,exact,0.5899217999999999,0.0010413099711807242,0.590129,4.0,0.995,0.88375,0.88375,0.0,,
digits,800,0.4,2,binary,fragmented,0.5001298,9.990970697454113e-05,0.500329,3.955,0.0,0.88375,0.88375,0.0,,
digits,800,0.4,2,binary,grouped,0.5899217999999999,0.0010413099711807242,0.590129,4.0,0.995,0.88375,0.88375,0.0,,
digits,800,0.4,2,jittered,cart,0.5802488,0.001334984121938963,0.580102,4.0,0.99,0.18,0.18975,0.185,0.0,0.0
digits,800,0.4,2,jittered,exact,0.5676296,0.002664478509547261,0.567868,3.98,0.505,0.18,0.18975,0.185,,
digits,800,0.4,2,jittered,fragmented,0.5642954,0.0027810767399276902,0.564343,3.975,0.475,0.18,0.18975,0.185,,
digits,800,0.4,2,jittered,grouped,0.5693739999999999,0.00261975102963744,0.569604,3.98,0.535,0.18,0.18975,0.185,,
digits,800,0.4,5,binary,cart,0.5440038,0.0010670959076769545,0.543677,23.58,0.985,0.9384999999999999,0.9384999999999999,0.0,0.007164,4.840000000000066e-05
digits,800,0.4,5,binary,exact,0.5643566,0.0009820463826563602,0.564391,25.885,1.0,0.9384999999999999,0.9384999999999999,0.0,,
digits,800,0.4,5,binary,fragmented,0.499965,0.00010914595363997641,0.500073,24.05,0.0,0.9384999999999999,0.9384999999999999,0.0,,
digits,800,0.4,5,binary,grouped,0.5643566,0.0009820463826563602,0.564391,25.885,1.0,0.9384999999999999,0.9384999999999999,0.0,,
digits,800,0.4,5,jittered,cart,0.540852,0.0011863960883246197,0.540998,23.275,0.99,0.1815,0.193,0.245,0.006194999999999999,-4.8199999999999356e-05
digits,800,0.4,5,jittered,exact,0.5225974,0.002198082070840566,0.523041,24.4,0.09,0.1815,0.193,0.245,,
digits,800,0.4,5,jittered,fragmented,0.5205508,0.002132555099655182,0.52099,24.355,0.08,0.1815,0.193,0.245,,
digits,800,0.4,5,jittered,grouped,0.5247802,0.0022693430390632262,0.525211,24.47,0.12,0.1815,0.193,0.245,,
gaussian,200,0.1,2,binary,cart,0.8982976,0.0005812259191099675,0.8978820000000001,4.0,1.0,1.0,1.0,0.0,0.0,0.0
gaussian,200,0.1,2,binary,exact,0.8993367999999999,0.0004023271360747504,0.898913,4.0,1.0,1.0,1.0,0.0,,
gaussian,200,0.1,2,binary,fragmented,0.5056992,0.0014512873359391262,0.505342,3.815,0.0,1.0,1.0,0.0,,
gaussian,200,0.1,2,binary,grouped,0.8993367999999999,0.0004023271360747504,0.898913,4.0,1.0,1.0,1.0,0.0,,
gaussian,200,0.1,2,jittered,cart,0.8960168000000001,0.0006680423276692794,0.895551,4.0,1.0,0.37375,0.7445,0.965,0.0,0.0
gaussian,200,0.1,2,jittered,exact,0.8967360000000001,0.0005727625377266879,0.896284,3.99,0.975,0.37375,0.7445,0.965,,
gaussian,200,0.1,2,jittered,fragmented,0.6956944,0.013286281407958258,0.695524,3.87,0.43,0.37375,0.7445,0.965,,
gaussian,200,0.1,2,jittered,grouped,0.8978736,0.0005042575269317619,0.897436,4.0,1.0,0.37375,0.7445,0.965,,
gaussian,200,0.1,5,binary,cart,0.882076,0.0019286963649941657,0.881613,8.97,1.0,1.0,1.0,0.0,0.0027400000000000002,-0.00017440000000000066
gaussian,200,0.1,5,binary,exact,0.8963736,0.000927145874478668,0.895949,11.395,1.0,1.0,1.0,0.0,,
gaussian,200,0.1,5,binary,fragmented,0.5069544,0.0018561212497216725,0.507273,10.245,0.0,1.0,1.0,0.0,,
gaussian,200,0.1,5,binary,grouped,0.8963736,0.000927145874478668,0.895949,11.395,1.0,1.0,1.0,0.0,,
gaussian,200,0.1,5,jittered,cart,0.8774464000000001,0.0020449773045391976,0.87702,8.84,1.0,0.37424999999999997,0.7452500000000001,0.965,0.001167,8.879999999999943e-05
gaussian,200,0.1,5,jittered,exact,0.8944616000000001,0.0009473937310369115,0.8940290000000001,11.28,0.945,0.37424999999999997,0.7452500000000001,0.965,,
gaussian,200,0.1,5,jittered,fragmented,0.7132696,0.012435866304884627,0.7128669999999999,10.77,0.36,0.37424999999999997,0.7452500000000001,0.965,,
gaussian,200,0.1,5,jittered,grouped,0.8956232,0.0009238269698113136,0.895189,11.295,0.985,0.37424999999999997,0.7452500000000001,0.965,,
gaussian,200,0.4,2,binary,cart,0.5284244,0.0026096467623649,0.528132,3.88,0.355,0.214,0.214,0.0,0.00377,7.999999999999674e-06
gaussian,200,0.4,2,binary,exact,0.5444896,0.0029085777455155875,0.544116,3.955,0.525,0.214,0.214,0.0,,
gaussian,200,0.4,2,binary,fragmented,0.501414,0.0007761722727493713,0.501562,3.91,0.005,0.214,0.214,0.0,,
gaussian,200,0.4,2,binary,grouped,0.5444896,0.0029085777455155875,0.544116,3.955,0.525,0.214,0.214,0.0,,
gaussian,200,0.4,2,jittered,cart,0.5343513999999999,0.002268320838712346,0.534645,3.92,0.545,0.1005,0.10625,0.105,0.002878,0.00040519999999999944
gaussian,200,0.4,2,jittered,exact,0.5330868,0.002603485257540582,0.532822,3.94,0.37,0.1005,0.10625,0.105,,
gaussian,200,0.4,2,jittered,fragmented,0.5317446,0.0025355663703187604,0.531531,3.935,0.35,0.1005,0.10625,0.105,,
gaussian,200,0.4,2,jittered,grouped,0.5345464,0.002671411099308291,0.534396,3.94,0.39,0.1005,0.10625,0.105,,
gaussian,200,0.4,5,binary,cart,0.5166058,0.0013339259138039066,0.516427,12.635,0.355,0.33375,0.33375,0.0,0.022158999999999998,-0.0003337999999999994
gaussian,200,0.4,5,binary,exact,0.5357872,0.001694113456299214,0.536334,14.17,0.81,0.33375,0.33375,0.0,,
gaussian,200,0.4,5,binary,fragmented,0.5000428,0.0001198395946347074,0.500338,12.985,0.0,0.33375,0.33375,0.0,,
gaussian,200,0.4,5,binary,grouped,0.5357872,0.001694113456299214,0.536334,14.17,0.81,0.33375,0.33375,0.0,,
gaussian,200,0.4,5,jittered,cart,0.5199779999999999,0.0011184128290937145,0.520614,12.695,0.545,0.11425,0.12450000000000001,0.235,0.026206999999999998,-0.0003045999999999993
gaussian,200,0.4,5,jittered,exact,0.5282184,0.001772898415351477,0.528452,13.5,0.385,0.11425,0.12450000000000001,0.235,,
gaussian,200,0.4,5,jittered,fragmented,0.5270174,0.0017380452851598342,0.527387,13.485,0.355,0.11425,0.12450000000000001,0.235,,
gaussian,200,0.4,5,jittered,grouped,0.5301076,0.0018043799172092721,0.530576,13.605,0.435,0.11425,0.12450000000000001,0.235,,
gaussian,200,0.5,2,binary,cart,0.5,0.0,0.49979399999999996,3.8,0.0,0.0105,0.0105,0.0,0.004190999999999999,0.0
gaussian,200,0.5,2,binary,exact,0.5,0.0,0.500088,3.89,0.01,0.0105,0.0105,0.0,,
gaussian,200,0.5,2,binary,fragmented,0.5,0.0,0.500123,3.885,0.0,0.0105,0.0105,0.0,,
gaussian,200,0.5,2,binary,grouped,0.5,0.0,0.500088,3.89,0.01,0.0105,0.0105,0.0,,
gaussian,200,0.5,2,jittered,cart,0.5,0.0,0.49985999999999997,3.795,0.04,0.0475,0.0475,0.0,0.001315,0.0
gaussian,200,0.5,2,jittered,exact,0.5,0.0,0.49981299999999995,3.91,0.035,0.0475,0.0475,0.0,,
gaussian,200,0.5,2,jittered,fragmented,0.5,0.0,0.49981299999999995,3.91,0.035,0.0475,0.0475,0.0,,
gaussian,200,0.5,2,jittered,grouped,0.5,0.0,0.49981299999999995,3.91,0.035,0.0475,0.0475,0.0,,
gaussian,200,0.5,5,binary,cart,0.5,0.0,0.500151,11.765,0.0,0.06725,0.06725,0.0,0.016124,0.0
gaussian,200,0.5,5,binary,exact,0.5,0.0,0.49965400000000004,13.04,0.15,0.06725,0.06725,0.0,,
gaussian,200,0.5,5,binary,fragmented,0.5,0.0,0.49926000000000004,12.66,0.0,0.06725,0.06725,0.0,,
gaussian,200,0.5,5,binary,grouped,0.5,0.0,0.49965400000000004,13.04,0.15,0.06725,0.06725,0.0,,
gaussian,200,0.5,5,jittered,cart,0.5,0.0,0.500063,11.685,0.04,0.06125,0.06625,0.105,0.015747,0.0
gaussian,200,0.5,5,jittered,exact,0.5,0.0,0.499569,12.67,0.05,0.06125,0.06625,0.105,,
gaussian,200,0.5,5,jittered,fragmented,0.5,0.0,0.499569,12.67,0.05,0.06125,0.06625,0.105,,
gaussian,200,0.5,5,jittered,grouped,0.5,0.0,0.499768,12.73,0.07,0.06125,0.06625,0.105,,
gaussian,800,0.4,2,binary,cart,0.5840072,0.001168519322835183,0.584861,4.0,0.995,0.83625,0.83625,0.0,0.0,0.0
gaussian,800,0.4,2,binary,exact,0.5918038,0.0007382477473602014,0.592456,4.0,0.995,0.83625,0.83625,0.0,,
gaussian,800,0.4,2,binary,fragmented,0.5023888,0.0010262889445906277,0.502459,3.97,0.005,0.83625,0.83625,0.0,,
gaussian,800,0.4,2,binary,grouped,0.5918038,0.0007382477473602014,0.592456,4.0,0.995,0.83625,0.83625,0.0,,
gaussian,800,0.4,2,jittered,cart,0.5800784,0.0011446780097169895,0.580717,4.0,0.995,0.179,0.18875,0.145,0.0,0.0
gaussian,800,0.4,2,jittered,exact,0.585911,0.0012496066657534583,0.5862339999999999,3.995,0.88,0.179,0.18875,0.145,,
gaussian,800,0.4,2,jittered,fragmented,0.5837186,0.001477234830323059,0.584058,3.995,0.86,0.179,0.18875,0.145,,
gaussian,800,0.4,2,jittered,grouped,0.5860561999999999,0.0012526600953059284,0.586358,3.995,0.88,0.179,0.18875,0.145,,
gaussian,800,0.4,5,binary,cart,0.5491001999999999,0.0012902338691047148,0.549482,20.645,0.995,0.89725,0.89725,0.0,0.004393,6.780000000000008e-05
gaussian,800,0.4,5,binary,exact,0.5725125999999999,0.0009168609799104832,0.572964,21.84,1.0,0.89725,0.89725,0.0,,
gaussian,800,0.4,5,binary,fragmented,0.5004004,0.00039535158222503566,0.500269,19.295,0.005,0.89725,0.89725,0.0,,
gaussian,800,0.4,5,binary,grouped,0.5725125999999999,0.0009168609799104832,0.572964,21.84,1.0,0.89725,0.89725,0.0,,
gaussian,800,0.4,5,jittered,cart,0.5482944,0.001164105403368077,0.5491969999999999,20.72,0.995,0.18175,0.19325,0.19,0.00639,0.00017080000000000095
gaussian,800,0.4,5,jittered,exact,0.5661428000000001,0.0013296111347488933,0.566713,21.62,0.71,0.18175,0.19325,0.19,,
gaussian,800,0.4,5,jittered,fragmented,0.5647724000000001,0.0014304539642783322,0.565439,21.635,0.685,0.18175,0.19325,0.19,,
gaussian,800,0.4,5,jittered,grouped,0.5670658,0.0012604798287929756,0.56759,21.67,0.735,0.18175,0.19325,0.19,,
majority,200,0.1,2,binary,cart,0.6968000000000001,0.0009570870378340467,0.697247,4.0,1.0,0.9159999999999999,0.9159999999999999,0.0,0.001221,5.60000000000005e-06
majority,200,0.1,2,binary,exact,0.6998264000000001,0.00032653582256329225,0.700098,4.0,1.0,0.9159999999999999,0.9159999999999999,0.0,,
majority,200,0.1,2,binary,fragmented,0.5504088,0.005738143254822445,0.5500419999999999,3.905,0.105,0.9159999999999999,0.9159999999999999,0.0,,
majority,200,0.1,2,binary,grouped,0.6998264000000001,0.00032653582256329225,0.700098,4.0,1.0,0.9159999999999999,0.9159999999999999,0.0,,
majority,200,0.1,2,jittered,cart,0.6958960000000001,0.0005931438087761246,0.696109,4.0,1.0,0.23475000000000001,0.361,1.75,0.0,0.0
majority,200,0.1,2,jittered,exact,0.6935312,0.0007708310550158734,0.6935049999999999,4.0,0.995,0.23475000000000001,0.361,1.75,,
majority,200,0.1,2,jittered,fragmented,0.6892952,0.0008917231722229703,0.6890940000000001,4.0,0.995,0.23475000000000001,0.361,1.75,,
majority,200,0.1,2,jittered,grouped,0.69596,0.000669795618718331,0.6960510000000001,4.0,1.0,0.23475000000000001,0.361,1.75,,
majority,200,0.1,5,binary,cart,0.8819016000000001,0.0026087376155785914,0.882216,12.64,1.0,0.99275,0.99275,0.0,0.002581,0.00023760000000000114
majority,200,0.1,5,binary,exact,0.898552,0.0005617611932048662,0.898821,15.105,1.0,0.99275,0.99275,0.0,,
majority,200,0.1,5,binary,fragmented,0.5065919999999999,0.0016685851015773906,0.506335,13.21,0.0,0.99275,0.99275,0.0,,
majority,200,0.1,5,binary,grouped,0.898552,0.0005617611932048662,0.898821,15.105,1.0,0.99275,0.99275,0.0,,
majority,200,0.1,5,jittered,cart,0.8506056,0.0025939473738089704,0.850612,12.24,1.0,0.26675,0.6042500000000001,2.81,0.0017599999999999998,-5.599999999999994e-05
majority,200,0.1,5,jittered,exact,0.8526296000000001,0.002970224704153851,0.8527819999999999,14.76,0.99,0.26675,0.6042500000000001,2.81,,
majority,200,0.1,5,jittered,fragmented,0.7905664,0.0050096786359383255,0.790605,14.59,0.985,0.26675,0.6042500000000001,2.81,,
majority,200,0.1,5,jittered,grouped,0.8867432000000001,0.0015696946631359196,0.886926,15.035,1.0,0.26675,0.6042500000000001,2.81,,
majority,200,0.4,2,binary,cart,0.5075928,0.0010650587077974977,0.508052,3.82,0.145,0.1355,0.1355,0.0,0.000561,3.799999999999637e-06
majority,200,0.4,2,binary,exact,0.5162758000000001,0.0014712329331270377,0.515621,3.9,0.375,0.1355,0.1355,0.0,,
majority,200,0.4,2,binary,fragmented,0.5004508,0.0003306484215801842,0.500032,3.86,0.0,0.1355,0.1355,0.0,,
majority,200,0.4,2,binary,grouped,0.5162758000000001,0.0014712329331270377,0.515621,3.9,0.375,0.1355,0.1355,0.0,,
majority,200,0.4,2,jittered,cart,0.5138974000000001,0.0011448399972469872,0.514327,3.88,0.41,0.0965,0.1,0.06,0.001146,-5.0800000000000015e-05
majority,200,0.4,2,jittered,exact,0.5139005999999999,0.0012229022889181315,0.513633,3.9,0.335,0.0965,0.1,0.06,,
majority,200,0.4,2,jittered,fragmented,0.5136624,0.0012131552826821046,0.513398,3.9,0.33,0.0965,0.1,0.06,,
majority,200,0.4,2,jittered,grouped,0.5142836,0.001230727176148537,0.513908,3.9,0.35,0.0965,0.1,0.06,,
majority,200,0.4,5,binary,cart,0.5054674,0.0005898050833808654,0.505319,12.2,0.145,0.262,0.262,0.0,0.015742,-3.7200000000000565e-05
majority,200,0.4,5,binary,exact,0.5260123999999999,0.0014156029988850194,0.526332,14.525,0.72,0.262,0.262,0.0,,
majority,200,0.4,5,binary,fragmented,0.5002028,0.00015135024042393154,0.49985399999999997,12.86,0.0,0.262,0.262,0.0,,
majority,200,0.4,5,binary,grouped,0.5260123999999999,0.0014156029988850194,0.526332,14.525,0.72,0.262,0.262,0.0,,
majority,200,0.4,5,jittered,cart,0.5101178000000001,0.0007101244676801311,0.510667,12.445,0.41,0.111,0.12475,0.48,0.017013,0.00018140000000000072
majority,200,0.4,5,jittered,exact,0.5133314,0.0009127324211195819,0.5127430000000001,13.2,0.3,0.111,0.12475,0.48,,
majority,200,0.4,5,jittered,fragmented,0.5131388,0.0009065981656554622,0.5125540000000001,13.165,0.3,0.111,0.12475,0.48,,
majority,200,0.4,5,jittered,grouped,0.516126,0.0009406215736009982,0.51571,13.405,0.365,0.111,0.12475,0.48,,
majority,800,0.4,2,binary,cart,0.5294104000000001,0.0013821952167788855,0.5291020000000001,3.94,0.67,0.33225,0.33225,0.0,0.0,0.0
majority,800,0.4,2,binary,exact,0.5424051999999999,0.0010464251587496934,0.54272,4.0,0.885,0.33225,0.33225,0.0,,
majority,800,0.4,2,binary,fragmented,0.5021108000000001,0.0006719150885574422,0.5018,3.97,0.015,0.33225,0.33225,0.0,,
majority,800,0.4,2,binary,grouped,0.5424051999999999,0.0010464251587496934,0.54272,4.0,0.885,0.33225,0.33225,0.0,,
majority,800,0.4,2,jittered,cart,0.5326529999999999,0.000990933773628991,0.532105,3.99,0.865,0.09974999999999999,0.10075,0.055,0.0,0.0
majority,800,0.4,2,jittered,exact,0.5291154,0.0013685735427479031,0.529511,3.99,0.615,0.09974999999999999,0.10075,0.055,,
majority,800,0.4,2,jittered,fragmented,0.5291292,0.001369289724106156,0.529488,3.99,0.61,0.09974999999999999,0.10075,0.055,,
majority,800,0.4,2,jittered,grouped,0.529909,0.0013531398643386093,0.530381,3.99,0.625,0.09974999999999999,0.10075,0.055,,
majority,800,0.4,5,binary,cart,0.5193028000000001,0.0009896200787683663,0.519412,20.465,0.67,0.5125,0.5125,0.0,0.003677,2.5999999999987143e-06
majority,800,0.4,5,binary,exact,0.5633248,0.0014007714331179069,0.563434,27.46,0.99,0.5125,0.5125,0.0,,
majority,800,0.4,5,binary,fragmented,0.5002784,0.00017527255788553624,0.500974,20.04,0.0,0.5125,0.5125,0.0,,
majority,800,0.4,5,binary,grouped,0.5633248,0.0014007714331179069,0.563434,27.46,0.99,0.5125,0.5125,0.0,,
majority,800,0.4,5,jittered,cart,0.5223911999999999,0.0007850774649228238,0.52219,21.28,0.865,0.114,0.1235,0.49,0.003501,-5.740000000000162e-05
majority,800,0.4,5,jittered,exact,0.5249161999999999,0.0011758134948508482,0.525509,21.33,0.465,0.114,0.1235,0.49,,
majority,800,0.4,5,jittered,fragmented,0.5245788,0.0011781386532285388,0.525232,21.32,0.46,0.114,0.1235,0.49,,
majority,800,0.4,5,jittered,grouped,0.5290136,0.0013445544572992256,0.52975,21.965,0.54,0.114,0.1235,0.49,,
mixed,200,0.1,2,binary,cart,0.8986688,0.0005608467510746182,0.8985569999999999,4.0,1.0,1.0,1.0,0.0,0.0,0.0
mixed,200,0.1,2,binary,exact,0.8993712,0.00037165674550909477,0.8992669999999999,4.0,1.0,1.0,1.0,0.0,,
mixed,200,0.1,2,binary,fragmented,0.5044080000000001,0.001087290191162872,0.504467,3.87,0.0,1.0,1.0,0.0,,
mixed,200,0.1,2,binary,grouped,0.8993712,0.00037165674550909477,0.8992669999999999,4.0,1.0,1.0,1.0,0.0,,
mixed,200,0.1,2,jittered,cart,0.8962256000000001,0.0006372848839542508,0.896161,4.0,1.0,0.38225000000000003,0.7452500000000001,0.975,0.0,0.0
mixed,200,0.1,2,jittered,exact,0.8949616,0.002031886038034069,0.8949250000000001,3.995,0.965,0.38225000000000003,0.7452500000000001,0.975,,
mixed,200,0.1,2,jittered,fragmented,0.6846688000000001,0.013168271525437127,0.6851649999999999,3.895,0.41,0.38225000000000003,0.7452500000000001,0.975,,
mixed,200,0.1,2,jittered,grouped,0.8984360000000001,0.0004251811555976782,0.898336,3.995,0.995,0.38225000000000003,0.7452500000000001,0.975,,
mixed,200,0.1,5,binary,cart,0.879432,0.0021070023861582085,0.879431,9.75,1.0,1.0,1.0,0.0,0.002017,-0.00032400000000000094
mixed,200,0.1,5,binary,exact,0.896444,0.0008650813538296376,0.896326,12.81,1.0,1.0,1.0,0.0,,
mixed,200,0.1,5,binary,fragmented,0.5026984,0.0009864058035343422,0.502958,11.375,0.0,1.0,1.0,0.0,,
mixed,200,0.1,5,binary,grouped,0.896444,0.0008650813538296376,0.896326,12.81,1.0,1.0,1.0,0.0,,
mixed,200,0.1,5,jittered,cart,0.8792719999999999,0.0020276154968373755,0.879289,9.115,1.0,0.38275,0.74675,1.06,0.002692,0.00045440000000000037
mixed,200,0.1,5,jittered,exact,0.8937560000000001,0.0009652042770742433,0.8936459999999999,11.32,0.935,0.38275,0.74675,1.06,,
mixed,200,0.1,5,jittered,fragmented,0.713552,0.012414745416592076,0.713627,10.805,0.365,0.38275,0.74675,1.06,,
mixed,200,0.1,5,jittered,grouped,0.8957784000000001,0.000840676580358832,0.895666,11.395,0.995,0.38275,0.74675,1.06,,
mixed,200,0.4,2,binary,cart,0.5327026,0.002632223075232975,0.532481,3.9,0.415,0.28175,0.28175,0.0,0.0,0.0
mixed,200,0.4,2,binary,exact,0.5554777999999999,0.002859174554212681,0.5550970000000001,3.975,0.67,0.28175,0.28175,0.0,,
mixed,200,0.4,2,binary,fragmented,0.500177,9.702610641797989e-05,0.499843,3.885,0.0,0.28175,0.28175,0.0,,
mixed,200,0.4,2,binary,grouped,0.5554777999999999,0.002859174554212681,0.5550970000000001,3.975,0.67,0.28175,0.28175,0.0,,
mixed,200,0.4,2,jittered,cart,0.5312714,0.0022303421172546597,0.531395,3.9,0.5,0.1015,0.10675000000000001,0.1,0.0,0.0
mixed,200,0.4,2,jittered,exact,0.5323934,0.002602465947373025,0.532847,3.935,0.37,0.1015,0.10675000000000001,0.1,,
mixed,200,0.4,2,jittered,fragmented,0.5310808,0.0025680130709290223,0.531486,3.935,0.355,0.1015,0.10675000000000001,0.1,,
mixed,200,0.4,2,jittered,grouped,0.5330636,0.00262506367382932,0.5334559999999999,3.935,0.38,0.1015,0.10675000000000001,0.1,,
mixed,200,0.4,5,binary,cart,0.518043,0.0012240865058766662,0.517421,13.09,0.415,0.45525,0.45525,0.0,0.018311,-0.0001973999999999998
mixed,200,0.4,5,binary,exact,0.5448894,0.0016669571949058078,0.544153,15.4,0.685,0.45525,0.45525,0.0,,
mixed,200,0.4,5,binary,fragmented,0.5003676,0.00025461787547727813,0.49991199999999997,12.83,0.0,0.45525,0.45525,0.0,,
mixed,200,0.4,5,binary,grouped,0.5448894,0.0016669571949058078,0.544153,15.4,0.685,0.45525,0.45525,0.0,,
mixed,200,0.4,5,jittered,cart,0.5195636,0.0011138221645627978,0.519746,12.555,0.5,0.11325000000000002,0.126,0.98,0.020265,2.659999999999968e-05
mixed,200,0.4,5,jittered,exact,0.5269429999999999,0.0017452539044376242,0.527723,13.39,0.32,0.11325000000000002,0.126,0.98,,
mixed,200,0.4,5,jittered,fragmented,0.526529,0.0017717707903869338,0.527213,13.335,0.3,0.11325000000000002,0.126,0.98,,
mixed,200,0.4,5,jittered,grouped,0.5291956,0.001740244210668094,0.529644,13.805,0.34,0.11325000000000002,0.126,0.98,,
mixed,200,0.5,2,binary,cart,0.5,0.0,0.49965000000000004,3.775,0.0,0.01825,0.01825,0.0,0.0,0.0
mixed,200,0.5,2,binary,exact,0.5,0.0,0.49985999999999997,3.89,0.015,0.01825,0.01825,0.0,,
mixed,200,0.5,2,binary,fragmented,0.5,0.0,0.500468,3.855,0.0,0.01825,0.01825,0.0,,
mixed,200,0.5,2,binary,grouped,0.5,0.0,0.49985999999999997,3.89,0.015,0.01825,0.01825,0.0,,
mixed,200,0.5,2,jittered,cart,0.5,0.0,0.500359,3.78,0.06,0.05050000000000001,0.05050000000000001,0.05,0.0,0.0
mixed,200,0.5,2,jittered,exact,0.5,0.0,0.499293,3.885,0.04,0.05050000000000001,0.05050000000000001,0.05,,
mixed,200,0.5,2,jittered,fragmented,0.5,0.0,0.499289,3.885,0.04,0.05050000000000001,0.05050000000000001,0.05,,
mixed,200,0.5,2,jittered,grouped,0.5,0.0,0.49922200000000005,3.89,0.04,0.05050000000000001,0.05050000000000001,0.05,,
mixed,200,0.5,5,binary,cart,0.5,0.0,0.5002179999999999,11.57,0.0,0.12775,0.12775,0.0,0.00985,0.0
mixed,200,0.5,5,binary,exact,0.5,0.0,0.499634,15.435,0.07,0.12775,0.12775,0.0,,
mixed,200,0.5,5,binary,fragmented,0.5,0.0,0.500617,12.875,0.0,0.12775,0.12775,0.0,,
mixed,200,0.5,5,binary,grouped,0.5,0.0,0.499634,15.435,0.07,0.12775,0.12775,0.0,,
mixed,200,0.5,5,jittered,cart,0.5,0.0,0.500045,11.31,0.06,0.061750000000000006,0.0675,1.04,0.01432,0.0
mixed,200,0.5,5,jittered,exact,0.5,0.0,0.49996,12.945,0.05,0.061750000000000006,0.0675,1.04,,
mixed,200,0.5,5,jittered,fragmented,0.5,0.0,0.49968,12.935,0.05,0.061750000000000006,0.0675,1.04,,
mixed,200,0.5,5,jittered,grouped,0.5,0.0,0.5002300000000001,13.615,0.065,0.061750000000000006,0.0675,1.04,,
mixed,800,0.4,2,binary,cart,0.584354,0.0011846114728925013,0.584991,4.0,1.0,0.8915000000000001,0.8915000000000001,0.0,0.0,0.0
mixed,800,0.4,2,binary,exact,0.5920192,0.0008180829636885165,0.592847,4.0,1.0,0.8915000000000001,0.8915000000000001,0.0,,
mixed,800,0.4,2,binary,fragmented,0.502566,0.0010537896674937472,0.5023449999999999,3.97,0.005,0.8915000000000001,0.8915000000000001,0.0,,
mixed,800,0.4,2,binary,grouped,0.5920192,0.0008180829636885165,0.592847,4.0,1.0,0.8915000000000001,0.8915000000000001,0.0,,
mixed,800,0.4,2,jittered,cart,0.5809124,0.0011435533228542755,0.581387,4.0,1.0,0.16925,0.17600000000000002,0.155,0.0,0.0
mixed,800,0.4,2,jittered,exact,0.5849476,0.0014952150519096862,0.585321,3.995,0.85,0.16925,0.17600000000000002,0.155,,
mixed,800,0.4,2,jittered,fragmented,0.5841014,0.0015499883060670885,0.584532,3.995,0.835,0.16925,0.17600000000000002,0.155,,
mixed,800,0.4,2,jittered,grouped,0.585008,0.0015063358851846338,0.585381,3.995,0.85,0.16925,0.17600000000000002,0.155,,
mixed,800,0.4,5,binary,cart,0.5514596,0.0012315356754065204,0.551357,21.345,1.0,0.9422499999999999,0.9422499999999999,0.0,0.0035099999999999997,2.8000000000000247e-05
mixed,800,0.4,5,binary,exact,0.567221,0.0009701488229614398,0.567996,31.685,1.0,0.9422499999999999,0.9422499999999999,0.0,,
mixed,800,0.4,5,binary,fragmented,0.500036,0.00011256890687028015,0.499629,19.2,0.0,0.9422499999999999,0.9422499999999999,0.0,,
mixed,800,0.4,5,binary,grouped,0.567221,0.0009701488229614398,0.567996,31.685,1.0,0.9422499999999999,0.9422499999999999,0.0,,
mixed,800,0.4,5,jittered,cart,0.5477272,0.0012313354195250307,0.547637,20.81,1.0,0.17225000000000001,0.1805,1.55,0.005620000000000001,5.039999999999767e-05
mixed,800,0.4,5,jittered,exact,0.5700964,0.0010629736686774073,0.570479,21.31,0.67,0.17225000000000001,0.1805,1.55,,
mixed,800,0.4,5,jittered,fragmented,0.5684058,0.0012531222160033734,0.568658,21.325,0.665,0.17225000000000001,0.1805,1.55,,
mixed,800,0.4,5,jittered,grouped,0.5684857999999999,0.0013236577734847222,0.5688920000000001,22.705,0.645,0.17225000000000001,0.1805,1.55,,
wine,200,0.1,2,binary,cart,0.8980191999999999,0.0007556056486563656,0.898154,4.0,1.0,1.0,1.0,0.0,0.0,0.0
wine,200,0.1,2,binary,exact,0.8984168,0.0007057843057416026,0.8985550000000001,4.0,1.0,1.0,1.0,0.0,,
wine,200,0.1,2,binary,fragmented,0.5023768,0.0010139870995185046,0.502029,3.885,0.0,1.0,1.0,0.0,,
wine,200,0.1,2,binary,grouped,0.8984168,0.0007057843057416026,0.8985550000000001,4.0,1.0,1.0,1.0,0.0,,
wine,200,0.1,2,jittered,cart,0.895364,0.0008134479255847857,0.895531,4.0,1.0,0.36375,0.69825,0.965,0.0,0.0
wine,200,0.1,2,jittered,exact,0.8898992,0.0029231482025154566,0.890072,3.985,0.86,0.36375,0.69825,0.965,,
wine,200,0.1,2,jittered,fragmented,0.7166896,0.013071134857060318,0.71662,3.93,0.435,0.36375,0.69825,0.965,,
wine,200,0.1,2,jittered,grouped,0.8965104,0.0007414752774945895,0.8966580000000001,4.0,0.98,0.36375,0.69825,0.965,,
wine,200,0.1,5,binary,cart,0.8876728,0.0017203558066012192,0.887759,10.015,1.0,1.0,1.0,0.0,0.0018210000000000001,-0.00037040000000000017
wine,200,0.1,5,binary,exact,0.896344,0.0010032545231350594,0.8965099999999999,12.025,1.0,1.0,1.0,0.0,,
wine,200,0.1,5,binary,fragmented,0.503544,0.0011040487936198596,0.503534,11.095,0.0,1.0,1.0,0.0,,
wine,200,0.1,5,binary,grouped,0.896344,0.0010032545231350594,0.8965099999999999,12.025,1.0,1.0,1.0,0.0,,
wine,200,0.1,5,jittered,cart,0.8827088000000001,0.001945325605485309,0.882786,9.755,1.0,0.36424999999999996,0.69975,0.965,0.003286,0.00015520000000000033
wine,200,0.1,5,jittered,exact,0.8900408,0.0013376858126882174,0.8902450000000001,11.925,0.765,0.36424999999999996,0.69975,0.965,,
wine,200,0.1,5,jittered,fragmented,0.7410352,0.01155958908890457,0.741458,11.475,0.365,0.36424999999999996,0.69975,0.965,,
wine,200,0.1,5,jittered,grouped,0.8951024,0.0009811511090007839,0.895286,11.985,0.965,0.36424999999999996,0.69975,0.965,,
wine,200,0.4,2,binary,cart,0.5347936,0.002572667113246074,0.535006,3.84,0.46,0.3375,0.3375,0.0,0.003461,0.0004533999999999999
wine,200,0.4,2,binary,exact,0.5559843999999999,0.0027641424712206903,0.5565599999999999,3.93,0.68,0.3375,0.3375,0.0,,
wine,200,0.4,2,binary,fragmented,0.499975,0.00013597086223483492,0.500205,3.81,0.0,0.3375,0.3375,0.0,,
wine,200,0.4,2,binary,grouped,0.5559843999999999,0.0027641424712206903,0.5565599999999999,3.93,0.68,0.3375,0.3375,0.0,,
wine,200,0.4,2,jittered,cart,0.5411742,0.0021908305558445427,0.5417649999999999,3.915,0.675,0.12225,0.13125,0.12,0.0,0.0
wine,200,0.4,2,jittered,exact,0.5325036,0.0025604700603305717,0.532296,3.885,0.315,0.12225,0.13125,0.12,,
wine,200,0.4,2,jittered,fragmented,0.5285188000000001,0.002419188632786832,0.52825,3.875,0.275,0.12225,0.13125,0.12,,
wine,200,0.4,2,jittered,grouped,0.5330956,0.002546854420731975,0.5329659999999999,3.895,0.335,0.12225,0.13125,0.12,,
wine,200,0.4,5,binary,cart,0.5210658,0.0012070064101614595,0.5214909999999999,12.78,0.46,0.59375,0.59375,0.0,0.013079,-0.00012260000000000076
wine,200,0.4,5,binary,exact,0.5431073999999999,0.0015030911286094803,0.543163,14.165,0.93,0.59375,0.59375,0.0,,
wine,200,0.4,5,binary,fragmented,0.500126,0.00011232535299131315,0.499384,12.96,0.0,0.59375,0.59375,0.0,,
wine,200,0.4,5,binary,grouped,0.5431073999999999,0.0015030911286094803,0.543163,14.165,0.93,0.59375,0.59375,0.0,,
wine,200,0.4,5,jittered,cart,0.5243764,0.0011397728836622047,0.524684,12.755,0.675,0.14200000000000002,0.16725,0.455,0.012747,-0.00015900000000000053
wine,200,0.4,5,jittered,exact,0.5274618,0.0017467233312058587,0.527343,13.39,0.235,0.14200000000000002,0.16725,0.455,,
wine,200,0.4,5,jittered,fragmented,0.5254072,0.0016849222640762684,0.525166,13.345,0.21,0.14200000000000002,0.16725,0.455,,
wine,200,0.4,5,jittered,grouped,0.5321824,0.0017435051079671478,0.5321359999999999,13.585,0.31,0.14200000000000002,0.16725,0.455,,
wine,200,0.5,2,binary,cart,0.5,0.0,0.49873100000000004,3.745,0.01,0.0415,0.0415,0.0,0.001022,0.0
wine,200,0.5,2,binary,exact,0.5,0.0,0.49888899999999997,3.815,0.07,0.0415,0.0415,0.0,,
wine,200,0.5,2,binary,fragmented,0.5,0.0,0.498971,3.8,0.0,0.0415,0.0415,0.0,,
wine,200,0.5,2,binary,grouped,0.5,0.0,0.49888899999999997,3.815,0.07,0.0415,0.0415,0.0,,
wine,200,0.5,2,jittered,cart,0.5,0.0,0.49890900000000005,3.75,0.075,0.06675,0.068,0.03,0.002105,0.0
wine,200,0.5,2,jittered,exact,0.5,0.0,0.499668,3.81,0.055,0.06675,0.068,0.03,,
wine,200,0.5,2,jittered,fragmented,0.5,0.0,0.499668,3.81,0.055,0.06675,0.068,0.03,,
wine,200,0.5,2,jittered,grouped,0.5,0.0,0.499713,3.81,0.055,0.06675,0.068,0.03,,
wine,200,0.5,5,binary,cart,0.5,0.0,0.499367,11.35,0.01,0.251,0.251,0.0,0.015261,0.0
wine,200,0.5,5,binary,exact,0.5,0.0,0.500029,13.53,0.52,0.251,0.251,0.0,,
wine,200,0.5,5,binary,fragmented,0.5,0.0,0.49983199999999994,12.355,0.0,0.251,0.251,0.0,,
wine,200,0.5,5,binary,grouped,0.5,0.0,0.500029,13.53,0.52,0.251,0.251,0.0,,
wine,200,0.5,5,jittered,cart,0.5,0.0,0.49931800000000004,11.225,0.075,0.09225,0.1145,0.43,0.013708,0.0
wine,200,0.5,5,jittered,exact,0.5,0.0,0.500364,12.425,0.045,0.09225,0.1145,0.43,,
wine,200,0.5,5,jittered,fragmented,0.5,0.0,0.5003139999999999,12.41,0.045,0.09225,0.1145,0.43,,
wine,200,0.5,5,jittered,grouped,0.5,0.0,0.499964,12.75,0.105,0.09225,0.1145,0.43,,
wine,800,0.4,2,binary,cart,0.5876524,0.0011811088696686897,0.5878990000000001,4.0,1.0,0.92525,0.92525,0.0,0.000715,6.200000000000094e-06
wine,800,0.4,2,binary,exact,0.593305,0.0007779710985317857,0.5931219999999999,4.0,1.0,0.92525,0.92525,0.0,,
wine,800,0.4,2,binary,fragmented,0.5003962,0.00037321470210771015,0.50063,3.96,0.0,0.92525,0.92525,0.0,,
wine,800,0.4,2,binary,grouped,0.593305,0.0007779710985317857,0.5931219999999999,4.0,1.0,0.92525,0.92525,0.0,,
wine,800,0.4,2,jittered,cart,0.5837701999999999,0.0010913715495171554,0.584096,4.0,1.0,0.17375,0.17675000000000002,0.115,0.0,0.0
wine,800,0.4,2,jittered,exact,0.5743396,0.0024510632784928003,0.574199,3.99,0.625,0.17375,0.17675000000000002,0.115,,
wine,800,0.4,2,jittered,fragmented,0.5742042,0.0024463307672746484,0.574048,3.99,0.615,0.17375,0.17675000000000002,0.115,,
wine,800,0.4,2,jittered,grouped,0.5744106,0.0024543586985822856,0.574272,3.99,0.635,0.17375,0.17675000000000002,0.115,,
wine,800,0.4,5,binary,cart,0.5547676,0.0013018779598378476,0.554923,20.67,1.0,0.991,0.991,0.0,0.003992,-0.00016439999999999955
wine,800,0.4,5,binary,exact,0.5731208,0.001063019231355273,0.5727709999999999,22.1,1.0,0.991,0.991,0.0,,
wine,800,0.4,5,binary,fragmented,0.5000378,9.63966668870592e-05,0.499958,19.855,0.0,0.991,0.991,0.0,,
wine,800,0.4,5,binary,grouped,0.5731208,0.001063019231355273,0.5727709999999999,22.1,1.0,0.991,0.991,0.0,,
wine,800,0.4,5,jittered,cart,0.551002,0.001278525619138689,0.551411,20.675,1.0,0.18100000000000002,0.18875,0.245,0.003739,-2.5800000000000268e-05
wine,800,0.4,5,jittered,exact,0.5537018,0.002268841562112667,0.5534279999999999,21.55,0.235,0.18100000000000002,0.18875,0.245,,
wine,800,0.4,5,jittered,fragmented,0.5533612,0.0022777350631470387,0.553009,21.57,0.23,0.18100000000000002,0.18875,0.245,,
wine,800,0.4,5,jittered,grouped,0.5564874,0.002174063468721681,0.556008,21.645,0.265,0.18100000000000002,0.18875,0.245,,
xor,200,0.1,2,binary,cart,0.5038552,0.002853743313491331,0.503992,3.755,0.01,0.026750000000000003,0.026750000000000003,0.0,0.00048300000000000003,3.999999999999837e-06
xor,200,0.1,2,binary,exact,0.5048424,0.0028417575938689,0.505,3.915,0.035,0.026750000000000003,0.026750000000000003,0.0,,
xor,200,0.1,2,binary,fragmented,0.5006456,0.00038689424781841226,0.500882,3.905,0.0,0.026750000000000003,0.026750000000000003,0.0,,
xor,200,0.1,2,binary,grouped,0.5048424,0.0028417575938689,0.505,3.915,0.035,0.026750000000000003,0.026750000000000003,0.0,,
xor,200,0.1,2,jittered,cart,0.5151616,0.004641955746553904,0.515305,3.76,0.09,0.06325,0.075,0.215,0.0,0.0
xor,200,0.1,2,jittered,exact,0.5059632,0.0025853756681626827,0.505939,3.905,0.145,0.06325,0.075,0.215,,
xor,200,0.1,2,jittered,fragmented,0.5042672,0.002241139153270409,0.5041910000000001,3.905,0.135,0.06325,0.075,0.215,,
xor,200,0.1,2,jittered,grouped,0.5138888,0.0041552022890727685,0.51383,3.925,0.21,0.06325,0.075,0.215,,
xor,200,0.1,5,binary,cart,0.509516,0.0038231070528679215,0.509928,11.795,0.01,0.132,0.132,0.0,0.01399,-0.0001488000000000003
xor,200,0.1,5,binary,exact,0.6175728,0.01208282290474944,0.6176189999999999,13.835,0.46,0.132,0.132,0.0,,
xor,200,0.1,5,binary,fragmented,0.499092,0.0003557442478090777,0.498976,13.05,0.0,0.132,0.132,0.0,,
xor,200,0.1,5,binary,grouped,0.6175728,0.01208282290474944,0.6176189999999999,13.835,0.46,0.132,0.132,0.0,,
xor,200,0.1,5,jittered,cart,0.5505664,0.007540871268803316,0.550709,11.74,0.09,0.08474999999999999,0.16899999999999998,1.325,0.014227,-0.0002663999999999997
xor,200,0.1,5,jittered,exact,0.5500072,0.007590644062741725,0.549664,13.33,0.195,0.08474999999999999,0.16899999999999998,1.325,,
xor,200,0.1,5,jittered,fragmented,0.5252752,0.004939374969593953,0.525035,13.16,0.155,0.08474999999999999,0.16899999999999998,1.325,,
xor,200,0.1,5,jittered,grouped,0.6751056,0.012451460483980206,0.6751269999999999,13.85,0.545,0.08474999999999999,0.16899999999999998,1.325,,
xor,200,0.4,2,binary,cart,0.4998424,0.00010163671239533824,0.49951500000000004,3.765,0.005,0.02725,0.02725,0.0,0.00044699999999999997,4.19999999999976e-06
xor,200,0.4,2,binary,exact,0.4999366,0.00011091552401416464,0.500248,3.875,0.045,0.02725,0.02725,0.0,,
xor,200,0.4,2,binary,fragmented,0.4999692,0.00011092401672963898,0.500301,3.865,0.0,0.02725,0.02725,0.0,,
xor,200,0.4,2,binary,grouped,0.4999366,0.00011091552401416464,0.500248,3.875,0.045,0.02725,0.02725,0.0,,
xor,200,0.4,2,jittered,cart,0.5001822,0.0002482374770761368,0.49987200000000004,3.775,0.07,0.061500000000000006,0.061500000000000006,0.0,0.00044699999999999997,4.19999999999976e-06
xor,200,0.4,2,jittered,exact,0.49994059999999996,0.00010997595991303718,0.50006,3.86,0.105,0.061500000000000006,0.061500000000000006,0.0,,
xor,200,0.4,2,jittered,fragmented,0.49994059999999996,0.00010997595991303718,0.50006,3.86,0.105,0.061500000000000006,0.061500000000000006,0.0,,
xor,200,0.4,2,jittered,grouped,0.49994059999999996,0.00010997595991303718,0.50006,3.86,0.105,0.061500000000000006,0.061500000000000006,0.0,,
xor,200,0.4,5,binary,cart,0.499963,0.0001290095045386446,0.500338,11.73,0.005,0.11075000000000002,0.11075000000000002,0.0,0.013741000000000001,-1.4000000000000124e-06
xor,200,0.4,5,binary,exact,0.5051372,0.0010428616412612318,0.505245,13.535,0.29,0.11075000000000002,0.11075000000000002,0.0,,
xor,200,0.4,5,binary,fragmented,0.5000122,0.0001069602650120936,0.499938,12.84,0.0,0.11075000000000002,0.11075000000000002,0.0,,
xor,200,0.4,5,binary,grouped,0.5051372,0.0010428616412612318,0.505245,13.535,0.29,0.11075000000000002,0.11075000000000002,0.0,,
xor,200,0.4,5,jittered,cart,0.5010686,0.00031066799515894867,0.501524,11.745,0.07,0.07375,0.08125,0.225,0.012638,-3.800000000000081e-05
xor,200,0.4,5,jittered,exact,0.5000214,0.00016104654653470164,0.49987200000000004,12.885,0.075,0.07375,0.08125,0.225,,
xor,200,0.4,5,jittered,fragmented,0.500027,0.00016126583129016695,0.49985,12.89,0.075,0.07375,0.08125,0.225,,
xor,200,0.4,5,jittered,grouped,0.500679,0.0003732641230116258,0.500514,13.0,0.1,0.07375,0.08125,0.225,,
xor,800,0.4,2,binary,cart,0.5004964,0.0005113981379291354,0.500426,3.865,0.005,0.018000000000000002,0.018000000000000002,0.0,9.900000000000001e-05,-6.00000000000045e-07
xor,800,0.4,2,binary,exact,0.500552,0.0005102351019838623,0.500616,3.925,0.025,0.018000000000000002,0.018000000000000002,0.0,,
xor,800,0.4,2,binary,fragmented,0.5000174,0.00010163668767431891,0.500225,3.925,0.005,0.018000000000000002,0.018000000000000002,0.0,,
xor,800,0.4,2,binary,grouped,0.500552,0.0005102351019838623,0.500616,3.925,0.025,0.018000000000000002,0.018000000000000002,0.0,,
xor,800,0.4,2,jittered,cart,0.5017262,0.0007287766081060866,0.501831,3.865,0.13,0.0575,0.05775,0.005,9.900000000000001e-05,-6.00000000000045e-07
xor,800,0.4,2,jittered,exact,0.5003448,0.0004050869064892681,0.500834,3.925,0.15,0.0575,0.05775,0.005,,
xor,800,0.4,2,jittered,fragmented,0.5003448,0.0004050869064892681,0.500834,3.925,0.15,0.0575,0.05775,0.005,,
xor,800,0.4,2,jittered,grouped,0.5003428,0.00040510535982977796,0.500802,3.925,0.155,0.0575,0.05775,0.005,,
xor,800,0.4,5,binary,cart,0.5004764,0.00025944342282709955,0.500698,16.665,0.005,0.13475,0.13475,0.0,0.002366,5.199999999999372e-06
xor,800,0.4,5,binary,exact,0.5201462,0.0023208302204947707,0.5207269999999999,21.29,0.485,0.13475,0.13475,0.0,,
xor,800,0.4,5,binary,fragmented,0.49992980000000004,9.971879960656828e-05,0.500963,19.105,0.0,0.13475,0.13475,0.0,,
xor,800,0.4,5,binary,grouped,0.5201462,0.0023208302204947707,0.5207269999999999,21.29,0.485,0.13475,0.13475,0.0,,
xor,800,0.4,5,jittered,cart,0.5031018,0.0005939315086648663,0.503255,16.885,0.13,0.06925,0.08125,0.24,0.001915,9.400000000001074e-06
xor,800,0.4,5,jittered,exact,0.501341,0.0005619829885298885,0.501495,18.925,0.125,0.06925,0.08125,0.24,,
xor,800,0.4,5,jittered,fragmented,0.5013452,0.0005618792094660121,0.501544,18.925,0.125,0.06925,0.08125,0.24,,
xor,800,0.4,5,jittered,grouped,0.5031346,0.0009065866483435401,0.503493,19.305,0.19,0.06925,0.08125,0.24,,
