condition,context,n,eta,delta,flagged_count,first_feature_flagged
0,gaussian,200,0.4,0.25,1.0,1.0
1,gaussian,800,0.4,0.25,1.0,1.0
2,binary,200,0.4,0.25,20.0,1.0
3,binary,800,0.4,0.25,20.0,1.0
4,mixed,200,0.4,0.25,10.0,1.0
5,mixed,800,0.4,0.25,10.0,1.0
6,correlated,200,0.4,0.25,1.0,1.0
7,correlated,800,0.4,0.25,1.0,1.0
8,xor,200,0.4,0.25,2.0,1.0
9,xor,800,0.4,0.25,2.0,1.0
10,majority,200,0.4,0.25,3.0,1.0
11,majority,800,0.4,0.25,3.0,1.0
12,breast_cancer,200,0.4,0.25,1.0,1.0
13,breast_cancer,800,0.4,0.25,1.0,1.0
14,wine,200,0.4,0.25,1.0,1.0
15,wine,800,0.4,0.25,1.0,1.0
16,digits,200,0.4,0.25,1.0,1.0
17,digits,800,0.4,0.25,1.0,1.0
18,gaussian,200,0.1,0.25,1.0,1.0
19,xor,200,0.1,0.25,2.0,1.0
20,majority,200,0.1,0.25,3.0,1.0
21,gaussian,200,0.4,0.0,1.0,1.0
22,gaussian,200,0.4,0.1,1.0,1.0
23,gaussian,200,0.4,0.4,0.0,0.0
24,gaussian,200,0.4,0.6,0.0,0.0
25,continuous,200,0.1,0.25,0.0,0.0
26,continuous,200,0.4,0.25,0.0,0.0
27,within_cluster,200,0.1,0.25,1.0,1.0
28,within_cluster,200,0.4,0.25,1.0,1.0
29,imbalanced,200,0.1,0.25,1.0,1.0
30,imbalanced,200,0.4,0.25,1.0,1.0
31,contaminated,200,0.1,0.25,0.13,0.13
32,contaminated,200,0.4,0.25,0.12,0.12
33,gaussian,200,0.5,0.25,1.0,1.0
