condition,context,n,eta,delta,depth,arm,accuracy,mcse,observed_accuracy,leaves,candidates,canonical_test_disagreement
0,gaussian,200,0.4,0.25,2,aloof,0.5299076,0.0023282563776354176,0.529888,3.825,,
0,gaussian,200,0.4,0.25,2,cart,0.5291624,0.00208835555300789,0.5286460000000001,3.875,,
0,gaussian,200,0.4,0.25,2,diagnostic,,,,,,0.0012317
0,gaussian,200,0.4,0.25,2,gap_cart,0.5272726,0.0025374422618774607,0.526655,3.855,,
0,gaussian,200,0.4,0.25,2,literal,0.5338918,0.0026366843622113063,0.533479,3.935,,
0,gaussian,200,0.4,0.25,2,mixed_grouped,0.5386636,0.0029314847345576814,0.5385,3.905,51.115,
0,gaussian,200,0.4,0.25,2,mixed_peak,0.5413203999999999,0.002975056828847874,0.541176,3.935,51.115,
0,gaussian,200,0.4,0.25,2,node_vote,0.530301,0.0021037060753005105,0.530537,3.88,,
0,gaussian,200,0.4,0.25,2,raw_grouped,0.5357094,0.0026537701706805675,0.535613,3.925,51.24,
0,gaussian,200,0.4,0.25,2,raw_peak,0.534211,0.002677600154604808,0.534151,3.95,51.24,
0,gaussian,200,0.4,0.25,2,tuned_cart,0.5321186,0.0025660836378383904,0.531505,2.785,,
0,gaussian,200,0.4,0.25,5,aloof,0.5178396,0.0011827286393640169,0.518394,11.58,,
0,gaussian,200,0.4,0.25,5,cart,0.517517,0.0009900125145140702,0.5174730000000001,12.56,,
0,gaussian,200,0.4,0.25,5,diagnostic,,,,,,0.0027928999999999996
0,gaussian,200,0.4,0.25,5,gap_cart,0.5140016,0.0010940564081991417,0.5137360000000001,12.605,,
0,gaussian,200,0.4,0.25,5,literal,0.5270652,0.0017241841431813452,0.527376,13.535,,
0,gaussian,200,0.4,0.25,5,mixed_grouped,0.533409,0.0018500340442338134,0.5337850000000001,13.935,191.155,
0,gaussian,200,0.4,0.25,5,mixed_peak,0.5351348,0.0017853990347725722,0.534744,13.68,191.155,
0,gaussian,200,0.4,0.25,5,node_vote,0.5212542,0.0012545788105012745,0.521625,11.58,,
0,gaussian,200,0.4,0.25,5,raw_grouped,0.5294534,0.0018368670570091965,0.529049,13.645,190.89,
0,gaussian,200,0.4,0.25,5,raw_peak,0.5278408,0.001756235351497414,0.527436,13.385,190.89,
0,gaussian,200,0.4,0.25,5,tuned_cart,0.5297688,0.002405616997464987,0.529664,4.935,,
1,gaussian,800,0.4,0.25,2,aloof,0.5780726,0.0014998210701320537,0.5778179999999999,4.0,,
1,gaussian,800,0.4,0.25,2,cart,0.5790826,0.0012510835850911084,0.578782,4.0,,
1,gaussian,800,0.4,0.25,2,diagnostic,,,,,,0.00030585000000000003
1,gaussian,800,0.4,0.25,2,gap_cart,0.5806984,0.0013520974910584782,0.580689,4.0,,
1,gaussian,800,0.4,0.25,2,literal,0.5827064,0.0016349991271953775,0.5822350000000001,4.0,,
1,gaussian,800,0.4,0.25,2,mixed_grouped,0.5907903999999999,0.0008787079249024851,0.590533,4.0,47.22,
1,gaussian,800,0.4,0.25,2,mixed_peak,0.5910474,0.0008559193160443853,0.59059,4.0,47.22,
1,gaussian,800,0.4,0.25,2,node_vote,0.5783684,0.0013583445907930293,0.577999,3.99,,
1,gaussian,800,0.4,0.25,2,raw_grouped,0.5843174,0.0015314572973045431,0.584118,4.0,50.635,
1,gaussian,800,0.4,0.25,2,raw_peak,0.582565,0.0017657759479878699,0.582328,4.0,50.635,
1,gaussian,800,0.4,0.25,2,tuned_cart,0.5869446,0.0014505707676496856,0.586608,2.46,,
1,gaussian,800,0.4,0.25,5,aloof,0.550291,0.0013469496806529392,0.5501659999999999,19.125,,
1,gaussian,800,0.4,0.25,5,cart,0.5470866,0.0012137692702515724,0.546906,20.3,,
1,gaussian,800,0.4,0.25,5,diagnostic,,,,,,0.0010404
1,gaussian,800,0.4,0.25,5,gap_cart,0.5480764,0.0014160867926158707,0.5477150000000001,20.45,,
1,gaussian,800,0.4,0.25,5,literal,0.566275,0.0013722890223287583,0.566348,20.795,,
1,gaussian,800,0.4,0.25,5,mixed_grouped,0.5717172,0.0009050280768570091,0.571125,21.735,365.42,
1,gaussian,800,0.4,0.25,5,mixed_peak,0.5725828,0.0008943968747978944,0.571761,20.665,365.42,
1,gaussian,800,0.4,0.25,5,node_vote,0.5452652,0.001017454556070364,0.544991,21.645,,
1,gaussian,800,0.4,0.25,5,raw_grouped,0.5635698,0.0016320475039273137,0.562632,20.82,370.1,
1,gaussian,800,0.4,0.25,5,raw_peak,0.5666432,0.0015213223118995581,0.5662210000000001,20.29,370.1,
1,gaussian,800,0.4,0.25,5,tuned_cart,0.5854081999999999,0.0015522984041341358,0.5849519999999999,3.345,,
2,binary,200,0.4,0.25,2,aloof,0.5355124,0.002425019046954157,0.535227,3.85,,
2,binary,200,0.4,0.25,2,cart,0.5364956,0.0022850054161773436,0.536537,3.935,,
2,binary,200,0.4,0.25,2,diagnostic,,,,,,0.00118475
2,binary,200,0.4,0.25,2,gap_cart,0.546415,0.002417825734292493,0.545306,4.0,,
2,binary,200,0.4,0.25,2,literal,0.5366312,0.002728549115220551,0.536715,3.93,,
2,binary,200,0.4,0.25,2,mixed_grouped,0.5556998,0.002779958757475788,0.555396,4.0,39.25,
2,binary,200,0.4,0.25,2,mixed_peak,0.5549687999999999,0.002755033316618583,0.554601,4.0,39.25,
2,binary,200,0.4,0.25,2,node_vote,0.5327497999999999,0.0023091269902466224,0.532342,3.935,,
2,binary,200,0.4,0.25,2,raw_grouped,0.5361946,0.0026693930603704217,0.536808,3.92,51.385,
2,binary,200,0.4,0.25,2,raw_peak,0.5355886,0.0027071419760686653,0.535708,3.925,51.385,
2,binary,200,0.4,0.25,2,tuned_cart,0.5352738,0.002646619660232585,0.535252,2.58,,
2,binary,200,0.4,0.25,5,aloof,0.5191714000000001,0.0011626747667625415,0.518414,11.76,,
2,binary,200,0.4,0.25,5,cart,0.5200636,0.001109469851757946,0.519607,12.85,,
2,binary,200,0.4,0.25,5,diagnostic,,,,,,0.00255755
2,binary,200,0.4,0.25,5,gap_cart,0.5262604000000001,0.001265693731639513,0.526105,15.3,,
2,binary,200,0.4,0.25,5,literal,0.5304552,0.0019201898683339257,0.530323,13.465,,
2,binary,200,0.4,0.25,5,mixed_grouped,0.5364306,0.0019998187853078964,0.536292,15.445,115.325,
2,binary,200,0.4,0.25,5,mixed_peak,0.5371754,0.0020103477771583767,0.537348,15.405,115.325,
2,binary,200,0.4,0.25,5,node_vote,0.5214398,0.0013402783029830914,0.521528,11.67,,
2,binary,200,0.4,0.25,5,raw_grouped,0.5307884,0.001935282698422654,0.5312250000000001,14.05,190.3,
2,binary,200,0.4,0.25,5,raw_peak,0.5295297999999999,0.0018017352327812275,0.529006,13.32,190.3,
2,binary,200,0.4,0.25,5,tuned_cart,0.5330086,0.002517819027147768,0.53301,4.175,,
3,binary,800,0.4,0.25,2,aloof,0.578877,0.0015363079396485378,0.578631,3.99,,
3,binary,800,0.4,0.25,2,cart,0.5783733999999999,0.0014297784423367326,0.577951,4.0,,
3,binary,800,0.4,0.25,2,diagnostic,,,,,,0.00030294999999999996
3,binary,800,0.4,0.25,2,gap_cart,0.5944918,0.001111237249611721,0.594563,4.0,,
3,binary,800,0.4,0.25,2,literal,0.5839642,0.0015458851562719362,0.583973,4.0,,
3,binary,800,0.4,0.25,2,mixed_grouped,0.5956558,0.0009659763679912606,0.595537,4.0,37.93,
3,binary,800,0.4,0.25,2,mixed_peak,0.5959720000000001,0.0009619374085092267,0.595844,4.0,37.93,
3,binary,800,0.4,0.25,2,node_vote,0.5787407999999999,0.0013446100541751663,0.578306,4.0,,
3,binary,800,0.4,0.25,2,raw_grouped,0.5833206,0.0016539408331612071,0.583173,4.0,50.89,
3,binary,800,0.4,0.25,2,raw_peak,0.5836694,0.0016534558535072797,0.583431,4.0,50.89,
3,binary,800,0.4,0.25,2,tuned_cart,0.5875644,0.001410494700343993,0.587348,2.36,,
3,binary,800,0.4,0.25,5,aloof,0.5463646,0.001425700390057832,0.545921,19.33,,
3,binary,800,0.4,0.25,5,cart,0.5447232,0.0012856041376699005,0.544856,20.225,,
3,binary,800,0.4,0.25,5,diagnostic,,,,,,0.00101915
3,binary,800,0.4,0.25,5,gap_cart,0.538222,0.0006056169079508763,0.538152,32.0,,
3,binary,800,0.4,0.25,5,literal,0.5660552,0.001326297224015854,0.5657099999999999,20.775,,
3,binary,800,0.4,0.25,5,mixed_grouped,0.5476068000000001,0.0020832617855506483,0.547972,32.0,206.265,
3,binary,800,0.4,0.25,5,mixed_peak,0.5564908,0.001581218224079397,0.556268,32.0,206.265,
3,binary,800,0.4,0.25,5,node_vote,0.542359,0.0010944579415992411,0.541573,22.305,,
3,binary,800,0.4,0.25,5,raw_grouped,0.5628228,0.0015949317594765409,0.5622240000000001,22.84,370.575,
3,binary,800,0.4,0.25,5,raw_peak,0.5665338,0.001261253475494611,0.566545,21.165,370.575,
3,binary,800,0.4,0.25,5,tuned_cart,0.5852314,0.0015265142840790863,0.5847950000000001,3.63,,
4,mixed,200,0.4,0.25,2,aloof,0.5354238,0.0024871366450712512,0.534819,3.82,,
4,mixed,200,0.4,0.25,2,cart,0.5379656,0.0023985902063692437,0.537098,3.905,,
4,mixed,200,0.4,0.25,2,diagnostic,,,,,,0.00118235
4,mixed,200,0.4,0.25,2,gap_cart,0.5356698,0.002549634463858786,0.534953,3.835,,
4,mixed,200,0.4,0.25,2,literal,0.5365292,0.002642524127728664,0.535828,3.92,,
4,mixed,200,0.4,0.25,2,mixed_grouped,0.5447453999999999,0.0028663477951241475,0.544403,3.92,49.915,
4,mixed,200,0.4,0.25,2,mixed_peak,0.5438221999999999,0.00295101264551168,0.543689,3.935,49.915,
4,mixed,200,0.4,0.25,2,node_vote,0.5358498,0.0022251480442645765,0.535475,3.905,,
4,mixed,200,0.4,0.25,2,raw_grouped,0.537131,0.0026779866725005273,0.5365570000000001,3.91,51.02,
4,mixed,200,0.4,0.25,2,raw_peak,0.5364268,0.002622702570377227,0.535866,3.935,51.02,
4,mixed,200,0.4,0.25,2,tuned_cart,0.5382698,0.002807130661825845,0.5375909999999999,2.485,,
4,mixed,200,0.4,0.25,5,aloof,0.5194829999999999,0.0011702256257129973,0.519053,11.69,,
4,mixed,200,0.4,0.25,5,cart,0.5207672,0.0011319176687569726,0.519868,12.56,,
4,mixed,200,0.4,0.25,5,diagnostic,,,,,,0.0026692
4,mixed,200,0.4,0.25,5,gap_cart,0.5193882,0.0012457269209614277,0.519153,12.78,,
4,mixed,200,0.4,0.25,5,literal,0.5294902,0.0018326939502756269,0.528217,13.46,,
4,mixed,200,0.4,0.25,5,mixed_grouped,0.5370458,0.0019138256752841629,0.535365,15.02,185.615,
4,mixed,200,0.4,0.25,5,mixed_peak,0.5397643999999999,0.0019801923827150766,0.53905,15.08,185.615,
4,mixed,200,0.4,0.25,5,node_vote,0.5231564,0.0013576290059471121,0.522294,11.435,,
4,mixed,200,0.4,0.25,5,raw_grouped,0.530946,0.0019232128635678796,0.530482,13.685,189.09,
4,mixed,200,0.4,0.25,5,raw_peak,0.5307088,0.0018856854298908154,0.529846,13.235,189.09,
4,mixed,200,0.4,0.25,5,tuned_cart,0.5350929999999999,0.0025792724452321173,0.534451,4.965,,
5,mixed,800,0.4,0.25,2,aloof,0.580171,0.0015664327091071619,0.579711,3.97,,
5,mixed,800,0.4,0.25,2,cart,0.5792762,0.0013986650806534042,0.579019,4.0,,
5,mixed,800,0.4,0.25,2,diagnostic,,,,,,0.0002985
5,mixed,800,0.4,0.25,2,gap_cart,0.5816479999999999,0.0014259703211441388,0.58176,3.995,,
5,mixed,800,0.4,0.25,2,literal,0.5829994,0.001754857733986622,0.5827490000000001,3.99,,
5,mixed,800,0.4,0.25,2,mixed_grouped,0.5911044,0.0010537518626985685,0.590894,4.0,46.935,
5,mixed,800,0.4,0.25,2,mixed_peak,0.5908616,0.0011305583746060877,0.590754,4.0,46.935,
5,mixed,800,0.4,0.25,2,node_vote,0.57869,0.0014212375313799636,0.5786,3.995,,
5,mixed,800,0.4,0.25,2,raw_grouped,0.5847133999999999,0.0015948701628602585,0.584339,3.985,50.28,
5,mixed,800,0.4,0.25,2,raw_peak,0.5829842,0.0018107725639049629,0.582619,3.985,50.28,
5,mixed,800,0.4,0.25,2,tuned_cart,0.5854172,0.0017535024078316388,0.584972,2.355,,
5,mixed,800,0.4,0.25,5,aloof,0.546594,0.0014671771207041043,0.5465099999999999,19.93,,
5,mixed,800,0.4,0.25,5,cart,0.546263,0.0013663514542321866,0.546139,20.695,,
5,mixed,800,0.4,0.25,5,diagnostic,,,,,,0.00102845
5,mixed,800,0.4,0.25,5,gap_cart,0.5512372,0.0012270042780249204,0.551226,21.04,,
5,mixed,800,0.4,0.25,5,literal,0.5668428,0.0013544523716006675,0.566522,21.275,,
5,mixed,800,0.4,0.25,5,mixed_grouped,0.5670088,0.0010527803498952798,0.567232,28.52,358.495,
5,mixed,800,0.4,0.25,5,mixed_peak,0.5668108000000001,0.0009908760332992383,0.566966,28.755,358.495,
5,mixed,800,0.4,0.25,5,node_vote,0.5420134,0.0011542504984908305,0.542197,22.37,,
5,mixed,800,0.4,0.25,5,raw_grouped,0.5660198,0.0015111454073020404,0.565951,22.24,372.145,
5,mixed,800,0.4,0.25,5,raw_peak,0.5672206,0.0013862001270238014,0.567409,20.785,372.145,
5,mixed,800,0.4,0.25,5,tuned_cart,0.584321,0.0018228376230481963,0.583843,3.0,,
6,correlated,200,0.4,0.25,2,aloof,0.5389309999999999,0.002594263512223511,0.538469,3.81,,
6,correlated,200,0.4,0.25,2,cart,0.5484592,0.0023902329225244123,0.548098,3.925,,
6,correlated,200,0.4,0.25,2,diagnostic,,,,,,0.00118545
6,correlated,200,0.4,0.25,2,gap_cart,0.5416176,0.0028209930271976004,0.5411480000000001,3.88,,
6,correlated,200,0.4,0.25,2,literal,0.5465414,0.002712405253922712,0.546617,3.88,,
6,correlated,200,0.4,0.25,2,mixed_grouped,0.550994,0.0028076985872390074,0.550838,3.89,48.835,
6,correlated,200,0.4,0.25,2,mixed_peak,0.550758,0.0028279374340061457,0.550644,3.885,48.835,
6,correlated,200,0.4,0.25,2,node_vote,0.5484998,0.0024352205764735972,0.5479769999999999,3.92,,
6,correlated,200,0.4,0.25,2,raw_grouped,0.5494,0.002640951389406103,0.549444,3.92,49.205,
6,correlated,200,0.4,0.25,2,raw_peak,0.5475358,0.0026216286609624744,0.547219,3.88,49.205,
6,correlated,200,0.4,0.25,2,tuned_cart,0.5421222,0.0028304537157468096,0.541749,2.505,,
6,correlated,200,0.4,0.25,5,aloof,0.5212834000000001,0.0012292023242614896,0.520215,11.405,,
6,correlated,200,0.4,0.25,5,cart,0.5230092,0.0011578212673967344,0.52249,12.78,,
6,correlated,200,0.4,0.25,5,diagnostic,,,,,,0.0033750000000000004
6,correlated,200,0.4,0.25,5,gap_cart,0.5192534,0.001332913181700049,0.518899,12.48,,
6,correlated,200,0.4,0.25,5,literal,0.5332372,0.0017061252820912518,0.533308,12.98,,
6,correlated,200,0.4,0.25,5,mixed_grouped,0.535883,0.0017281430691168719,0.535949,13.415,190.39,
6,correlated,200,0.4,0.25,5,mixed_peak,0.5364888,0.0018047285999276963,0.5368200000000001,13.38,190.39,
6,correlated,200,0.4,0.25,5,node_vote,0.525967,0.0014148317992257956,0.5258769999999999,11.85,,
6,correlated,200,0.4,0.25,5,raw_grouped,0.5350138,0.0017209839793227084,0.535033,13.155,190.89,
6,correlated,200,0.4,0.25,5,raw_peak,0.5355548,0.0017496701267847067,0.53562,13.025,190.89,
6,correlated,200,0.4,0.25,5,tuned_cart,0.5416968,0.0025700853844213187,0.5413640000000001,4.595,,
7,correlated,800,0.4,0.25,2,aloof,0.5845248000000001,0.0012736610803261942,0.584527,3.99,,
7,correlated,800,0.4,0.25,2,cart,0.5840952,0.0011197058680540945,0.584237,4.0,,
7,correlated,800,0.4,0.25,2,diagnostic,,,,,,0.0002872
7,correlated,800,0.4,0.25,2,gap_cart,0.5871038,0.0012578513736491105,0.587414,4.0,,
7,correlated,800,0.4,0.25,2,literal,0.5859158,0.0015008271460804736,0.58623,3.99,,
7,correlated,800,0.4,0.25,2,mixed_grouped,0.5916722,0.000873079121018129,0.591868,4.0,46.755,
7,correlated,800,0.4,0.25,2,mixed_peak,0.5924978,0.0008330503467384218,0.59242,4.0,46.755,
7,correlated,800,0.4,0.25,2,node_vote,0.5857132,0.0009758942652175093,0.585861,3.995,,
7,correlated,800,0.4,0.25,2,raw_grouped,0.5857624,0.0015927671351879007,0.585947,3.99,50.195,
7,correlated,800,0.4,0.25,2,raw_peak,0.5856176,0.0015286980341447391,0.585765,3.99,50.195,
7,correlated,800,0.4,0.25,2,tuned_cart,0.5897184,0.0011826943038170965,0.589935,2.405,,
7,correlated,800,0.4,0.25,5,aloof,0.556155,0.0012818521442030625,0.555758,18.52,,
7,correlated,800,0.4,0.25,5,cart,0.553259,0.0012621556080351071,0.553458,20.24,,
7,correlated,800,0.4,0.25,5,diagnostic,,,,,,0.0012782499999999999
7,correlated,800,0.4,0.25,5,gap_cart,0.5561266,0.0012413633541737193,0.555994,20.265,,
7,correlated,800,0.4,0.25,5,literal,0.567796,0.0012543695848020156,0.567863,20.39,,
7,correlated,800,0.4,0.25,5,mixed_grouped,0.5709406,0.0011196214355731916,0.5710540000000001,20.405,353.22,
7,correlated,800,0.4,0.25,5,mixed_peak,0.571832,0.0010260613282091038,0.571669,20.97,353.22,
7,correlated,800,0.4,0.25,5,node_vote,0.550625,0.001088521949790577,0.550182,21.275,,
7,correlated,800,0.4,0.25,5,raw_grouped,0.5676566,0.0013446643870382094,0.567908,20.105,357.855,
7,correlated,800,0.4,0.25,5,raw_peak,0.56623,0.0013546759741631478,0.566241,20.47,357.855,
7,correlated,800,0.4,0.25,5,tuned_cart,0.5888196,0.0012470610109473897,0.5888909999999999,3.265,,
8,xor,200,0.4,0.25,2,aloof,0.5005858,0.00021529382003374737,0.501145,3.685,,
8,xor,200,0.4,0.25,2,cart,0.5014721999999999,0.0005109874329011569,0.502095,3.785,,
8,xor,200,0.4,0.25,2,diagnostic,,,,,,0.0011446
8,xor,200,0.4,0.25,2,gap_cart,0.5008585999999999,0.00037117029398333907,0.501521,3.785,,
8,xor,200,0.4,0.25,2,literal,0.500207,9.574355929110144e-05,0.500119,3.89,,
8,xor,200,0.4,0.25,2,mixed_grouped,0.5002989999999999,0.0002552236874846578,0.499763,3.87,52.035,
8,xor,200,0.4,0.25,2,mixed_peak,0.5001408,9.092885727549394e-05,0.49975200000000003,3.885,52.035,
8,xor,200,0.4,0.25,2,node_vote,0.5007079999999999,0.0003481728906865743,0.50125,3.89,,
8,xor,200,0.4,0.25,2,raw_grouped,0.5005006000000001,0.00035922462311100865,0.500407,3.88,52.13,
8,xor,200,0.4,0.25,2,raw_peak,0.5001326,0.00010253493680854181,0.49971499999999996,3.9,52.13,
8,xor,200,0.4,0.25,2,tuned_cart,0.5010174,0.00039274634902614525,0.501313,2.45,,
8,xor,200,0.4,0.25,5,aloof,0.5013331999999999,0.0003378302758433322,0.501038,10.92,,
8,xor,200,0.4,0.25,5,cart,0.5019966,0.0004217336583591174,0.5019870000000001,11.83,,
8,xor,200,0.4,0.25,5,diagnostic,,,,,,0.0027133
8,xor,200,0.4,0.25,5,gap_cart,0.5005476,0.0001916477904331003,0.500448,11.81,,
8,xor,200,0.4,0.25,5,literal,0.5009584,0.00037093366810071765,0.500338,12.94,,
8,xor,200,0.4,0.25,5,mixed_grouped,0.501723,0.0006043612309599593,0.501491,13.5,188.105,
8,xor,200,0.4,0.25,5,mixed_peak,0.5031564000000001,0.0008533753115198243,0.5032840000000001,13.13,188.105,
8,xor,200,0.4,0.25,5,node_vote,0.501511,0.0003437494047505124,0.502233,11.405,,
8,xor,200,0.4,0.25,5,raw_grouped,0.5013685999999999,0.0005076973638559997,0.501057,13.235,187.77,
8,xor,200,0.4,0.25,5,raw_peak,0.5008786,0.0003549333438731347,0.501017,12.835,187.77,
8,xor,200,0.4,0.25,5,tuned_cart,0.5012356,0.00040481342957443843,0.501698,4.82,,
9,xor,800,0.4,0.25,2,aloof,0.501345,0.0006596535979942299,0.5016149999999999,3.825,,
9,xor,800,0.4,0.25,2,cart,0.501297,0.0006727687298166399,0.501723,3.89,,
9,xor,800,0.4,0.25,2,diagnostic,,,,,,0.00028105
9,xor,800,0.4,0.25,2,gap_cart,0.5002108,0.0002701440836473164,0.5005120000000001,3.88,,
9,xor,800,0.4,0.25,2,literal,0.5003063999999999,0.00021455377370031294,0.501036,3.955,,
9,xor,800,0.4,0.25,2,mixed_grouped,0.5004254,0.00035426727297835104,0.501587,3.96,56.285,
9,xor,800,0.4,0.25,2,mixed_peak,0.5008088,0.00047691514241563615,0.501814,3.96,56.285,
9,xor,800,0.4,0.25,2,node_vote,0.502438,0.0009256818972381232,0.502536,3.965,,
9,xor,800,0.4,0.25,2,raw_grouped,0.5005774000000001,0.00039386803161929536,0.501433,3.955,56.385,
9,xor,800,0.4,0.25,2,raw_peak,0.5007292,0.00038186716204360405,0.501502,3.95,56.385,
9,xor,800,0.4,0.25,2,tuned_cart,0.5007526,0.00047960067790950436,0.501659,1.84,,
9,xor,800,0.4,0.25,5,aloof,0.5025182,0.0005961616115917543,0.502777,16.12,,
9,xor,800,0.4,0.25,5,cart,0.5024122,0.0005353928307477421,0.5017510000000001,17.355,,
9,xor,800,0.4,0.25,5,diagnostic,,,,,,0.0009274499999999999
9,xor,800,0.4,0.25,5,gap_cart,0.5007812,0.0003713243889230076,0.5003,17.28,,
9,xor,800,0.4,0.25,5,literal,0.5002208,0.00020503490767875149,0.501046,19.12,,
9,xor,800,0.4,0.25,5,mixed_grouped,0.505159,0.0012421825964869554,0.505625,20.565,330.035,
9,xor,800,0.4,0.25,5,mixed_peak,0.5083768,0.0015704903400981828,0.5084879999999999,20.26,330.035,
9,xor,800,0.4,0.25,5,node_vote,0.5035837999999999,0.0006688255421476854,0.502595,20.125,,
9,xor,800,0.4,0.25,5,raw_grouped,0.5025726,0.0006398896624422856,0.5027510000000001,20.13,331.87,
9,xor,800,0.4,0.25,5,raw_peak,0.5008984000000001,0.00032995298462099336,0.501346,19.445,331.87,
9,xor,800,0.4,0.25,5,tuned_cart,0.501312,0.0005366599102751035,0.501488,6.13,,
10,majority,200,0.4,0.25,2,aloof,0.5119178,0.0011840987055658037,0.512429,3.815,,
10,majority,200,0.4,0.25,2,cart,0.514373,0.0011252493615319852,0.514849,3.885,,
10,majority,200,0.4,0.25,2,diagnostic,,,,,,0.0012223
10,majority,200,0.4,0.25,2,gap_cart,0.5081640000000001,0.0011414161353204399,0.50849,3.87,,
10,majority,200,0.4,0.25,2,literal,0.5122348,0.0011741585182289687,0.512416,3.935,,
10,majority,200,0.4,0.25,2,mixed_grouped,0.513103,0.0013475047757254943,0.5133829999999999,3.93,51.755,
10,majority,200,0.4,0.25,2,mixed_peak,0.5137356,0.0013801584291842151,0.5139739999999999,3.95,51.755,
10,majority,200,0.4,0.25,2,node_vote,0.5142766000000001,0.0010896490524418569,0.515125,3.925,,
10,majority,200,0.4,0.25,2,raw_grouped,0.5138868,0.0012255302652137048,0.514238,3.93,51.945,
10,majority,200,0.4,0.25,2,raw_peak,0.5135548,0.0012098194660785187,0.514542,3.935,51.945,
10,majority,200,0.4,0.25,2,tuned_cart,0.5120091999999999,0.0011749594996976055,0.512778,2.625,,
10,majority,200,0.4,0.25,5,aloof,0.5090842,0.0006834280954189986,0.509677,11.61,,
10,majority,200,0.4,0.25,5,cart,0.5107978,0.0006861581749167058,0.510933,12.375,,
10,majority,200,0.4,0.25,5,diagnostic,,,,,,0.0027440999999999998
10,majority,200,0.4,0.25,5,gap_cart,0.5059686,0.0006493215556356224,0.5060790000000001,12.275,,
10,majority,200,0.4,0.25,5,literal,0.5141814,0.0010294681996401594,0.514915,13.41,,
10,majority,200,0.4,0.25,5,mixed_grouped,0.5178548,0.0012516931025273613,0.51859,14.14,190.8,
10,majority,200,0.4,0.25,5,mixed_peak,0.5187358,0.001349494508675275,0.519079,14.01,190.8,
10,majority,200,0.4,0.25,5,node_vote,0.5111308,0.0007231683337888727,0.511788,11.68,,
10,majority,200,0.4,0.25,5,raw_grouped,0.5151764,0.0010621995644764072,0.515608,13.72,192.035,
10,majority,200,0.4,0.25,5,raw_peak,0.5141876,0.0009544772629178416,0.51457,13.325,192.035,
10,majority,200,0.4,0.25,5,tuned_cart,0.513252,0.0011190604098997622,0.513614,5.54,,
11,majority,800,0.4,0.25,2,aloof,0.5331724,0.0011198494654758879,0.532626,3.96,,
11,majority,800,0.4,0.25,2,cart,0.5347256,0.0010046252448615179,0.533626,3.99,,
11,majority,800,0.4,0.25,2,diagnostic,,,,,,0.0003079
11,majority,800,0.4,0.25,2,gap_cart,0.5313468,0.0013164662341008358,0.530262,3.975,,
11,majority,800,0.4,0.25,2,literal,0.530087,0.0013011469988294226,0.529371,3.975,,
11,majority,800,0.4,0.25,2,mixed_grouped,0.5350652,0.0013703876225287129,0.534898,3.99,52.99,
11,majority,800,0.4,0.25,2,mixed_peak,0.5360967999999999,0.001355415932676299,0.535492,3.985,52.99,
11,majority,800,0.4,0.25,2,node_vote,0.5337822,0.0010449503249956632,0.532879,3.99,,
11,majority,800,0.4,0.25,2,raw_grouped,0.5329068,0.0012150337376873913,0.5321159999999999,3.99,54.705,
11,majority,800,0.4,0.25,2,raw_peak,0.5312614,0.00130105981932705,0.530281,3.98,54.705,
11,majority,800,0.4,0.25,2,tuned_cart,0.5282308,0.0014256360008200444,0.526928,2.565,,
11,majority,800,0.4,0.25,5,aloof,0.5245875999999999,0.0008694681047201373,0.523936,20.335,,
11,majority,800,0.4,0.25,5,cart,0.526073,0.0008692681118338896,0.5249929999999999,21.96,,
11,majority,800,0.4,0.25,5,diagnostic,,,,,,0.0010367
11,majority,800,0.4,0.25,5,gap_cart,0.5219982000000001,0.0009812278349703512,0.521033,20.865,,
11,majority,800,0.4,0.25,5,literal,0.5283542,0.0011359525574883489,0.5275529999999999,22.11,,
11,majority,800,0.4,0.25,5,mixed_grouped,0.5458453999999999,0.0015216322808717464,0.545157,24.965,360.655,
11,majority,800,0.4,0.25,5,mixed_peak,0.5486304,0.0015378788038322073,0.548138,25.32,360.655,
11,majority,800,0.4,0.25,5,node_vote,0.523768,0.0007990875198134477,0.523288,22.785,,
11,majority,800,0.4,0.25,5,raw_grouped,0.5285936,0.001185569767482217,0.527786,23.325,371.58,
11,majority,800,0.4,0.25,5,raw_peak,0.527325,0.001215962507273755,0.526569,21.765,371.58,
11,majority,800,0.4,0.25,5,tuned_cart,0.5291707999999999,0.001343657670867997,0.527652,6.76,,
12,breast_cancer,200,0.4,0.25,2,aloof,0.5323836,0.0024992006310360216,0.532354,3.775,,
12,breast_cancer,200,0.4,0.25,2,cart,0.5380978,0.002313231205228785,0.538327,3.875,,
12,breast_cancer,200,0.4,0.25,2,diagnostic,,,,,,0.00090975
12,breast_cancer,200,0.4,0.25,2,gap_cart,0.5311359999999999,0.0026086672081764416,0.531072,3.83,,
12,breast_cancer,200,0.4,0.25,2,literal,0.5398731999999999,0.0027356599322879344,0.539314,3.875,,
12,breast_cancer,200,0.4,0.25,2,mixed_grouped,0.541443,0.0028897563241673716,0.541091,3.9,50.4,
12,breast_cancer,200,0.4,0.25,2,mixed_peak,0.5437314,0.002945922239197257,0.5432330000000001,3.875,50.4,
12,breast_cancer,200,0.4,0.25,2,node_vote,0.5383762,0.002251200695329775,0.537907,3.915,,
12,breast_cancer,200,0.4,0.25,2,raw_grouped,0.5411428,0.002689993286274336,0.540848,3.91,50.935,
12,breast_cancer,200,0.4,0.25,2,raw_peak,0.5409154,0.0027704154676722378,0.540565,3.865,50.935,
12,breast_cancer,200,0.4,0.25,2,tuned_cart,0.536231,0.0027504191941808776,0.536149,2.585,,
12,breast_cancer,200,0.4,0.25,5,aloof,0.5181015999999999,0.0011945510067547108,0.517256,11.49,,
12,breast_cancer,200,0.4,0.25,5,cart,0.5204084,0.0011166188586880887,0.51986,12.475,,
12,breast_cancer,200,0.4,0.25,5,diagnostic,,,,,,0.00230855
12,breast_cancer,200,0.4,0.25,5,gap_cart,0.5181092,0.0013028725190148186,0.517532,12.56,,
12,breast_cancer,200,0.4,0.25,5,literal,0.5310458,0.0017890487047983634,0.5305409999999999,13.145,,
12,breast_cancer,200,0.4,0.25,5,mixed_grouped,0.5360311999999999,0.0017749878088051856,0.535222,13.785,191.29,
12,breast_cancer,200,0.4,0.25,5,mixed_peak,0.5344864,0.0018118005024015508,0.534206,13.695,191.29,
12,breast_cancer,200,0.4,0.25,5,node_vote,0.524382,0.0013571324705840496,0.523328,11.61,,
12,breast_cancer,200,0.4,0.25,5,raw_grouped,0.5327651999999999,0.001711922468304986,0.5319400000000001,13.29,191.855,
12,breast_cancer,200,0.4,0.25,5,raw_peak,0.529976,0.0017150445150030979,0.529204,13.27,191.855,
12,breast_cancer,200,0.4,0.25,5,tuned_cart,0.5334234,0.0024916369268164597,0.533213,4.98,,
13,breast_cancer,800,0.4,0.25,2,aloof,0.5808974,0.001497019365641449,0.581856,3.985,,
13,breast_cancer,800,0.4,0.25,2,cart,0.5810818,0.0012068638304823921,0.581894,4.0,,
13,breast_cancer,800,0.4,0.25,2,diagnostic,,,,,,0.00017750000000000003
13,breast_cancer,800,0.4,0.25,2,gap_cart,0.5850488,0.0012315979622029715,0.5857289999999999,4.0,,
13,breast_cancer,800,0.4,0.25,2,literal,0.5851104,0.0014875481628789102,0.585811,3.99,,
13,breast_cancer,800,0.4,0.25,2,mixed_grouped,0.5901727999999999,0.0009943812301902997,0.591089,3.995,46.535,
13,breast_cancer,800,0.4,0.25,2,mixed_peak,0.590801,0.0010097632913324847,0.591588,4.0,46.535,
13,breast_cancer,800,0.4,0.25,2,node_vote,0.5806542,0.0012897157303551922,0.581528,3.985,,
13,breast_cancer,800,0.4,0.25,2,raw_grouped,0.586391,0.001328685251475095,0.5872959999999999,4.0,50.005,
13,breast_cancer,800,0.4,0.25,2,raw_peak,0.5855426,0.0014353270795629237,0.58655,4.0,50.005,
13,breast_cancer,800,0.4,0.25,2,tuned_cart,0.5898496,0.00116428217547148,0.5905790000000001,2.395,,
13,breast_cancer,800,0.4,0.25,5,aloof,0.5516359999999999,0.0013258587508236603,0.552375,18.945,,
13,breast_cancer,800,0.4,0.25,5,cart,0.5493656,0.001262759299487519,0.549803,20.605,,
13,breast_cancer,800,0.4,0.25,5,diagnostic,,,,,,0.0005163
13,breast_cancer,800,0.4,0.25,5,gap_cart,0.5523834,0.0012407898044771608,0.552978,20.425,,
13,breast_cancer,800,0.4,0.25,5,literal,0.5680442,0.001394501460528846,0.5692119999999999,20.63,,
13,breast_cancer,800,0.4,0.25,5,mixed_grouped,0.5721674,0.0009794277922343252,0.573042,21.165,358.88,
13,breast_cancer,800,0.4,0.25,5,mixed_peak,0.5714235999999999,0.0010806153166194536,0.572499,21.065,358.88,
13,breast_cancer,800,0.4,0.25,5,node_vote,0.5482866,0.0010684982474125158,0.5486719999999999,21.375,,
13,breast_cancer,800,0.4,0.25,5,raw_grouped,0.5696818,0.0012647839403943251,0.570282,21.205,363.165,
13,breast_cancer,800,0.4,0.25,5,raw_peak,0.5656642000000001,0.0016160803974602487,0.566034,20.795,363.165,
13,breast_cancer,800,0.4,0.25,5,tuned_cart,0.5889188,0.001206934666519373,0.589677,2.915,,
14,wine,200,0.4,0.25,2,aloof,0.5416993999999999,0.00264446073540628,0.54091,3.78,,
14,wine,200,0.4,0.25,2,cart,0.5429732,0.0024022697660639027,0.541885,3.91,,
14,wine,200,0.4,0.25,2,diagnostic,,,,,,0.00053815
14,wine,200,0.4,0.25,2,gap_cart,0.5381564,0.0027972920601087997,0.537419,3.885,,
14,wine,200,0.4,0.25,2,literal,0.5398132,0.002678712315112557,0.539841,3.935,,
14,wine,200,0.4,0.25,2,mixed_grouped,0.5470071999999999,0.0028933262979018884,0.547069,3.935,45.86,
14,wine,200,0.4,0.25,2,mixed_peak,0.5478264,0.002978454456584781,0.5479890000000001,3.925,45.86,
14,wine,200,0.4,0.25,2,node_vote,0.5427259999999999,0.002286084269319956,0.541991,3.945,,
14,wine,200,0.4,0.25,2,raw_grouped,0.5439102,0.0026662533741329555,0.544016,3.92,46.77,
14,wine,200,0.4,0.25,2,raw_peak,0.5384952,0.0026119023362042738,0.538849,3.925,46.77,
14,wine,200,0.4,0.25,2,tuned_cart,0.5415178,0.002765668379202139,0.540732,2.585,,
14,wine,200,0.4,0.25,5,aloof,0.5248254,0.0013608026652194437,0.524098,10.79,,
14,wine,200,0.4,0.25,5,cart,0.5256816,0.0011185694683288055,0.525351,12.615,,
14,wine,200,0.4,0.25,5,diagnostic,,,,,,0.00129225
14,wine,200,0.4,0.25,5,gap_cart,0.5215184,0.0013395847204699602,0.521201,12.81,,
14,wine,200,0.4,0.25,5,literal,0.5303624,0.0018370950553556174,0.530167,13.4,,
14,wine,200,0.4,0.25,5,mixed_grouped,0.5414302,0.0015684352410369488,0.541138,14.065,169.33,
14,wine,200,0.4,0.25,5,mixed_peak,0.5424154,0.0017538538567836183,0.542338,13.945,169.33,
14,wine,200,0.4,0.25,5,node_vote,0.5281933999999999,0.0014099753667615512,0.527596,11.97,,
14,wine,200,0.4,0.25,5,raw_grouped,0.5353136,0.001679142672847931,0.535371,13.67,171.32,
14,wine,200,0.4,0.25,5,raw_peak,0.5292078,0.0017822216545451482,0.528682,13.475,171.32,
14,wine,200,0.4,0.25,5,tuned_cart,0.5391404,0.0025214561317464168,0.538251,4.54,,
15,wine,800,0.4,0.25,2,aloof,0.5821864,0.0013269495888149937,0.581837,3.98,,
15,wine,800,0.4,0.25,2,cart,0.5823693999999999,0.0011123912755634808,0.582028,4.0,,
15,wine,800,0.4,0.25,2,diagnostic,,,,,,0.00011520000000000001
15,wine,800,0.4,0.25,2,gap_cart,0.586146,0.00114823374959918,0.585417,4.0,,
15,wine,800,0.4,0.25,2,literal,0.5699382,0.0026136251848408116,0.569614,3.985,,
15,wine,800,0.4,0.25,2,mixed_grouped,0.5903577999999999,0.001006568625474162,0.589708,4.0,43.145,
15,wine,800,0.4,0.25,2,mixed_peak,0.5911886,0.0009979830665928302,0.590506,4.0,43.145,
15,wine,800,0.4,0.25,2,node_vote,0.582486,0.001129484526889329,0.582195,3.99,,
15,wine,800,0.4,0.25,2,raw_grouped,0.5779396,0.0021161751025193095,0.5772189999999999,3.985,46.955,
15,wine,800,0.4,0.25,2,raw_peak,0.5726686,0.0024528685350936074,0.571746,3.985,46.955,
15,wine,800,0.4,0.25,2,tuned_cart,0.5873034,0.0013841026852864223,0.58718,2.47,,
15,wine,800,0.4,0.25,5,aloof,0.5547363999999999,0.0013712420717351406,0.554979,17.42,,
15,wine,800,0.4,0.25,5,cart,0.5514656,0.0013459251299672605,0.5512210000000001,20.325,,
15,wine,800,0.4,0.25,5,diagnostic,,,,,,0.0002671
15,wine,800,0.4,0.25,5,gap_cart,0.554785,0.0014180484129632305,0.554678,19.975,,
15,wine,800,0.4,0.25,5,literal,0.5509878,0.002322654713986133,0.55086,20.145,,
15,wine,800,0.4,0.25,5,mixed_grouped,0.5710913999999999,0.001075583838278462,0.57077,22.035,299.445,
15,wine,800,0.4,0.25,5,mixed_peak,0.5720484,0.0010691495738465598,0.571433,21.425,299.445,
15,wine,800,0.4,0.25,5,node_vote,0.5492463999999999,0.0010873319497951054,0.5488069999999999,21.88,,
15,wine,800,0.4,0.25,5,raw_grouped,0.5549866,0.0021297732491190966,0.55483,21.035,310.345,
15,wine,800,0.4,0.25,5,raw_peak,0.5474628,0.002401087149249576,0.5474049999999999,20.235,310.345,
15,wine,800,0.4,0.25,5,tuned_cart,0.5851455999999999,0.0015904719577666906,0.5849989999999999,3.55,,
16,digits,200,0.4,0.25,2,aloof,0.5246566,0.002237311942002979,0.524499,3.88,,
16,digits,200,0.4,0.25,2,cart,0.5318538,0.0020962652906164367,0.532053,3.945,,
16,digits,200,0.4,0.25,2,diagnostic,,,,,,0.0001857
16,digits,200,0.4,0.25,2,gap_cart,0.5268376,0.00238988257132513,0.52656,3.93,,
16,digits,200,0.4,0.25,2,literal,0.5190346,0.002137039678418647,0.5196649999999999,3.945,,
16,digits,200,0.4,0.25,2,mixed_grouped,0.5345882000000001,0.0027768151207587383,0.534807,3.97,46.65,
16,digits,200,0.4,0.25,2,mixed_peak,0.531119,0.0027411088162846734,0.531031,3.97,46.65,
16,digits,200,0.4,0.25,2,node_vote,0.5323174,0.002192687272177188,0.532479,3.935,,
16,digits,200,0.4,0.25,2,raw_grouped,0.528363,0.002474451938709847,0.528517,3.96,47.51,
16,digits,200,0.4,0.25,2,raw_peak,0.5198351999999999,0.002191671518504797,0.520204,3.95,47.51,
16,digits,200,0.4,0.25,2,tuned_cart,0.5313992,0.002552981490188722,0.531956,2.54,,
16,digits,200,0.4,0.25,5,aloof,0.5151006,0.0011460850723946404,0.515609,12.39,,
16,digits,200,0.4,0.25,5,cart,0.5206000000000001,0.0010708825646804988,0.521106,13.36,,
16,digits,200,0.4,0.25,5,diagnostic,,,,,,0.0003047
16,digits,200,0.4,0.25,5,gap_cart,0.5170062,0.0012478704383688127,0.517003,13.235,,
16,digits,200,0.4,0.25,5,literal,0.5119224,0.0015050772267536509,0.511302,13.885,,
16,digits,200,0.4,0.25,5,mixed_grouped,0.5289902,0.0018640924880002848,0.528709,14.345,169.21,
16,digits,200,0.4,0.25,5,mixed_peak,0.5278927999999999,0.0018949822928595544,0.52754,14.21,169.21,
16,digits,200,0.4,0.25,5,node_vote,0.5233944,0.0012496905840966791,0.523192,11.94,,
16,digits,200,0.4,0.25,5,raw_grouped,0.5216528,0.0017640344294091036,0.5214759999999999,13.99,170.92,
16,digits,200,0.4,0.25,5,raw_peak,0.511892,0.0015127867459405722,0.51181,13.835,170.92,
16,digits,200,0.4,0.25,5,tuned_cart,0.5331016,0.0024074875469341918,0.532872,5.645,,
17,digits,800,0.4,0.25,2,aloof,0.5828838,0.0012032993703452878,0.582761,4.0,,
17,digits,800,0.4,0.25,2,cart,0.580847,0.001245284329099787,0.5806089999999999,4.0,,
17,digits,800,0.4,0.25,2,diagnostic,,,,,,0.00010445000000000002
17,digits,800,0.4,0.25,2,gap_cart,0.5849616,0.0012372581078039589,0.58506,4.0,,
17,digits,800,0.4,0.25,2,literal,0.5636296000000001,0.0028812917153500303,0.5636800000000001,3.995,,
17,digits,800,0.4,0.25,2,mixed_grouped,0.5906351999999999,0.0011424598537309457,0.591422,4.0,41.81,
17,digits,800,0.4,0.25,2,mixed_peak,0.590826,0.0011645154447689936,0.591562,4.0,41.81,
17,digits,800,0.4,0.25,2,node_vote,0.582952,0.001204400874848853,0.583396,3.985,,
17,digits,800,0.4,0.25,2,raw_grouped,0.579753,0.0019606637464474022,0.579971,3.995,45.175,
17,digits,800,0.4,0.25,2,raw_peak,0.5690452,0.0026544926144180542,0.56909,3.995,45.175,
17,digits,800,0.4,0.25,2,tuned_cart,0.5905826,0.00126340611891289,0.591067,2.27,,
17,digits,800,0.4,0.25,5,aloof,0.546273,0.0011669997933110095,0.546325,22.48,,
17,digits,800,0.4,0.25,5,cart,0.5441594,0.0011905503470430053,0.544393,23.19,,
17,digits,800,0.4,0.25,5,diagnostic,,,,,,0.00016475
17,digits,800,0.4,0.25,5,gap_cart,0.5450086,0.0011502966845612318,0.545283,23.395,,
17,digits,800,0.4,0.25,5,literal,0.5235812,0.0023111912986368026,0.5242260000000001,24.67,,
17,digits,800,0.4,0.25,5,mixed_grouped,0.565394,0.0009616466092099658,0.565934,26.22,299.4,
17,digits,800,0.4,0.25,5,mixed_peak,0.5652966,0.0009710073007400368,0.565997,26.285,299.4,
17,digits,800,0.4,0.25,5,node_vote,0.54348,0.0010461255245262523,0.54363,23.15,,
17,digits,800,0.4,0.25,5,raw_grouped,0.5399204,0.002327696072132507,0.540272,24.99,308.125,
17,digits,800,0.4,0.25,5,raw_peak,0.5273448,0.0023669468926792205,0.527532,24.625,308.125,
17,digits,800,0.4,0.25,5,tuned_cart,0.5883052,0.0014800967049758609,0.5889800000000001,3.095,,
18,gaussian,200,0.1,0.25,2,aloof,0.895424,0.0008746560443853912,0.8956189999999999,3.855,,
18,gaussian,200,0.1,0.25,2,cart,0.8950672000000001,0.0009359060967370326,0.8952490000000001,4.0,,
18,gaussian,200,0.1,0.25,2,diagnostic,,,,,,0.00044124999999999996
18,gaussian,200,0.1,0.25,2,gap_cart,0.8976352,0.0008110641219097575,0.897759,4.0,,
18,gaussian,200,0.1,0.25,2,literal,0.8965864,0.0005781726500504255,0.89678,4.0,,
18,gaussian,200,0.1,0.25,2,mixed_grouped,0.8989463999999999,0.0005610697922351496,0.8991,4.0,33.055,
18,gaussian,200,0.1,0.25,2,mixed_peak,0.8994784,0.00037393551052307216,0.899637,4.0,33.055,
18,gaussian,200,0.1,0.25,2,node_vote,0.897212,0.0005743487638295763,0.897388,3.795,,
18,gaussian,200,0.1,0.25,2,raw_grouped,0.8974992,0.0005733431859228999,0.897699,4.0,33.435,
18,gaussian,200,0.1,0.25,2,raw_peak,0.8945512000000001,0.0021012408138021544,0.894716,4.0,33.435,
18,gaussian,200,0.1,0.25,2,tuned_cart,0.8970127999999999,0.00045730060135538856,0.897247,2.025,,
18,gaussian,200,0.1,0.25,5,aloof,0.8712408,0.0022508423876563084,0.871284,7.255,,
18,gaussian,200,0.1,0.25,5,cart,0.8743336,0.0023900094310698896,0.8745539999999999,9.065,,
18,gaussian,200,0.1,0.25,5,diagnostic,,,,,,0.0008065
18,gaussian,200,0.1,0.25,5,gap_cart,0.8763352000000001,0.0023155429993218742,0.8764919999999999,9.195,,
18,gaussian,200,0.1,0.25,5,literal,0.894124,0.00099813756214503,0.894238,11.435,,
18,gaussian,200,0.1,0.25,5,mixed_grouped,0.8970592000000001,0.0008921911578302894,0.897205,11.305,94.18,
18,gaussian,200,0.1,0.25,5,mixed_peak,0.8963128,0.0010189304772097723,0.896436,11.51,94.18,
18,gaussian,200,0.1,0.25,5,node_vote,0.8897144,0.0014841592524500748,0.8899039999999999,7.38,,
18,gaussian,200,0.1,0.25,5,raw_grouped,0.8940592,0.001081824810866822,0.894193,11.32,93.53,
18,gaussian,200,0.1,0.25,5,raw_peak,0.8934536,0.001027143277132647,0.893604,11.485,93.53,
18,gaussian,200,0.1,0.25,5,tuned_cart,0.8970127999999999,0.00045730060135538856,0.897247,2.025,,
19,xor,200,0.1,0.25,2,aloof,0.5077112,0.003076799370226001,0.507564,3.71,,
19,xor,200,0.1,0.25,2,cart,0.5069823999999999,0.0030869743999472443,0.507211,3.805,,
19,xor,200,0.1,0.25,2,diagnostic,,,,,,0.0011622
19,xor,200,0.1,0.25,2,gap_cart,0.5020352,0.002034994559967048,0.502263,3.8,,
19,xor,200,0.1,0.25,2,literal,0.506764,0.0030104040297127153,0.506746,3.9,,
19,xor,200,0.1,0.25,2,mixed_grouped,0.5052472,0.0030704205105093973,0.505218,3.875,52.08,
19,xor,200,0.1,0.25,2,mixed_peak,0.5030728,0.0022686822112579787,0.502788,3.895,52.08,
19,xor,200,0.1,0.25,2,node_vote,0.5147151999999999,0.00473310327139483,0.514555,3.89,,
19,xor,200,0.1,0.25,2,raw_grouped,0.5108664,0.0038563402385392406,0.510972,3.905,51.87,
19,xor,200,0.1,0.25,2,raw_peak,0.5052,0.002624178202062677,0.5052490000000001,3.9,51.87,
19,xor,200,0.1,0.25,2,tuned_cart,0.5081664,0.0035369522972419102,0.508491,2.43,,
19,xor,200,0.1,0.25,5,aloof,0.538816,0.006453257504711132,0.5389390000000001,10.82,,
19,xor,200,0.1,0.25,5,cart,0.5540992,0.007184256114336536,0.554409,11.655,,
19,xor,200,0.1,0.25,5,diagnostic,,,,,,0.00263075
19,xor,200,0.1,0.25,5,gap_cart,0.5096976,0.0034193468198726,0.509999,11.615,,
19,xor,200,0.1,0.25,5,literal,0.537164,0.006786174387242812,0.5372699999999999,13.165,,
19,xor,200,0.1,0.25,5,mixed_grouped,0.5897464,0.010529498069861453,0.589866,13.985,186.14,
19,xor,200,0.1,0.25,5,mixed_peak,0.5396871999999999,0.0075035419429257694,0.539306,13.315,186.14,
19,xor,200,0.1,0.25,5,node_vote,0.550916,0.007115392055291298,0.5506,11.455,,
19,xor,200,0.1,0.25,5,raw_grouped,0.6200496000000001,0.011217283054950266,0.620559,14.05,183.945,
19,xor,200,0.1,0.25,5,raw_peak,0.5401216,0.006853985759480084,0.540073,13.2,183.945,
19,xor,200,0.1,0.25,5,tuned_cart,0.5414616,0.006724112039578462,0.541596,5.81,,
20,majority,200,0.1,0.25,2,aloof,0.6943872,0.0007545730469716504,0.6942109999999999,4.0,,
20,majority,200,0.1,0.25,2,cart,0.6947416,0.0007159656284386339,0.69463,4.0,,
20,majority,200,0.1,0.25,2,diagnostic,,,,,,0.0010464
20,majority,200,0.1,0.25,2,gap_cart,0.6971776,0.0008201475361820749,0.697061,4.0,,
20,majority,200,0.1,0.25,2,literal,0.6920072,0.0009819731857273076,0.6916,4.0,,
20,majority,200,0.1,0.25,2,mixed_grouped,0.6995456,0.0003893867401014504,0.699687,4.0,29.01,
20,majority,200,0.1,0.25,2,mixed_peak,0.6996944,0.0003577856004360674,0.699777,4.0,29.01,
20,majority,200,0.1,0.25,2,node_vote,0.6948008,0.0007013215355893525,0.694776,3.995,,
20,majority,200,0.1,0.25,2,raw_grouped,0.6942864,0.0007984399583156994,0.694131,4.0,35.41,
20,majority,200,0.1,0.25,2,raw_peak,0.6920112,0.001007496091641733,0.6917709999999999,4.0,35.41,
20,majority,200,0.1,0.25,2,tuned_cart,0.6951744,0.0006660665933175667,0.695051,3.735,,
20,majority,200,0.1,0.25,5,aloof,0.8497816,0.003089692285535322,0.849626,10.365,,
20,majority,200,0.1,0.25,5,cart,0.8516935999999999,0.002855448850159883,0.8514740000000001,12.185,,
20,majority,200,0.1,0.25,5,diagnostic,,,,,,0.0016153500000000002
20,majority,200,0.1,0.25,5,gap_cart,0.8830648000000001,0.002755862918748804,0.882804,12.535,,
20,majority,200,0.1,0.25,5,literal,0.844264,0.0037274968064655743,0.844169,14.765,,
20,majority,200,0.1,0.25,5,mixed_grouped,0.8994952,0.0003012797574702067,0.899292,15.075,130.545,
20,majority,200,0.1,0.25,5,mixed_peak,0.8996295999999999,0.00028641569256017315,0.899434,15.07,130.545,
20,majority,200,0.1,0.25,5,node_vote,0.846708,0.0028929546580038776,0.84638,10.65,,
20,majority,200,0.1,0.25,5,raw_grouped,0.8808112,0.002131180608661234,0.8806869999999999,15.005,136.175,
20,majority,200,0.1,0.25,5,raw_peak,0.8424864000000001,0.003613668628969735,0.842453,14.77,136.175,
20,majority,200,0.1,0.25,5,tuned_cart,0.8490016,0.0029683262473578892,0.8486090000000001,6.315,,
21,gaussian,200,0.4,0.0,2,aloof,0.534305,0.0027384545902230262,0.5335369999999999,3.855,,
21,gaussian,200,0.4,0.0,2,cart,0.5286926,0.0026248811423103093,0.528705,3.855,,
21,gaussian,200,0.4,0.0,2,diagnostic,,,,,,0.0010908
21,gaussian,200,0.4,0.0,2,gap_cart,0.5286926,0.0026248811423103093,0.528705,3.855,,
21,gaussian,200,0.4,0.0,2,literal,0.543215,0.0030465043803839325,0.542853,3.905,,
21,gaussian,200,0.4,0.0,2,mixed_grouped,0.5398848,0.002961946142242923,0.539934,3.93,49.4,
21,gaussian,200,0.4,0.0,2,mixed_peak,0.5432196,0.0030612136456184495,0.542946,3.92,49.4,
21,gaussian,200,0.4,0.0,2,node_vote,0.519177,0.002274366193671232,0.519189,3.915,,
21,gaussian,200,0.4,0.0,2,raw_grouped,0.5398848,0.002961946142242923,0.539934,3.93,49.4,
21,gaussian,200,0.4,0.0,2,raw_peak,0.5432196,0.0030612136456184495,0.542946,3.92,49.4,
21,gaussian,200,0.4,0.0,2,tuned_cart,0.5255565999999999,0.002690900546462981,0.525633,2.8,,
21,gaussian,200,0.4,0.0,5,aloof,0.5188956,0.001342611923485497,0.518762,11.875,,
21,gaussian,200,0.4,0.0,5,cart,0.5146532,0.0011805149071613412,0.514614,12.55,,
21,gaussian,200,0.4,0.0,5,diagnostic,,,,,,0.0026217000000000002
21,gaussian,200,0.4,0.0,5,gap_cart,0.5146532,0.0011805149071613412,0.514614,12.55,,
21,gaussian,200,0.4,0.0,5,literal,0.5375186,0.0016539717236133638,0.536933,14.025,,
21,gaussian,200,0.4,0.0,5,mixed_grouped,0.5361546,0.0017118200412039038,0.536019,14.17,187.735,
21,gaussian,200,0.4,0.0,5,mixed_peak,0.5385362,0.001589637374596347,0.537741,13.935,187.735,
21,gaussian,200,0.4,0.0,5,node_vote,0.5134078,0.0014094566955686917,0.513833,11.705,,
21,gaussian,200,0.4,0.0,5,raw_grouped,0.5361546,0.0017118200412039038,0.536019,14.17,187.735,
21,gaussian,200,0.4,0.0,5,raw_peak,0.5385362,0.001589637374596347,0.537741,13.935,187.735,
21,gaussian,200,0.4,0.0,5,tuned_cart,0.5237366,0.0025159041657136457,0.523621,4.89,,
22,gaussian,200,0.4,0.1,2,aloof,0.5275947999999999,0.002315933454056504,0.527351,3.83,,
22,gaussian,200,0.4,0.1,2,cart,0.5300688,0.002273908218404745,0.5308849999999999,3.92,,
22,gaussian,200,0.4,0.1,2,diagnostic,,,,,,0.00121215
22,gaussian,200,0.4,0.1,2,gap_cart,0.5205914,0.0023001303852490025,0.520944,3.86,,
22,gaussian,200,0.4,0.1,2,literal,0.531922,0.0026405447854219574,0.532011,3.925,,
22,gaussian,200,0.4,0.1,2,mixed_grouped,0.5346744,0.0027748410254974814,0.5349929999999999,3.905,50.845,
22,gaussian,200,0.4,0.1,2,mixed_peak,0.5380982,0.0028839812487280623,0.5380780000000001,3.905,50.845,
22,gaussian,200,0.4,0.1,2,node_vote,0.531483,0.002187967257203124,0.531936,3.945,,
22,gaussian,200,0.4,0.1,2,raw_grouped,0.5308018,0.0026581364583020883,0.53047,3.895,51.175,
22,gaussian,200,0.4,0.1,2,raw_peak,0.5302434,0.0026425143619221484,0.530108,3.91,51.175,
22,gaussian,200,0.4,0.1,2,tuned_cart,0.530873,0.0026538649837093806,0.530724,2.635,,
22,gaussian,200,0.4,0.1,5,aloof,0.5164690000000001,0.001134967573087354,0.515428,11.46,,
22,gaussian,200,0.4,0.1,5,cart,0.516714,0.0011429964938374144,0.517025,12.575,,
22,gaussian,200,0.4,0.1,5,diagnostic,,,,,,0.00277905
22,gaussian,200,0.4,0.1,5,gap_cart,0.5126558,0.0012138285921229881,0.51291,12.385,,
22,gaussian,200,0.4,0.1,5,literal,0.5265798,0.0017235542101648217,0.526536,13.235,,
22,gaussian,200,0.4,0.1,5,mixed_grouped,0.5309792,0.001712229213979842,0.531187,13.9,190.56,
22,gaussian,200,0.4,0.1,5,mixed_peak,0.5346018,0.0017589919063009242,0.5348700000000001,13.625,190.56,
22,gaussian,200,0.4,0.1,5,node_vote,0.5206438,0.001359751635539284,0.521082,11.56,,
22,gaussian,200,0.4,0.1,5,raw_grouped,0.5283652,0.0017076238464029535,0.528895,13.54,191.11,
22,gaussian,200,0.4,0.1,5,raw_peak,0.5262751999999999,0.0017276675317611041,0.526609,13.14,191.11,
22,gaussian,200,0.4,0.1,5,tuned_cart,0.5268612,0.002450386787804987,0.526851,5.125,,
23,gaussian,200,0.4,0.4,2,aloof,0.5363922,0.0024778718814953945,0.5357999999999999,3.855,,
23,gaussian,200,0.4,0.4,2,cart,0.5377268000000001,0.0023152656616943776,0.537187,3.905,,
23,gaussian,200,0.4,0.4,2,diagnostic,,,,,,0.0011843
23,gaussian,200,0.4,0.4,2,gap_cart,0.5377268000000001,0.0023152656616943776,0.537187,3.905,,
23,gaussian,200,0.4,0.4,2,literal,0.5422136,0.002754297560259649,0.541493,3.925,,
23,gaussian,200,0.4,0.4,2,mixed_grouped,0.5438094,0.002690433272573555,0.5435479999999999,3.91,50.78,
23,gaussian,200,0.4,0.4,2,mixed_peak,0.541909,0.002715123606022366,0.541796,3.9,50.78,
23,gaussian,200,0.4,0.4,2,node_vote,0.536007,0.002209023221463464,0.535644,3.925,,
23,gaussian,200,0.4,0.4,2,raw_grouped,0.5438094,0.002690433272573555,0.5435479999999999,3.91,50.78,
23,gaussian,200,0.4,0.4,2,raw_peak,0.541909,0.002715123606022366,0.541796,3.9,50.78,
23,gaussian,200,0.4,0.4,2,tuned_cart,0.5410442,0.0028168876427289023,0.5410240000000001,2.64,,
23,gaussian,200,0.4,0.4,5,aloof,0.5202348,0.001188041767365535,0.519191,11.745,,
23,gaussian,200,0.4,0.4,5,cart,0.5202188,0.0011400588509891023,0.519987,12.75,,
23,gaussian,200,0.4,0.4,5,diagnostic,,,,,,0.00273405
23,gaussian,200,0.4,0.4,5,gap_cart,0.5202188,0.0011400588509891023,0.519987,12.75,,
23,gaussian,200,0.4,0.4,5,literal,0.532419,0.0018538708966666304,0.532386,13.335,,
23,gaussian,200,0.4,0.4,5,mixed_grouped,0.533281,0.001790746632696139,0.533324,13.8,192.06,
23,gaussian,200,0.4,0.4,5,mixed_peak,0.5321168000000001,0.0018445873416852686,0.532239,13.375,192.06,
23,gaussian,200,0.4,0.4,5,node_vote,0.5225848,0.0012847202400820112,0.523211,12.06,,
23,gaussian,200,0.4,0.4,5,raw_grouped,0.533281,0.001790746632696139,0.533324,13.8,192.06,
23,gaussian,200,0.4,0.4,5,raw_peak,0.5321168000000001,0.0018445873416852686,0.532239,13.375,192.06,
23,gaussian,200,0.4,0.4,5,tuned_cart,0.536453,0.0026685058689956665,0.536446,4.75,,
24,gaussian,200,0.4,0.6,2,aloof,0.5262711999999999,0.0021928390749993984,0.526833,3.835,,
24,gaussian,200,0.4,0.6,2,cart,0.5269824,0.0019556516967484195,0.526811,3.91,,
24,gaussian,200,0.4,0.6,2,diagnostic,,,,,,0.00122215
24,gaussian,200,0.4,0.6,2,gap_cart,0.5269824,0.0019556516967484195,0.526811,3.91,,
24,gaussian,200,0.4,0.6,2,literal,0.528531,0.0022647730615009756,0.528726,3.935,,
24,gaussian,200,0.4,0.6,2,mixed_grouped,0.5303738,0.002306654609001124,0.5303479999999999,3.94,51.435,
24,gaussian,200,0.4,0.6,2,mixed_peak,0.5291279999999999,0.0023080358461983817,0.5290849999999999,3.91,51.435,
24,gaussian,200,0.4,0.6,2,node_vote,0.5273136,0.0018393379722281603,0.526931,3.905,,
24,gaussian,200,0.4,0.6,2,raw_grouped,0.5303738,0.002306654609001124,0.5303479999999999,3.94,51.435,
24,gaussian,200,0.4,0.6,2,raw_peak,0.5291279999999999,0.0023080358461983817,0.5290849999999999,3.91,51.435,
24,gaussian,200,0.4,0.6,2,tuned_cart,0.5305964,0.00236844351391224,0.530309,2.705,,
24,gaussian,200,0.4,0.6,5,aloof,0.515335,0.0009892132374497058,0.514968,11.77,,
24,gaussian,200,0.4,0.6,5,cart,0.5168482,0.0009548753207570891,0.5166040000000001,12.655,,
24,gaussian,200,0.4,0.6,5,diagnostic,,,,,,0.0028124
24,gaussian,200,0.4,0.6,5,gap_cart,0.5168482,0.0009548753207570891,0.5166040000000001,12.655,,
24,gaussian,200,0.4,0.6,5,literal,0.523823,0.001570392043680262,0.523494,13.34,,
24,gaussian,200,0.4,0.6,5,mixed_grouped,0.5225696,0.00154039515233158,0.522313,13.74,191.76,
24,gaussian,200,0.4,0.6,5,mixed_peak,0.5255610000000001,0.0016614938471207468,0.52538,13.38,191.76,
24,gaussian,200,0.4,0.6,5,node_vote,0.5194622,0.0011540206907039682,0.51903,11.75,,
24,gaussian,200,0.4,0.6,5,raw_grouped,0.5225696,0.00154039515233158,0.522313,13.74,191.76,
24,gaussian,200,0.4,0.6,5,raw_peak,0.5255610000000001,0.0016614938471207468,0.52538,13.38,191.76,
24,gaussian,200,0.4,0.6,5,tuned_cart,0.525992,0.0021392379237645254,0.526667,5.07,,
25,continuous,200,0.1,0.25,2,aloof,0.8928176000000001,0.0009883328489438707,0.8928159999999999,3.895,,
25,continuous,200,0.1,0.25,2,cart,0.8918272,0.0010834782537883078,0.8918200000000001,4.0,,
25,continuous,200,0.1,0.25,2,diagnostic,,,,,,0.00137605
25,continuous,200,0.1,0.25,2,gap_cart,0.8918272,0.0010834782537883078,0.8918200000000001,4.0,,
25,continuous,200,0.1,0.25,2,literal,0.8943536000000001,0.000635936436253478,0.894358,4.0,,
25,continuous,200,0.1,0.25,2,mixed_grouped,0.893096,0.0008205268071221259,0.893034,4.0,34.765,
25,continuous,200,0.1,0.25,2,mixed_peak,0.8919448,0.0020528054794554723,0.891921,3.995,34.765,
25,continuous,200,0.1,0.25,2,node_vote,0.89358,0.0008006123786855427,0.893497,3.775,,
25,continuous,200,0.1,0.25,2,raw_grouped,0.893096,0.0008205268071221259,0.893034,4.0,34.765,
25,continuous,200,0.1,0.25,2,raw_peak,0.8919448,0.0020528054794554723,0.891921,3.995,34.765,
25,continuous,200,0.1,0.25,2,tuned_cart,0.8949912000000001,0.0006115560619308931,0.894901,2.03,,
25,continuous,200,0.1,0.25,5,aloof,0.8694784,0.002360832351983269,0.869478,7.295,,
25,continuous,200,0.1,0.25,5,cart,0.8720696,0.002255663135333045,0.872197,9.165,,
25,continuous,200,0.1,0.25,5,diagnostic,,,,,,0.00168245
25,continuous,200,0.1,0.25,5,gap_cart,0.8720696,0.002255663135333045,0.872197,9.165,,
25,continuous,200,0.1,0.25,5,literal,0.890964,0.0010915248473865869,0.890915,11.5,,
25,continuous,200,0.1,0.25,5,mixed_grouped,0.8910424,0.0010763099305184651,0.8910049999999999,11.525,96.47,
25,continuous,200,0.1,0.25,5,mixed_peak,0.8907312000000001,0.0011323968677679453,0.8907299999999999,11.535,96.47,
25,continuous,200,0.1,0.25,5,node_vote,0.8868024,0.00161508944046561,0.886785,7.27,,
25,continuous,200,0.1,0.25,5,raw_grouped,0.8910424,0.0010763099305184651,0.8910049999999999,11.525,96.47,
25,continuous,200,0.1,0.25,5,raw_peak,0.8907312000000001,0.0011323968677679453,0.8907299999999999,11.535,96.47,
25,continuous,200,0.1,0.25,5,tuned_cart,0.894892,0.0006189949383220688,0.894795,2.04,,
26,continuous,200,0.4,0.25,2,aloof,0.5342926,0.0024210288203457475,0.533987,3.84,,
26,continuous,200,0.4,0.25,2,cart,0.5347073999999999,0.002275722648758048,0.534013,3.91,,
26,continuous,200,0.4,0.25,2,diagnostic,,,,,,0.0012776999999999999
26,continuous,200,0.4,0.25,2,gap_cart,0.5347073999999999,0.002275722648758048,0.534013,3.91,,
26,continuous,200,0.4,0.25,2,literal,0.5380206,0.0026589841862473653,0.537607,3.93,,
26,continuous,200,0.4,0.25,2,mixed_grouped,0.5376016,0.002675944953501632,0.537312,3.935,50.855,
26,continuous,200,0.4,0.25,2,mixed_peak,0.5385212,0.0026804296049580695,0.5381560000000001,3.935,50.855,
26,continuous,200,0.4,0.25,2,node_vote,0.5347234,0.0022200478925976192,0.533791,3.93,,
26,continuous,200,0.4,0.25,2,raw_grouped,0.5376016,0.002675944953501632,0.537312,3.935,50.855,
26,continuous,200,0.4,0.25,2,raw_peak,0.5385212,0.0026804296049580695,0.5381560000000001,3.935,50.855,
26,continuous,200,0.4,0.25,2,tuned_cart,0.5363298,0.002736149405211306,0.536329,2.58,,
26,continuous,200,0.4,0.25,5,aloof,0.5209418,0.001190108336692642,0.519779,11.835,,
26,continuous,200,0.4,0.25,5,cart,0.5202424,0.0011940520477195771,0.519352,12.74,,
26,continuous,200,0.4,0.25,5,diagnostic,,,,,,0.0027834500000000002
26,continuous,200,0.4,0.25,5,gap_cart,0.5202424,0.0011940520477195771,0.519352,12.74,,
26,continuous,200,0.4,0.25,5,literal,0.5321292,0.0017791125721894642,0.531892,13.305,,
26,continuous,200,0.4,0.25,5,mixed_grouped,0.529933,0.0018548271926443342,0.529563,13.76,191.98,
26,continuous,200,0.4,0.25,5,mixed_peak,0.5305192000000001,0.0017648043827423851,0.530166,13.375,191.98,
26,continuous,200,0.4,0.25,5,node_vote,0.523018,0.0013830840420367384,0.522458,11.635,,
26,continuous,200,0.4,0.25,5,raw_grouped,0.529933,0.0018548271926443342,0.529563,13.76,191.98,
26,continuous,200,0.4,0.25,5,raw_peak,0.5305192000000001,0.0017648043827423851,0.530166,13.375,191.98,
26,continuous,200,0.4,0.25,5,tuned_cart,0.5337223999999999,0.00254948568883764,0.533312,5.015,,
27,within_cluster,200,0.1,0.25,2,aloof,0.6886728,0.001976028823259357,0.687971,3.685,,
27,within_cluster,200,0.1,0.25,2,cart,0.6937824,0.0007724744364539676,0.693276,3.97,,
27,within_cluster,200,0.1,0.25,2,diagnostic,,,,,,0.0011683499999999999
27,within_cluster,200,0.1,0.25,2,gap_cart,0.5004816000000001,0.00035974305068001367,0.500416,3.76,,
27,within_cluster,200,0.1,0.25,2,literal,0.7241912,0.0051304202628211495,0.724067,3.98,,
27,within_cluster,200,0.1,0.25,2,mixed_grouped,0.7264848,0.00621787112534968,0.725998,3.98,43.43,
27,within_cluster,200,0.1,0.25,2,mixed_peak,0.7052912,0.005156749333762141,0.7048380000000001,3.98,43.43,
27,within_cluster,200,0.1,0.25,2,node_vote,0.7045511999999999,0.0032679927687316586,0.704017,3.855,,
27,within_cluster,200,0.1,0.25,2,raw_grouped,0.7454552,0.006085163065396219,0.744891,3.975,27.44,
27,within_cluster,200,0.1,0.25,2,raw_peak,0.7279783999999999,0.005181241486740374,0.7277030000000001,3.975,27.44,
27,within_cluster,200,0.1,0.25,2,tuned_cart,0.6942752,0.000693195444605712,0.69378,3.0,,
27,within_cluster,200,0.1,0.25,5,aloof,0.8659464,0.0028861437044286386,0.865527,8.685,,
27,within_cluster,200,0.1,0.25,5,cart,0.8762032000000001,0.0017089607023600792,0.875736,10.505,,
27,within_cluster,200,0.1,0.25,5,diagnostic,,,,,,0.0026451
27,within_cluster,200,0.1,0.25,5,gap_cart,0.5000800000000001,0.0003972828315459982,0.49980600000000003,11.445,,
27,within_cluster,200,0.1,0.25,5,literal,0.883548,0.0012380582949556708,0.8830589999999999,13.1,,
27,within_cluster,200,0.1,0.25,5,mixed_grouped,0.8825544000000001,0.002075735056146758,0.8821089999999999,13.865,152.865,
27,within_cluster,200,0.1,0.25,5,mixed_peak,0.8613624,0.003932372553650469,0.8610030000000001,13.325,152.865,
27,within_cluster,200,0.1,0.25,5,node_vote,0.8832872,0.0012044667540484627,0.882827,9.13,,
27,within_cluster,200,0.1,0.25,5,raw_grouped,0.8861184,0.0009087585806967377,0.8856459999999999,13.35,102.315,
27,within_cluster,200,0.1,0.25,5,raw_peak,0.8829384,0.0012042346334756825,0.882413,13.19,102.315,
27,within_cluster,200,0.1,0.25,5,tuned_cart,0.8867704000000001,0.0009038924310083421,0.8863110000000001,4.045,,
28,within_cluster,200,0.4,0.25,2,aloof,0.5073904,0.0010036269598674918,0.507228,3.72,,
28,within_cluster,200,0.4,0.25,2,cart,0.5089929999999999,0.0010188216047530387,0.509467,3.845,,
28,within_cluster,200,0.4,0.25,2,diagnostic,,,,,,0.0012037
28,within_cluster,200,0.4,0.25,2,gap_cart,0.4998208,0.00010561367354751492,0.50036,3.815,,
28,within_cluster,200,0.4,0.25,2,literal,0.5084012,0.0010154715085730457,0.508242,3.91,,
28,within_cluster,200,0.4,0.25,2,mixed_grouped,0.5051252,0.0008986291876432799,0.504958,3.91,52.065,
28,within_cluster,200,0.4,0.25,2,mixed_peak,0.5038906,0.0007870679628154433,0.503571,3.875,52.065,
28,within_cluster,200,0.4,0.25,2,node_vote,0.5080888,0.0009406739019175259,0.507194,3.895,,
28,within_cluster,200,0.4,0.25,2,raw_grouped,0.509073,0.0010644843208552825,0.508687,3.91,51.715,
28,within_cluster,200,0.4,0.25,2,raw_peak,0.5077488,0.0010149827598605159,0.50723,3.885,51.715,
28,within_cluster,200,0.4,0.25,2,tuned_cart,0.5066552,0.0009388720511561788,0.5064799999999999,2.4,,
28,within_cluster,200,0.4,0.25,5,aloof,0.5070595999999999,0.0006850947769961004,0.507034,10.85,,
28,within_cluster,200,0.4,0.25,5,cart,0.5075984,0.000676466185184812,0.507888,11.865,,
28,within_cluster,200,0.4,0.25,5,diagnostic,,,,,,0.0027966999999999996
28,within_cluster,200,0.4,0.25,5,gap_cart,0.4998088,0.0001029721765610918,0.49983200000000005,11.945,,
28,within_cluster,200,0.4,0.25,5,literal,0.5086988,0.0008586066501597179,0.5085000000000001,12.9,,
28,within_cluster,200,0.4,0.25,5,mixed_grouped,0.5029704,0.0006154546460191298,0.503618,13.47,189.765,
28,within_cluster,200,0.4,0.25,5,mixed_peak,0.5039754,0.0007443520903254446,0.503267,13.105,189.765,
28,within_cluster,200,0.4,0.25,5,node_vote,0.5071968,0.0006640558407227434,0.507842,11.565,,
28,within_cluster,200,0.4,0.25,5,raw_grouped,0.5082766,0.0009030981750445762,0.508711,13.315,188.7,
28,within_cluster,200,0.4,0.25,5,raw_peak,0.5086592,0.0009021554962962245,0.508026,12.95,188.7,
28,within_cluster,200,0.4,0.25,5,tuned_cart,0.5085826,0.0009916022698176607,0.508997,5.325,,
29,imbalanced,200,0.1,0.25,2,aloof,0.8955168,0.0007575919194275435,0.895507,3.765,,
29,imbalanced,200,0.1,0.25,2,cart,0.8950096000000001,0.0008225731042033858,0.895019,3.96,,
29,imbalanced,200,0.1,0.25,2,diagnostic,,,,,,0.00038415
29,imbalanced,200,0.1,0.25,2,gap_cart,0.8985183999999999,0.0005038666043457079,0.8985129999999999,3.98,,
29,imbalanced,200,0.1,0.25,2,literal,0.8958288,0.0007183476382972495,0.8958010000000001,3.965,,
29,imbalanced,200,0.1,0.25,2,mixed_grouped,0.8990368000000001,0.00046476175211731396,0.8990250000000001,3.98,33.11,
29,imbalanced,200,0.1,0.25,2,mixed_peak,0.8990616,0.00045506938804944707,0.899044,3.98,33.11,
29,imbalanced,200,0.1,0.25,2,node_vote,0.897312,0.00048463955419201723,0.897311,3.71,,
29,imbalanced,200,0.1,0.25,2,raw_grouped,0.8972416,0.0006006873008203472,0.897247,3.965,33.475,
29,imbalanced,200,0.1,0.25,2,raw_peak,0.8950744,0.0010610804407341333,0.895072,3.965,33.475,
29,imbalanced,200,0.1,0.25,2,tuned_cart,0.897256,0.00041279125852611986,0.897237,2.0,,
29,imbalanced,200,0.1,0.25,5,aloof,0.8789448,0.002049445814245314,0.8789180000000001,7.085,,
29,imbalanced,200,0.1,0.25,5,cart,0.8794672,0.0019795547900053603,0.879439,8.705,,
29,imbalanced,200,0.1,0.25,5,diagnostic,,,,,,0.00075705
29,imbalanced,200,0.1,0.25,5,gap_cart,0.8829096,0.0018866797453483033,0.8828440000000001,8.7,,
29,imbalanced,200,0.1,0.25,5,literal,0.8941975999999999,0.0009856711567996367,0.894162,9.98,,
29,imbalanced,200,0.1,0.25,5,mixed_grouped,0.8977008000000001,0.0007113352981060748,0.897721,9.865,95.615,
29,imbalanced,200,0.1,0.25,5,mixed_peak,0.898692,0.000747984091411726,0.89869,10.025,95.615,
29,imbalanced,200,0.1,0.25,5,node_vote,0.8933304,0.0010719049399088543,0.8933199999999999,7.01,,
29,imbalanced,200,0.1,0.25,5,raw_grouped,0.8951968000000001,0.0009059717616818,0.895223,9.87,95.475,
29,imbalanced,200,0.1,0.25,5,raw_peak,0.89446,0.000990957102956277,0.8944620000000001,9.97,95.475,
29,imbalanced,200,0.1,0.25,5,tuned_cart,0.8966632,0.0007333966608258813,0.896648,2.025,,
30,imbalanced,200,0.4,0.25,2,aloof,0.5372551999999999,0.002416629798441119,0.536551,3.745,,
30,imbalanced,200,0.4,0.25,2,cart,0.5376132,0.0022732045272950184,0.536469,3.825,,
30,imbalanced,200,0.4,0.25,2,diagnostic,,,,,,0.0011549
30,imbalanced,200,0.4,0.25,2,gap_cart,0.5335206,0.0023321694255235255,0.532776,3.825,,
30,imbalanced,200,0.4,0.25,2,literal,0.5368518,0.002461947307830259,0.53695,3.855,,
30,imbalanced,200,0.4,0.25,2,mixed_grouped,0.5348798,0.0024197067225005947,0.533488,3.895,51.345,
30,imbalanced,200,0.4,0.25,2,mixed_peak,0.5384756,0.0024462756397692883,0.537521,3.9,51.345,
30,imbalanced,200,0.4,0.25,2,node_vote,0.5375422,0.002201571530023279,0.536636,3.835,,
30,imbalanced,200,0.4,0.25,2,raw_grouped,0.5376312,0.0023984729507076745,0.536521,3.88,51.32,
30,imbalanced,200,0.4,0.25,2,raw_peak,0.536214,0.002387047068774035,0.535771,3.875,51.32,
30,imbalanced,200,0.4,0.25,2,tuned_cart,0.546581,0.002423308406531415,0.5459080000000001,2.555,,
30,imbalanced,200,0.4,0.25,5,aloof,0.5219252,0.0013475612756972473,0.520991,10.615,,
30,imbalanced,200,0.4,0.25,5,cart,0.5224293999999999,0.0012821052560683893,0.5214880000000001,11.62,,
30,imbalanced,200,0.4,0.25,5,diagnostic,,,,,,0.0026867
30,imbalanced,200,0.4,0.25,5,gap_cart,0.517667,0.0012025856210180613,0.51669,11.505,,
30,imbalanced,200,0.4,0.25,5,literal,0.5290608,0.0015193639758979015,0.528335,12.7,,
30,imbalanced,200,0.4,0.25,5,mixed_grouped,0.5332998,0.0016150510173810972,0.532276,12.9,187.065,
30,imbalanced,200,0.4,0.25,5,mixed_peak,0.5343098,0.0017274057697212691,0.534176,12.57,187.065,
30,imbalanced,200,0.4,0.25,5,node_vote,0.5226522,0.0012492477719727552,0.5224179999999999,11.215,,
30,imbalanced,200,0.4,0.25,5,raw_grouped,0.5300716,0.0015080056673180357,0.528845,12.95,186.94,
30,imbalanced,200,0.4,0.25,5,raw_peak,0.5307146,0.0016000665483019677,0.530768,12.685,186.94,
30,imbalanced,200,0.4,0.25,5,tuned_cart,0.5396258,0.002321360316797461,0.538626,4.685,,
31,contaminated,200,0.1,0.25,2,aloof,0.8898336,0.0009066913040302193,0.889586,3.9,,
31,contaminated,200,0.1,0.25,2,cart,0.8900480000000001,0.000887644457774105,0.889806,4.0,,
31,contaminated,200,0.1,0.25,2,diagnostic,,,,,,0.00052505
31,contaminated,200,0.1,0.25,2,gap_cart,0.8904152000000001,0.000883563800610201,0.8901789999999999,4.0,,
31,contaminated,200,0.1,0.25,2,literal,0.8915808,0.0007268795264898791,0.8913519999999999,3.99,,
31,contaminated,200,0.1,0.25,2,mixed_grouped,0.8925736000000001,0.0006404383197522107,0.8922950000000001,4.0,33.835,
31,contaminated,200,0.1,0.25,2,mixed_peak,0.8917664000000001,0.0007405790178016389,0.891528,3.985,33.835,
31,contaminated,200,0.1,0.25,2,node_vote,0.8921479999999999,0.0006909944767030855,0.8919370000000001,3.82,,
31,contaminated,200,0.1,0.25,2,raw_grouped,0.8923576,0.0006448439577519869,0.892081,4.0,33.865,
31,contaminated,200,0.1,0.25,2,raw_peak,0.8914856,0.0007478313861496805,0.891243,3.985,33.865,
31,contaminated,200,0.1,0.25,2,tuned_cart,0.8928848,0.0004803320928243136,0.892668,2.015,,
31,contaminated,200,0.1,0.25,5,aloof,0.8657392,0.0024368629798808073,0.865434,7.2,,
31,contaminated,200,0.1,0.25,5,cart,0.8666064,0.0023656034565769568,0.86626,9.245,,
31,contaminated,200,0.1,0.25,5,diagnostic,,,,,,0.00088985
31,contaminated,200,0.1,0.25,5,gap_cart,0.8675888,0.0022969751953471774,0.867252,9.265,,
31,contaminated,200,0.1,0.25,5,literal,0.88778,0.0011715254497436172,0.887521,11.565,,
31,contaminated,200,0.1,0.25,5,mixed_grouped,0.8885544,0.0011079082392204975,0.888317,11.425,96.08,
31,contaminated,200,0.1,0.25,5,mixed_peak,0.8886816000000001,0.0010608436138589545,0.8884099999999999,11.54,96.08,
31,contaminated,200,0.1,0.25,5,node_vote,0.8844304,0.0015483745210663465,0.884158,7.245,,
31,contaminated,200,0.1,0.25,5,raw_grouped,0.8883056,0.0011092985891994996,0.88807,11.435,96.03,
31,contaminated,200,0.1,0.25,5,raw_peak,0.8881600000000001,0.0010837107292647878,0.8878879999999999,11.545,96.03,
31,contaminated,200,0.1,0.25,5,tuned_cart,0.892644,0.0005482018481651246,0.8924110000000001,2.03,,
32,contaminated,200,0.4,0.25,2,aloof,0.5287653999999999,0.0023068161648235985,0.529057,3.82,,
32,contaminated,200,0.4,0.25,2,cart,0.5312334,0.0022509157538331526,0.531603,3.905,,
32,contaminated,200,0.4,0.25,2,diagnostic,,,,,,0.00118425
32,contaminated,200,0.4,0.25,2,gap_cart,0.5307674,0.0022685924634065773,0.531143,3.905,,
32,contaminated,200,0.4,0.25,2,literal,0.5318558,0.0025855767222679087,0.531783,3.885,,
32,contaminated,200,0.4,0.25,2,mixed_grouped,0.529365,0.0025485495953975475,0.528769,3.89,51.0,
32,contaminated,200,0.4,0.25,2,mixed_peak,0.5307022,0.0026206859157758156,0.531111,3.895,51.0,
32,contaminated,200,0.4,0.25,2,node_vote,0.5301936,0.0021203480408346536,0.52984,3.93,,
32,contaminated,200,0.4,0.25,2,raw_grouped,0.5303450000000001,0.002517839904346501,0.529643,3.9,51.0,
32,contaminated,200,0.4,0.25,2,raw_peak,0.5302342,0.002574718358369439,0.530563,3.905,51.0,
32,contaminated,200,0.4,0.25,2,tuned_cart,0.5295196,0.0025951962889327754,0.529822,2.61,,
32,contaminated,200,0.4,0.25,5,aloof,0.5164524,0.001119896671112942,0.516922,11.52,,
32,contaminated,200,0.4,0.25,5,cart,0.5173114,0.0010023778714566326,0.517585,12.605,,
32,contaminated,200,0.4,0.25,5,diagnostic,,,,,,0.00274915
32,contaminated,200,0.4,0.25,5,gap_cart,0.5169702,0.0010323769712921105,0.517369,12.525,,
32,contaminated,200,0.4,0.25,5,literal,0.5255512,0.0017155403950461715,0.525628,13.265,,
32,contaminated,200,0.4,0.25,5,mixed_grouped,0.5278345999999999,0.001646610813170571,0.527455,13.605,190.215,
32,contaminated,200,0.4,0.25,5,mixed_peak,0.526137,0.0017289202006748334,0.526531,13.175,190.215,
32,contaminated,200,0.4,0.25,5,node_vote,0.5200002,0.0012176069947930012,0.5204030000000001,11.635,,
32,contaminated,200,0.4,0.25,5,raw_grouped,0.5278122,0.0016563038392273305,0.527429,13.585,190.42,
32,contaminated,200,0.4,0.25,5,raw_peak,0.5254572000000001,0.0017916073580522976,0.525986,13.1,190.42,
32,contaminated,200,0.4,0.25,5,tuned_cart,0.52918,0.002388717365714565,0.529294,5.015,,
33,gaussian,200,0.5,0.25,2,aloof,0.5,0.0,0.499645,3.7,,
33,gaussian,200,0.5,0.25,2,cart,0.5,0.0,0.499976,3.76,,
33,gaussian,200,0.5,0.25,2,diagnostic,,,,,,0.00115845
33,gaussian,200,0.5,0.25,2,gap_cart,0.5,0.0,0.500115,3.745,,
33,gaussian,200,0.5,0.25,2,literal,0.5,0.0,0.49992600000000004,3.89,,
33,gaussian,200,0.5,0.25,2,mixed_grouped,0.5,0.0,0.499763,3.875,52.09,
33,gaussian,200,0.5,0.25,2,mixed_peak,0.5,0.0,0.49994500000000003,3.86,52.09,
33,gaussian,200,0.5,0.25,2,node_vote,0.5,0.0,0.500155,3.89,,
33,gaussian,200,0.5,0.25,2,raw_grouped,0.5,0.0,0.499996,3.875,52.07,
33,gaussian,200,0.5,0.25,2,raw_peak,0.5,0.0,0.5001140000000001,3.865,52.07,
33,gaussian,200,0.5,0.25,2,tuned_cart,0.5,0.0,0.5001209999999999,2.465,,
33,gaussian,200,0.5,0.25,5,aloof,0.5,0.0,0.500263,10.97,,
33,gaussian,200,0.5,0.25,5,cart,0.5,0.0,0.49949599999999994,11.83,,
33,gaussian,200,0.5,0.25,5,diagnostic,,,,,,0.0027218999999999998
33,gaussian,200,0.5,0.25,5,gap_cart,0.5,0.0,0.499841,11.845,,
33,gaussian,200,0.5,0.25,5,literal,0.5,0.0,0.500901,12.985,,
33,gaussian,200,0.5,0.25,5,mixed_grouped,0.5,0.0,0.500233,13.43,190.89,
33,gaussian,200,0.5,0.25,5,mixed_peak,0.5,0.0,0.5000610000000001,13.05,190.89,
33,gaussian,200,0.5,0.25,5,node_vote,0.5,0.0,0.500687,11.66,,
33,gaussian,200,0.5,0.25,5,raw_grouped,0.5,0.0,0.500416,13.37,190.915,
33,gaussian,200,0.5,0.25,5,raw_peak,0.5,0.0,0.500205,12.93,190.915,
33,gaussian,200,0.5,0.25,5,tuned_cart,0.5,0.0,0.500045,4.72,,
