scenario,method,signal_root,unsplit
family-noise_n-200_noise-0.1_p-2,aloof,1.0,0.0
family-noise_n-200_noise-0.1_p-2,cart,1.0,0.0
family-noise_n-200_noise-0.1_p-2,cart_strong,1.0,0.0
family-noise_n-200_noise-0.1_p-2,cart_tuned,1.0,0.0
family-noise_n-200_noise-0.1_p-2,error_greedy,1.0,0.0
family-noise_n-200_noise-0.1_p-2,fixed_keep_single_class,1.0,0.0
family-noise_n-200_noise-0.1_p-2,fixed_original,1.0,0.0
family-noise_n-200_noise-0.1_p-2,fixed_random_ties,1.0,0.0
family-noise_n-200_noise-0.1_p-2,fixed_refined,1.0,0.0
family-noise_n-200_noise-0.1_p-2,frequency_bootstrap,1.0,0.0
family-noise_n-200_noise-0.1_p-2,frequency_subsample,1.0,0.0
family-noise_n-200_noise-0.1_p-2,holdout_common,1.0,0.0
family-noise_n-200_noise-0.1_p-2,holdout_refined,1.0,0.0
family-noise_n-200_noise-0.1_p-2,holdout_selected,1.0,0.0
family-noise_n-200_noise-0.1_p-2,node_vote,1.0,0.0
family-noise_n-200_noise-0.1_p-2,relative_bootstrap,1.0,0.0
family-noise_n-200_noise-0.1_p-2,relative_random_bootstrap,1.0,0.0
family-noise_n-200_noise-0.1_p-2,relative_random_subsample,1.0,0.0
family-noise_n-200_noise-0.1_p-2,relative_subsample,1.0,0.0
family-noise_n-200_noise-0.1_p-2,weighted_bootstrap,1.0,0.0
family-noise_n-200_noise-0.1_p-2,weighted_subsample,1.0,0.0
family-noise_n-200_noise-0.1_p-20,aloof,1.0,0.0
family-noise_n-200_noise-0.1_p-20,cart,1.0,0.0
family-noise_n-200_noise-0.1_p-20,cart_strong,1.0,0.0
family-noise_n-200_noise-0.1_p-20,cart_tuned,1.0,0.0
family-noise_n-200_noise-0.1_p-20,error_greedy,1.0,0.0
family-noise_n-200_noise-0.1_p-20,fixed_keep_single_class,1.0,0.0
family-noise_n-200_noise-0.1_p-20,fixed_original,1.0,0.0
family-noise_n-200_noise-0.1_p-20,fixed_random_ties,1.0,0.0
family-noise_n-200_noise-0.1_p-20,fixed_refined,1.0,0.0
family-noise_n-200_noise-0.1_p-20,frequency_bootstrap,1.0,0.0
family-noise_n-200_noise-0.1_p-20,frequency_subsample,1.0,0.0
family-noise_n-200_noise-0.1_p-20,holdout_common,1.0,0.0
family-noise_n-200_noise-0.1_p-20,holdout_refined,1.0,0.0
family-noise_n-200_noise-0.1_p-20,holdout_selected,1.0,0.0
family-noise_n-200_noise-0.1_p-20,node_vote,1.0,0.0
family-noise_n-200_noise-0.1_p-20,relative_bootstrap,1.0,0.0
family-noise_n-200_noise-0.1_p-20,relative_random_bootstrap,1.0,0.0
family-noise_n-200_noise-0.1_p-20,relative_random_subsample,1.0,0.0
family-noise_n-200_noise-0.1_p-20,relative_subsample,1.0,0.0
family-noise_n-200_noise-0.1_p-20,weighted_bootstrap,1.0,0.0
family-noise_n-200_noise-0.1_p-20,weighted_subsample,1.0,0.0
family-noise_n-200_noise-0.4_p-2,aloof,0.9,0.1
family-noise_n-200_noise-0.4_p-2,cart,0.85,0.0
family-noise_n-200_noise-0.4_p-2,cart_strong,0.8,0.05
family-noise_n-200_noise-0.4_p-2,cart_tuned,0.8,0.05
family-noise_n-200_noise-0.4_p-2,error_greedy,0.8,0.0
family-noise_n-200_noise-0.4_p-2,fixed_keep_single_class,0.75,0.0
family-noise_n-200_noise-0.4_p-2,fixed_original,0.75,0.0
family-noise_n-200_noise-0.4_p-2,fixed_random_ties,0.75,0.0
family-noise_n-200_noise-0.4_p-2,fixed_refined,0.75,0.0
family-noise_n-200_noise-0.4_p-2,frequency_bootstrap,1.0,0.0
family-noise_n-200_noise-0.4_p-2,frequency_subsample,1.0,0.0
family-noise_n-200_noise-0.4_p-2,holdout_common,0.7,0.0
family-noise_n-200_noise-0.4_p-2,holdout_refined,0.7,0.0
family-noise_n-200_noise-0.4_p-2,holdout_selected,0.75,0.0
family-noise_n-200_noise-0.4_p-2,node_vote,0.65,0.0
family-noise_n-200_noise-0.4_p-2,relative_bootstrap,1.0,0.0
family-noise_n-200_noise-0.4_p-2,relative_random_bootstrap,1.0,0.0
family-noise_n-200_noise-0.4_p-2,relative_random_subsample,1.0,0.0
family-noise_n-200_noise-0.4_p-2,relative_subsample,1.0,0.0
family-noise_n-200_noise-0.4_p-2,weighted_bootstrap,1.0,0.0
family-noise_n-200_noise-0.4_p-2,weighted_subsample,1.0,0.0
family-noise_n-200_noise-0.4_p-20,aloof,0.35,0.0
family-noise_n-200_noise-0.4_p-20,cart,0.35,0.0
family-noise_n-200_noise-0.4_p-20,cart_strong,0.35,0.0
family-noise_n-200_noise-0.4_p-20,cart_tuned,0.35,0.0
family-noise_n-200_noise-0.4_p-20,error_greedy,0.5,0.0
family-noise_n-200_noise-0.4_p-20,fixed_keep_single_class,0.15,0.0
family-noise_n-200_noise-0.4_p-20,fixed_original,0.15,0.0
family-noise_n-200_noise-0.4_p-20,fixed_random_ties,0.15,0.0
family-noise_n-200_noise-0.4_p-20,fixed_refined,0.15,0.0
family-noise_n-200_noise-0.4_p-20,frequency_bootstrap,0.55,0.2
family-noise_n-200_noise-0.4_p-20,frequency_subsample,0.55,0.1
family-noise_n-200_noise-0.4_p-20,holdout_common,0.45,0.0
family-noise_n-200_noise-0.4_p-20,holdout_refined,0.25,0.0
family-noise_n-200_noise-0.4_p-20,holdout_selected,0.25,0.0
family-noise_n-200_noise-0.4_p-20,node_vote,0.3,0.0
family-noise_n-200_noise-0.4_p-20,relative_bootstrap,0.6,0.0
family-noise_n-200_noise-0.4_p-20,relative_random_bootstrap,0.65,0.0
family-noise_n-200_noise-0.4_p-20,relative_random_subsample,0.6,0.0
family-noise_n-200_noise-0.4_p-20,relative_subsample,0.55,0.0
family-noise_n-200_noise-0.4_p-20,weighted_bootstrap,0.65,0.2
family-noise_n-200_noise-0.4_p-20,weighted_subsample,0.55,0.1
family-noise_n-800_noise-0.1_p-2,aloof,1.0,0.0
family-noise_n-800_noise-0.1_p-2,cart,1.0,0.0
family-noise_n-800_noise-0.1_p-2,cart_strong,1.0,0.0
family-noise_n-800_noise-0.1_p-2,cart_tuned,1.0,0.0
family-noise_n-800_noise-0.1_p-2,error_greedy,1.0,0.0
family-noise_n-800_noise-0.1_p-2,fixed_keep_single_class,1.0,0.0
family-noise_n-800_noise-0.1_p-2,fixed_original,1.0,0.0
family-noise_n-800_noise-0.1_p-2,fixed_random_ties,1.0,0.0
family-noise_n-800_noise-0.1_p-2,fixed_refined,1.0,0.0
family-noise_n-800_noise-0.1_p-2,frequency_bootstrap,1.0,0.0
family-noise_n-800_noise-0.1_p-2,frequency_subsample,1.0,0.0
family-noise_n-800_noise-0.1_p-2,holdout_common,1.0,0.0
family-noise_n-800_noise-0.1_p-2,holdout_refined,1.0,0.0
family-noise_n-800_noise-0.1_p-2,holdout_selected,1.0,0.0
family-noise_n-800_noise-0.1_p-2,node_vote,1.0,0.0
family-noise_n-800_noise-0.1_p-2,relative_bootstrap,1.0,0.0
family-noise_n-800_noise-0.1_p-2,relative_random_bootstrap,1.0,0.0
family-noise_n-800_noise-0.1_p-2,relative_random_subsample,1.0,0.0
family-noise_n-800_noise-0.1_p-2,relative_subsample,1.0,0.0
family-noise_n-800_noise-0.1_p-2,weighted_bootstrap,1.0,0.0
family-noise_n-800_noise-0.1_p-2,weighted_subsample,1.0,0.0
family-noise_n-800_noise-0.1_p-20,aloof,1.0,0.0
family-noise_n-800_noise-0.1_p-20,cart,1.0,0.0
family-noise_n-800_noise-0.1_p-20,cart_strong,1.0,0.0
family-noise_n-800_noise-0.1_p-20,cart_tuned,1.0,0.0
family-noise_n-800_noise-0.1_p-20,error_greedy,1.0,0.0
family-noise_n-800_noise-0.1_p-20,fixed_keep_single_class,1.0,0.0
family-noise_n-800_noise-0.1_p-20,fixed_original,1.0,0.0
family-noise_n-800_noise-0.1_p-20,fixed_random_ties,1.0,0.0
family-noise_n-800_noise-0.1_p-20,fixed_refined,1.0,0.0
family-noise_n-800_noise-0.1_p-20,frequency_bootstrap,1.0,0.0
family-noise_n-800_noise-0.1_p-20,frequency_subsample,1.0,0.0
family-noise_n-800_noise-0.1_p-20,holdout_common,1.0,0.0
family-noise_n-800_noise-0.1_p-20,holdout_refined,1.0,0.0
family-noise_n-800_noise-0.1_p-20,holdout_selected,1.0,0.0
family-noise_n-800_noise-0.1_p-20,node_vote,1.0,0.0
family-noise_n-800_noise-0.1_p-20,relative_bootstrap,1.0,0.0
family-noise_n-800_noise-0.1_p-20,relative_random_bootstrap,1.0,0.0
family-noise_n-800_noise-0.1_p-20,relative_random_subsample,1.0,0.0
family-noise_n-800_noise-0.1_p-20,relative_subsample,1.0,0.0
family-noise_n-800_noise-0.1_p-20,weighted_bootstrap,1.0,0.0
family-noise_n-800_noise-0.1_p-20,weighted_subsample,1.0,0.0
family-noise_n-800_noise-0.4_p-2,aloof,1.0,0.0
family-noise_n-800_noise-0.4_p-2,cart,1.0,0.0
family-noise_n-800_noise-0.4_p-2,cart_strong,1.0,0.0
family-noise_n-800_noise-0.4_p-2,cart_tuned,1.0,0.0
family-noise_n-800_noise-0.4_p-2,error_greedy,1.0,0.0
family-noise_n-800_noise-0.4_p-2,fixed_keep_single_class,1.0,0.0
family-noise_n-800_noise-0.4_p-2,fixed_original,1.0,0.0
family-noise_n-800_noise-0.4_p-2,fixed_random_ties,1.0,0.0
family-noise_n-800_noise-0.4_p-2,fixed_refined,1.0,0.0
family-noise_n-800_noise-0.4_p-2,frequency_bootstrap,1.0,0.0
family-noise_n-800_noise-0.4_p-2,frequency_subsample,1.0,0.0
family-noise_n-800_noise-0.4_p-2,holdout_common,0.95,0.0
family-noise_n-800_noise-0.4_p-2,holdout_refined,1.0,0.0
family-noise_n-800_noise-0.4_p-2,holdout_selected,1.0,0.0
family-noise_n-800_noise-0.4_p-2,node_vote,1.0,0.0
family-noise_n-800_noise-0.4_p-2,relative_bootstrap,1.0,0.0
family-noise_n-800_noise-0.4_p-2,relative_random_bootstrap,1.0,0.0
family-noise_n-800_noise-0.4_p-2,relative_random_subsample,1.0,0.0
family-noise_n-800_noise-0.4_p-2,relative_subsample,1.0,0.0
family-noise_n-800_noise-0.4_p-2,weighted_bootstrap,1.0,0.0
family-noise_n-800_noise-0.4_p-2,weighted_subsample,1.0,0.0
family-noise_n-800_noise-0.4_p-20,aloof,1.0,0.0
family-noise_n-800_noise-0.4_p-20,cart,1.0,0.0
family-noise_n-800_noise-0.4_p-20,cart_strong,1.0,0.0
family-noise_n-800_noise-0.4_p-20,cart_tuned,1.0,0.0
family-noise_n-800_noise-0.4_p-20,error_greedy,1.0,0.0
family-noise_n-800_noise-0.4_p-20,fixed_keep_single_class,1.0,0.0
family-noise_n-800_noise-0.4_p-20,fixed_original,1.0,0.0
family-noise_n-800_noise-0.4_p-20,fixed_random_ties,1.0,0.0
family-noise_n-800_noise-0.4_p-20,fixed_refined,1.0,0.0
family-noise_n-800_noise-0.4_p-20,frequency_bootstrap,1.0,0.0
family-noise_n-800_noise-0.4_p-20,frequency_subsample,1.0,0.0
family-noise_n-800_noise-0.4_p-20,holdout_common,1.0,0.0
family-noise_n-800_noise-0.4_p-20,holdout_refined,1.0,0.0
family-noise_n-800_noise-0.4_p-20,holdout_selected,1.0,0.0
family-noise_n-800_noise-0.4_p-20,node_vote,1.0,0.0
family-noise_n-800_noise-0.4_p-20,relative_bootstrap,1.0,0.0
family-noise_n-800_noise-0.4_p-20,relative_random_bootstrap,1.0,0.0
family-noise_n-800_noise-0.4_p-20,relative_random_subsample,1.0,0.0
family-noise_n-800_noise-0.4_p-20,relative_subsample,1.0,0.0
family-noise_n-800_noise-0.4_p-20,weighted_bootstrap,1.0,0.0
family-noise_n-800_noise-0.4_p-20,weighted_subsample,1.0,0.0
