scenario,method,comparator,difference,low,high,wins,passed
family-interaction_mixture-0.0_n-200_p-20,holdout_selected,cart_strong,-0.047188333333333346,-0.10280281672325373,0.008426150056587041,4,False
family-interaction_mixture-0.0_n-200_p-20,holdout_selected,lookahead,-0.3550766666666667,-0.4354335363749158,-0.27471979695841764,0,False
family-interaction_mixture-0.0_n-200_p-20,holdout_common,cart_strong,-0.11259833333333336,-0.18485301298677942,-0.040343653679887306,4,False
family-interaction_mixture-0.0_n-200_p-20,holdout_common,lookahead,-0.4204866666666667,-0.4738859918857213,-0.36708734144761207,0,False
family-interaction_mixture-0.0_n-200_p-20,holdout_refined,cart_strong,-0.044095,-0.10057928716883971,0.012389287168839698,5,False
family-interaction_mixture-0.0_n-200_p-20,holdout_refined,lookahead,-0.3519833333333333,-0.4342787038405789,-0.26968796282608776,0,False
family-interaction_mixture-0.0_n-200_p-20,frequency_bootstrap,cart_strong,0.2039766666666667,0.11700241558094165,0.29095091775239174,15,False
family-interaction_mixture-0.0_n-200_p-20,frequency_bootstrap,lookahead,-0.10391166666666665,-0.1770277461106514,-0.030795587222681914,0,False
family-interaction_mixture-0.0_n-200_p-20,frequency_subsample,cart_strong,0.1306766666666667,0.04818415638239211,0.21316917695094129,13,False
family-interaction_mixture-0.0_n-200_p-20,frequency_subsample,lookahead,-0.17721166666666666,-0.26985920745698816,-0.08456412587634514,0,False
family-interaction_mixture-0.0_n-200_p-20,relative_bootstrap,cart_strong,0.22058666666666665,0.12848334298466707,0.31268999034866624,15,False
family-interaction_mixture-0.0_n-200_p-20,relative_bootstrap,lookahead,-0.08730166666666665,-0.1566271655051995,-0.0179761678281338,0,False
family-interaction_mixture-0.0_n-200_p-20,relative_subsample,cart_strong,0.14250166666666667,0.06455082868286549,0.22045250465046784,14,False
family-interaction_mixture-0.0_n-200_p-20,relative_subsample,lookahead,-0.16538666666666665,-0.25198207262579614,-0.07879126070753717,0,False
family-interaction_mixture-0.0_n-200_p-20,weighted_bootstrap,cart_strong,0.22264333333333336,0.12588685148798134,0.3193998151786854,15,False
family-interaction_mixture-0.0_n-200_p-20,weighted_bootstrap,lookahead,-0.08524500000000002,-0.15840500794171286,-0.012084992058287183,0,False
family-interaction_mixture-0.0_n-200_p-20,weighted_subsample,cart_strong,0.16103333333333333,0.06759467868407888,0.2544719879825878,13,False
family-interaction_mixture-0.0_n-200_p-20,weighted_subsample,lookahead,-0.146855,-0.24255217470185564,-0.0511578252981444,0,False
family-interaction_mixture-0.0_n-200_p-20,relative_random_bootstrap,cart_strong,0.222335,0.1274049113975229,0.3172650886024771,15,False
family-interaction_mixture-0.0_n-200_p-20,relative_random_bootstrap,lookahead,-0.08555333333333334,-0.15684524653588805,-0.014261420130778649,0,False
family-interaction_mixture-0.0_n-200_p-20,relative_random_subsample,cart_strong,0.15911333333333333,0.0732876663395421,0.24493900032712457,14,False
family-interaction_mixture-0.0_n-200_p-20,relative_random_subsample,lookahead,-0.14877500000000002,-0.23673573840408138,-0.060814261595918656,0,False
family-interaction_mixture-0.0_n-800_p-20,holdout_selected,cart_strong,-0.10299,-0.15749992775256672,-0.04848007224743327,3,False
family-interaction_mixture-0.0_n-800_p-20,holdout_selected,lookahead,-0.3317033333333333,-0.40889383436314525,-0.25451283230352134,0,False
family-interaction_mixture-0.0_n-800_p-20,holdout_common,cart_strong,-0.07120166666666666,-0.13131333819500918,-0.011089995138324163,4,False
family-interaction_mixture-0.0_n-800_p-20,holdout_common,lookahead,-0.29991499999999993,-0.3731781845142776,-0.22665181548572227,0,False
family-interaction_mixture-0.0_n-800_p-20,holdout_refined,cart_strong,-0.09881333333333334,-0.1464157872149316,-0.05121087945173509,3,False
family-interaction_mixture-0.0_n-800_p-20,holdout_refined,lookahead,-0.3275266666666667,-0.403937243361109,-0.2511160899722244,0,False
family-interaction_mixture-0.0_n-800_p-20,frequency_bootstrap,cart_strong,0.15444833333333333,0.08036070517046769,0.22853596149619898,15,False
family-interaction_mixture-0.0_n-800_p-20,frequency_bootstrap,lookahead,-0.074265,-0.15229317052676136,0.003763170526761367,0,False
family-interaction_mixture-0.0_n-800_p-20,frequency_subsample,cart_strong,0.05351666666666666,-0.02528028942121649,0.1323136227545498,11,False
family-interaction_mixture-0.0_n-800_p-20,frequency_subsample,lookahead,-0.17519666666666664,-0.2781349782913229,-0.0722583550420104,0,False
family-interaction_mixture-0.0_n-800_p-20,relative_bootstrap,cart_strong,0.15444833333333333,0.08036070517046769,0.22853596149619898,15,False
family-interaction_mixture-0.0_n-800_p-20,relative_bootstrap,lookahead,-0.074265,-0.15229317052676136,0.003763170526761367,0,False
family-interaction_mixture-0.0_n-800_p-20,relative_subsample,cart_strong,0.06192499999999999,-0.015785088222988,0.13963508822298798,12,False
family-interaction_mixture-0.0_n-800_p-20,relative_subsample,lookahead,-0.16678833333333334,-0.26823189665537894,-0.06534477001128774,0,False
family-interaction_mixture-0.0_n-800_p-20,weighted_bootstrap,cart_strong,0.16550166666666666,0.09304548061235313,0.2379578527209802,16,True
family-interaction_mixture-0.0_n-800_p-20,weighted_bootstrap,lookahead,-0.06321166666666667,-0.13826693713976335,0.011843603806430014,0,False
family-interaction_mixture-0.0_n-800_p-20,weighted_subsample,cart_strong,0.10612499999999998,0.026306979900240682,0.18594302009975927,14,False
family-interaction_mixture-0.0_n-800_p-20,weighted_subsample,lookahead,-0.12258833333333334,-0.21797642982375187,-0.027200236842914824,0,False
family-interaction_mixture-0.0_n-800_p-20,relative_random_bootstrap,cart_strong,0.15725499999999998,0.08305994179854635,0.2314500582014536,15,False
family-interaction_mixture-0.0_n-800_p-20,relative_random_bootstrap,lookahead,-0.07145833333333333,-0.14967736514035168,0.006760698473685031,0,False
family-interaction_mixture-0.0_n-800_p-20,relative_random_subsample,cart_strong,0.08427833333333332,0.006430868639024742,0.16212579802764188,13,False
family-interaction_mixture-0.0_n-800_p-20,relative_random_subsample,lookahead,-0.14443499999999998,-0.24345982520091963,-0.04541017479908033,0,False
family-interaction_mixture-0.25_n-200_p-20,holdout_selected,cart_strong,-0.04872666666666666,-0.10338939997767359,0.005936066644340265,4,False
family-interaction_mixture-0.25_n-200_p-20,holdout_selected,lookahead,-0.07636666666666667,-0.13768187229792966,-0.015051461035403668,0,False
family-interaction_mixture-0.25_n-200_p-20,holdout_common,cart_strong,-0.05099500000000001,-0.09942857332937746,-0.002561426670622563,4,False
family-interaction_mixture-0.25_n-200_p-20,holdout_common,lookahead,-0.07863500000000001,-0.13028170477086304,-0.02698829522913699,0,False
family-interaction_mixture-0.25_n-200_p-20,holdout_refined,cart_strong,-0.047476666666666674,-0.10323047085936214,0.008277137526028794,4,False
family-interaction_mixture-0.25_n-200_p-20,holdout_refined,lookahead,-0.07511666666666668,-0.13836677440829798,-0.011866558925035367,0,False
family-interaction_mixture-0.25_n-200_p-20,frequency_bootstrap,cart_strong,-0.0019450000000000023,-0.046450978951791164,0.04256097895179116,7,False
family-interaction_mixture-0.25_n-200_p-20,frequency_bootstrap,lookahead,-0.029585,-0.06292679541942883,0.0037567954194288253,0,False
family-interaction_mixture-0.25_n-200_p-20,frequency_subsample,cart_strong,-0.0018416666666666638,-0.04400879942148845,0.04032546608815512,5,False
family-interaction_mixture-0.25_n-200_p-20,frequency_subsample,lookahead,-0.029481666666666663,-0.06149580485719825,0.002532471523864925,0,False
family-interaction_mixture-0.25_n-200_p-20,relative_bootstrap,cart_strong,-0.0021783333333333377,-0.04669620324148649,0.042339536574819814,7,False
family-interaction_mixture-0.25_n-200_p-20,relative_bootstrap,lookahead,-0.029818333333333336,-0.06313139247593874,0.003494725809272063,0,False
family-interaction_mixture-0.25_n-200_p-20,relative_subsample,cart_strong,-0.0018416666666666638,-0.04400879942148845,0.04032546608815512,5,False
family-interaction_mixture-0.25_n-200_p-20,relative_subsample,lookahead,-0.029481666666666663,-0.06149580485719825,0.002532471523864925,0,False
family-interaction_mixture-0.25_n-200_p-20,weighted_bootstrap,cart_strong,-0.01286333333333332,-0.06554255946196227,0.039815892795295627,7,False
family-interaction_mixture-0.25_n-200_p-20,weighted_bootstrap,lookahead,-0.04050333333333332,-0.0836295812155067,0.0026229145488400676,0,False
family-interaction_mixture-0.25_n-200_p-20,weighted_subsample,cart_strong,-0.015486666666666666,-0.07215896219922927,0.041185628865895926,5,False
family-interaction_mixture-0.25_n-200_p-20,weighted_subsample,lookahead,-0.04312666666666666,-0.09124858978713857,0.004995256453805247,0,False
family-interaction_mixture-0.25_n-200_p-20,relative_random_bootstrap,cart_strong,-0.0024166666666666447,-0.044901900967773106,0.04006856763443982,6,False
family-interaction_mixture-0.25_n-200_p-20,relative_random_bootstrap,lookahead,-0.03005666666666664,-0.061601484160228245,0.0014881508268949628,0,False
family-interaction_mixture-0.25_n-200_p-20,relative_random_subsample,cart_strong,-0.008668333333333339,-0.060371642285280115,0.043034975618613434,5,False
family-interaction_mixture-0.25_n-200_p-20,relative_random_subsample,lookahead,-0.03630833333333334,-0.07862764450872692,0.006010977842060242,0,False
family-interaction_mixture-0.25_n-800_p-20,holdout_selected,cart_strong,-0.0002616666666666656,-0.0008093412942368255,0.0002860079609034944,0,False
family-interaction_mixture-0.25_n-800_p-20,holdout_selected,aloof,-0.0002616666666666656,-0.0008093412942368255,0.0002860079609034944,0,False
family-interaction_mixture-0.25_n-800_p-20,holdout_common,cart_strong,0.0,0.0,0.0,0,False
family-interaction_mixture-0.25_n-800_p-20,holdout_common,aloof,0.0,0.0,0.0,0,False
family-interaction_mixture-0.25_n-800_p-20,holdout_refined,cart_strong,0.0,0.0,0.0,0,False
family-interaction_mixture-0.25_n-800_p-20,holdout_refined,aloof,0.0,0.0,0.0,0,False
family-interaction_mixture-0.25_n-800_p-20,frequency_bootstrap,cart_strong,0.0,0.0,0.0,0,False
family-interaction_mixture-0.25_n-800_p-20,frequency_bootstrap,aloof,0.0,0.0,0.0,0,False
family-interaction_mixture-0.25_n-800_p-20,frequency_subsample,cart_strong,0.0,0.0,0.0,0,False
family-interaction_mixture-0.25_n-800_p-20,frequency_subsample,aloof,0.0,0.0,0.0,0,False
family-interaction_mixture-0.25_n-800_p-20,relative_bootstrap,cart_strong,0.0,0.0,0.0,0,False
family-interaction_mixture-0.25_n-800_p-20,relative_bootstrap,aloof,0.0,0.0,0.0,0,False
family-interaction_mixture-0.25_n-800_p-20,relative_subsample,cart_strong,0.0,0.0,0.0,0,False
family-interaction_mixture-0.25_n-800_p-20,relative_subsample,aloof,0.0,0.0,0.0,0,False
family-interaction_mixture-0.25_n-800_p-20,weighted_bootstrap,cart_strong,0.0,0.0,0.0,0,False
family-interaction_mixture-0.25_n-800_p-20,weighted_bootstrap,aloof,0.0,0.0,0.0,0,False
family-interaction_mixture-0.25_n-800_p-20,weighted_subsample,cart_strong,0.0,0.0,0.0,0,False
family-interaction_mixture-0.25_n-800_p-20,weighted_subsample,aloof,0.0,0.0,0.0,0,False
family-interaction_mixture-0.25_n-800_p-20,relative_random_bootstrap,cart_strong,0.0,0.0,0.0,0,False
family-interaction_mixture-0.25_n-800_p-20,relative_random_bootstrap,aloof,0.0,0.0,0.0,0,False
family-interaction_mixture-0.25_n-800_p-20,relative_random_subsample,cart_strong,0.0,0.0,0.0,0,False
family-interaction_mixture-0.25_n-800_p-20,relative_random_subsample,aloof,0.0,0.0,0.0,0,False
family-interaction_mixture-1.0_n-200_p-20,holdout_selected,cart_strong,0.0,0.0,0.0,0,False
family-interaction_mixture-1.0_n-200_p-20,holdout_selected,aloof,0.0,0.0,0.0,0,False
family-interaction_mixture-1.0_n-200_p-20,holdout_common,cart_strong,0.0,0.0,0.0,0,False
family-interaction_mixture-1.0_n-200_p-20,holdout_common,aloof,0.0,0.0,0.0,0,False
family-interaction_mixture-1.0_n-200_p-20,holdout_refined,cart_strong,0.0,0.0,0.0,0,False
family-interaction_mixture-1.0_n-200_p-20,holdout_refined,aloof,0.0,0.0,0.0,0,False
family-interaction_mixture-1.0_n-200_p-20,frequency_bootstrap,cart_strong,0.0,0.0,0.0,0,False
family-interaction_mixture-1.0_n-200_p-20,frequency_bootstrap,aloof,0.0,0.0,0.0,0,False
family-interaction_mixture-1.0_n-200_p-20,frequency_subsample,cart_strong,0.0,0.0,0.0,0,False
family-interaction_mixture-1.0_n-200_p-20,frequency_subsample,aloof,0.0,0.0,0.0,0,False
family-interaction_mixture-1.0_n-200_p-20,relative_bootstrap,cart_strong,0.0,0.0,0.0,0,False
family-interaction_mixture-1.0_n-200_p-20,relative_bootstrap,aloof,0.0,0.0,0.0,0,False
family-interaction_mixture-1.0_n-200_p-20,relative_subsample,cart_strong,0.0,0.0,0.0,0,False
family-interaction_mixture-1.0_n-200_p-20,relative_subsample,aloof,0.0,0.0,0.0,0,False
family-interaction_mixture-1.0_n-200_p-20,weighted_bootstrap,cart_strong,0.0,0.0,0.0,0,False
family-interaction_mixture-1.0_n-200_p-20,weighted_bootstrap,aloof,0.0,0.0,0.0,0,False
family-interaction_mixture-1.0_n-200_p-20,weighted_subsample,cart_strong,0.0,0.0,0.0,0,False
family-interaction_mixture-1.0_n-200_p-20,weighted_subsample,aloof,0.0,0.0,0.0,0,False
family-interaction_mixture-1.0_n-200_p-20,relative_random_bootstrap,cart_strong,0.0,0.0,0.0,0,False
family-interaction_mixture-1.0_n-200_p-20,relative_random_bootstrap,aloof,0.0,0.0,0.0,0,False
family-interaction_mixture-1.0_n-200_p-20,relative_random_subsample,cart_strong,0.0,0.0,0.0,0,False
family-interaction_mixture-1.0_n-200_p-20,relative_random_subsample,aloof,0.0,0.0,0.0,0,False
family-interaction_mixture-1.0_n-800_p-20,holdout_selected,cart_strong,0.0,0.0,0.0,0,False
family-interaction_mixture-1.0_n-800_p-20,holdout_selected,aloof,0.0,0.0,0.0,0,False
family-interaction_mixture-1.0_n-800_p-20,holdout_common,cart_strong,0.0,0.0,0.0,0,False
family-interaction_mixture-1.0_n-800_p-20,holdout_common,aloof,0.0,0.0,0.0,0,False
family-interaction_mixture-1.0_n-800_p-20,holdout_refined,cart_strong,0.0,0.0,0.0,0,False
family-interaction_mixture-1.0_n-800_p-20,holdout_refined,aloof,0.0,0.0,0.0,0,False
family-interaction_mixture-1.0_n-800_p-20,frequency_bootstrap,cart_strong,0.0,0.0,0.0,0,False
family-interaction_mixture-1.0_n-800_p-20,frequency_bootstrap,aloof,0.0,0.0,0.0,0,False
family-interaction_mixture-1.0_n-800_p-20,frequency_subsample,cart_strong,0.0,0.0,0.0,0,False
family-interaction_mixture-1.0_n-800_p-20,frequency_subsample,aloof,0.0,0.0,0.0,0,False
family-interaction_mixture-1.0_n-800_p-20,relative_bootstrap,cart_strong,0.0,0.0,0.0,0,False
family-interaction_mixture-1.0_n-800_p-20,relative_bootstrap,aloof,0.0,0.0,0.0,0,False
family-interaction_mixture-1.0_n-800_p-20,relative_subsample,cart_strong,0.0,0.0,0.0,0,False
family-interaction_mixture-1.0_n-800_p-20,relative_subsample,aloof,0.0,0.0,0.0,0,False
family-interaction_mixture-1.0_n-800_p-20,weighted_bootstrap,cart_strong,0.0,0.0,0.0,0,False
family-interaction_mixture-1.0_n-800_p-20,weighted_bootstrap,aloof,0.0,0.0,0.0,0,False
family-interaction_mixture-1.0_n-800_p-20,weighted_subsample,cart_strong,0.0,0.0,0.0,0,False
family-interaction_mixture-1.0_n-800_p-20,weighted_subsample,aloof,0.0,0.0,0.0,0,False
family-interaction_mixture-1.0_n-800_p-20,relative_random_bootstrap,cart_strong,0.0,0.0,0.0,0,False
family-interaction_mixture-1.0_n-800_p-20,relative_random_bootstrap,aloof,0.0,0.0,0.0,0,False
family-interaction_mixture-1.0_n-800_p-20,relative_random_subsample,cart_strong,0.0,0.0,0.0,0,False
family-interaction_mixture-1.0_n-800_p-20,relative_random_subsample,aloof,0.0,0.0,0.0,0,False
family-noise_n-200_noise-0.1_p-2,holdout_selected,cart_strong,0.0002099999999999991,-0.00022953505142573406,0.0006495350514257323,1,False
family-noise_n-200_noise-0.1_p-2,holdout_selected,aloof,0.0,0.0,0.0,0,False
family-noise_n-200_noise-0.1_p-2,holdout_common,cart_strong,0.0002099999999999991,-0.00022953505142573406,0.0006495350514257323,1,False
family-noise_n-200_noise-0.1_p-2,holdout_common,aloof,0.0,0.0,0.0,0,False
family-noise_n-200_noise-0.1_p-2,holdout_refined,cart_strong,0.0002099999999999991,-0.00022953505142573406,0.0006495350514257323,1,False
family-noise_n-200_noise-0.1_p-2,holdout_refined,aloof,0.0,0.0,0.0,0,False
family-noise_n-200_noise-0.1_p-2,frequency_bootstrap,cart_strong,0.0002099999999999991,-0.00022953505142573406,0.0006495350514257323,1,False
family-noise_n-200_noise-0.1_p-2,frequency_bootstrap,aloof,0.0,0.0,0.0,0,False
family-noise_n-200_noise-0.1_p-2,frequency_subsample,cart_strong,0.0002099999999999991,-0.00022953505142573406,0.0006495350514257323,1,False
family-noise_n-200_noise-0.1_p-2,frequency_subsample,aloof,0.0,0.0,0.0,0,False
family-noise_n-200_noise-0.1_p-2,relative_bootstrap,cart_strong,0.0002099999999999991,-0.00022953505142573406,0.0006495350514257323,1,False
family-noise_n-200_noise-0.1_p-2,relative_bootstrap,aloof,0.0,0.0,0.0,0,False
family-noise_n-200_noise-0.1_p-2,relative_subsample,cart_strong,0.0002099999999999991,-0.00022953505142573406,0.0006495350514257323,1,False
family-noise_n-200_noise-0.1_p-2,relative_subsample,aloof,0.0,0.0,0.0,0,False
family-noise_n-200_noise-0.1_p-2,weighted_bootstrap,cart_strong,0.0002099999999999991,-0.00022953505142573406,0.0006495350514257323,1,False
family-noise_n-200_noise-0.1_p-2,weighted_bootstrap,aloof,0.0,0.0,0.0,0,False
family-noise_n-200_noise-0.1_p-2,weighted_subsample,cart_strong,0.0002099999999999991,-0.00022953505142573406,0.0006495350514257323,1,False
family-noise_n-200_noise-0.1_p-2,weighted_subsample,aloof,0.0,0.0,0.0,0,False
family-noise_n-200_noise-0.1_p-2,relative_random_bootstrap,cart_strong,0.0002099999999999991,-0.00022953505142573406,0.0006495350514257323,1,False
family-noise_n-200_noise-0.1_p-2,relative_random_bootstrap,aloof,0.0,0.0,0.0,0,False
family-noise_n-200_noise-0.1_p-2,relative_random_subsample,cart_strong,0.0002099999999999991,-0.00022953505142573406,0.0006495350514257323,1,False
family-noise_n-200_noise-0.1_p-2,relative_random_subsample,aloof,0.0,0.0,0.0,0,False
family-noise_n-200_noise-0.1_p-20,holdout_selected,cart_strong,-0.0033700000000000006,-0.011445429070578574,0.004705429070578574,1,False
family-noise_n-200_noise-0.1_p-20,holdout_selected,aloof,-0.0033700000000000006,-0.011445429070578574,0.004705429070578574,1,False
family-noise_n-200_noise-0.1_p-20,holdout_common,cart_strong,0.0004400000000000015,-0.0004809305839396373,0.0013609305839396403,1,False
family-noise_n-200_noise-0.1_p-20,holdout_common,aloof,0.0004400000000000015,-0.0004809305839396373,0.0013609305839396403,1,False
family-noise_n-200_noise-0.1_p-20,holdout_refined,cart_strong,0.0004400000000000015,-0.0004809305839396373,0.0013609305839396403,1,False
family-noise_n-200_noise-0.1_p-20,holdout_refined,aloof,0.0004400000000000015,-0.0004809305839396373,0.0013609305839396403,1,False
family-noise_n-200_noise-0.1_p-20,frequency_bootstrap,cart_strong,-0.0002649999999999986,-0.0008196513744181853,0.00028965137441818817,0,False
family-noise_n-200_noise-0.1_p-20,frequency_bootstrap,aloof,-0.0002649999999999986,-0.0008196513744181853,0.00028965137441818817,0,False
family-noise_n-200_noise-0.1_p-20,frequency_subsample,cart_strong,0.0004400000000000015,-0.0004809305839396373,0.0013609305839396403,1,False
family-noise_n-200_noise-0.1_p-20,frequency_subsample,aloof,0.0004400000000000015,-0.0004809305839396373,0.0013609305839396403,1,False
family-noise_n-200_noise-0.1_p-20,relative_bootstrap,cart_strong,-0.0002649999999999986,-0.0008196513744181853,0.00028965137441818817,0,False
family-noise_n-200_noise-0.1_p-20,relative_bootstrap,aloof,-0.0002649999999999986,-0.0008196513744181853,0.00028965137441818817,0,False
family-noise_n-200_noise-0.1_p-20,relative_subsample,cart_strong,0.0004400000000000015,-0.0004809305839396373,0.0013609305839396403,1,False
family-noise_n-200_noise-0.1_p-20,relative_subsample,aloof,0.0004400000000000015,-0.0004809305839396373,0.0013609305839396403,1,False
family-noise_n-200_noise-0.1_p-20,weighted_bootstrap,cart_strong,-0.0002649999999999986,-0.0008196513744181853,0.00028965137441818817,0,False
family-noise_n-200_noise-0.1_p-20,weighted_bootstrap,aloof,-0.0002649999999999986,-0.0008196513744181853,0.00028965137441818817,0,False
family-noise_n-200_noise-0.1_p-20,weighted_subsample,cart_strong,0.0004400000000000015,-0.0004809305839396373,0.0013609305839396403,1,False
family-noise_n-200_noise-0.1_p-20,weighted_subsample,aloof,0.0004400000000000015,-0.0004809305839396373,0.0013609305839396403,1,False
family-noise_n-200_noise-0.1_p-20,relative_random_bootstrap,cart_strong,-0.0002649999999999986,-0.0008196513744181853,0.00028965137441818817,0,False
family-noise_n-200_noise-0.1_p-20,relative_random_bootstrap,aloof,-0.0002649999999999986,-0.0008196513744181853,0.00028965137441818817,0,False
family-noise_n-200_noise-0.1_p-20,relative_random_subsample,cart_strong,0.0004400000000000015,-0.0004809305839396373,0.0013609305839396403,1,False
family-noise_n-200_noise-0.1_p-20,relative_random_subsample,aloof,0.0004400000000000015,-0.0004809305839396373,0.0013609305839396403,1,False
family-noise_n-200_noise-0.4_p-2,holdout_selected,cart_strong,0.0031900000000000066,-0.014633048247078574,0.021013048247078586,11,False
family-noise_n-200_noise-0.4_p-2,holdout_selected,aloof,-0.018834999999999994,-0.03800335308750919,0.0003333530875092028,4,False
family-noise_n-200_noise-0.4_p-2,holdout_common,cart_strong,0.003470000000000001,-0.017006422582261958,0.02394642258226196,8,False
family-noise_n-200_noise-0.4_p-2,holdout_common,aloof,-0.018555,-0.03446134123216253,-0.002648658767837469,2,False
family-noise_n-200_noise-0.4_p-2,holdout_refined,cart_strong,0.0015099999999999975,-0.01324282232498179,0.016262822324981784,9,False
family-noise_n-200_noise-0.4_p-2,holdout_refined,aloof,-0.020515000000000002,-0.03909181353646803,-0.0019381864635319712,3,False
family-noise_n-200_noise-0.4_p-2,frequency_bootstrap,cart_strong,0.023835,0.004734541513661938,0.04293545848633806,12,False
family-noise_n-200_noise-0.4_p-2,frequency_bootstrap,aloof,0.0018099999999999978,-0.0022153792812649874,0.0058353792812649834,4,False
family-noise_n-200_noise-0.4_p-2,frequency_subsample,cart_strong,0.01404,-0.0007089576505458078,0.02878895765054581,11,False
family-noise_n-200_noise-0.4_p-2,frequency_subsample,aloof,-0.007985,-0.022565498242558168,0.006595498242558166,3,False
family-noise_n-200_noise-0.4_p-2,relative_bootstrap,cart_strong,0.02325,0.004348496000894403,0.0421515039991056,12,False
family-noise_n-200_noise-0.4_p-2,relative_bootstrap,aloof,0.001225000000000001,-0.0038872012461009,0.0063372012461009024,4,False
family-noise_n-200_noise-0.4_p-2,relative_subsample,cart_strong,0.010429999999999998,-0.0024146865840698455,0.023274686584069844,11,False
family-noise_n-200_noise-0.4_p-2,relative_subsample,aloof,-0.011595000000000003,-0.02760714502417571,0.004417145024175702,3,False
family-noise_n-200_noise-0.4_p-2,weighted_bootstrap,cart_strong,0.021834999999999997,0.0051638490367682845,0.038506150963231706,11,False
family-noise_n-200_noise-0.4_p-2,weighted_bootstrap,aloof,-0.00019000000000000405,-0.007819154655030922,0.007439154655030913,4,False
family-noise_n-200_noise-0.4_p-2,weighted_subsample,cart_strong,0.019499999999999997,0.001635350972145514,0.03736464902785448,11,False
family-noise_n-200_noise-0.4_p-2,weighted_subsample,aloof,-0.002525000000000002,-0.012119143631259127,0.007069143631259124,3,False
family-noise_n-200_noise-0.4_p-2,relative_random_bootstrap,cart_strong,0.020855,0.0033731642591332753,0.03833683574086672,12,False
family-noise_n-200_noise-0.4_p-2,relative_random_bootstrap,aloof,-0.0011700000000000016,-0.00761986627487924,0.005279866274879237,4,False
family-noise_n-200_noise-0.4_p-2,relative_random_subsample,cart_strong,0.013124999999999989,-0.0007950044820829935,0.02704500448208297,11,False
family-noise_n-200_noise-0.4_p-2,relative_random_subsample,aloof,-0.00890000000000001,-0.02253676798383096,0.00473676798383094,3,False
family-noise_n-200_noise-0.4_p-20,holdout_selected,cart_strong,0.0011299999999999921,-0.016311203875871403,0.018571203875871387,9,False
family-noise_n-200_noise-0.4_p-20,holdout_selected,aloof,-0.013185000000000002,-0.03170476344167926,0.0053347634416792515,6,False
family-noise_n-200_noise-0.4_p-20,holdout_common,cart_strong,0.01133499999999999,-0.0032249897842305825,0.025894989784230563,11,False
family-noise_n-200_noise-0.4_p-20,holdout_common,aloof,-0.0029800000000000048,-0.017970014973761342,0.012010014973761331,7,False
family-noise_n-200_noise-0.4_p-20,holdout_refined,cart_strong,0.000999999999999998,-0.015794631326343022,0.017794631326343017,9,False
family-noise_n-200_noise-0.4_p-20,holdout_refined,aloof,-0.013314999999999997,-0.030527573930748415,0.0038975739307484207,3,False
family-noise_n-200_noise-0.4_p-20,frequency_bootstrap,cart_strong,0.02681999999999999,0.00639350064263805,0.04724649935736193,13,False
family-noise_n-200_noise-0.4_p-20,frequency_bootstrap,aloof,0.012504999999999994,-0.010315017490375647,0.035325017490375636,8,False
family-noise_n-200_noise-0.4_p-20,frequency_subsample,cart_strong,0.02709999999999998,0.009411851233019953,0.04478814876698001,14,False
family-noise_n-200_noise-0.4_p-20,frequency_subsample,aloof,0.012784999999999986,0.0005941901873144154,0.024975809812685556,10,False
family-noise_n-200_noise-0.4_p-20,relative_bootstrap,cart_strong,0.038259999999999995,0.018533771184896748,0.05798622881510324,16,True
family-noise_n-200_noise-0.4_p-20,relative_bootstrap,aloof,0.023945,0.0023669446817397577,0.045523055318260244,12,False
family-noise_n-200_noise-0.4_p-20,relative_subsample,cart_strong,0.027034999999999986,0.01347898303240585,0.040591016967594123,13,False
family-noise_n-200_noise-0.4_p-20,relative_subsample,aloof,0.01271999999999999,0.0004993598557617423,0.02494064014423824,12,False
family-noise_n-200_noise-0.4_p-20,weighted_bootstrap,cart_strong,0.025174999999999986,0.009323775180776823,0.04102622481922315,15,False
family-noise_n-200_noise-0.4_p-20,weighted_bootstrap,aloof,0.010859999999999991,-0.0052153771273855815,0.026935377127385564,10,False
family-noise_n-200_noise-0.4_p-20,weighted_subsample,cart_strong,0.02551499999999999,0.009051300019738966,0.04197869998026101,15,False
family-noise_n-200_noise-0.4_p-20,weighted_subsample,aloof,0.011199999999999991,0.0012763054150603248,0.021123694584939658,10,False
family-noise_n-200_noise-0.4_p-20,relative_random_bootstrap,cart_strong,0.031855,0.016594931323680985,0.04711506867631902,16,True
family-noise_n-200_noise-0.4_p-20,relative_random_bootstrap,aloof,0.017540000000000004,0.0013044445829377034,0.0337755554170623,14,False
family-noise_n-200_noise-0.4_p-20,relative_random_subsample,cart_strong,0.019404999999999985,0.005308252372704927,0.03350174762729504,13,False
family-noise_n-200_noise-0.4_p-20,relative_random_subsample,aloof,0.005089999999999989,-0.010372669485309126,0.0205526694853091,8,False
family-noise_n-800_noise-0.1_p-2,holdout_selected,cart_strong,0.0,0.0,0.0,0,False
family-noise_n-800_noise-0.1_p-2,holdout_selected,aloof,0.0,0.0,0.0,0,False
family-noise_n-800_noise-0.1_p-2,holdout_common,cart_strong,0.0,0.0,0.0,0,False
family-noise_n-800_noise-0.1_p-2,holdout_common,aloof,0.0,0.0,0.0,0,False
family-noise_n-800_noise-0.1_p-2,holdout_refined,cart_strong,0.0,0.0,0.0,0,False
family-noise_n-800_noise-0.1_p-2,holdout_refined,aloof,0.0,0.0,0.0,0,False
family-noise_n-800_noise-0.1_p-2,frequency_bootstrap,cart_strong,0.0,0.0,0.0,0,False
family-noise_n-800_noise-0.1_p-2,frequency_bootstrap,aloof,0.0,0.0,0.0,0,False
family-noise_n-800_noise-0.1_p-2,frequency_subsample,cart_strong,0.0,0.0,0.0,0,False
family-noise_n-800_noise-0.1_p-2,frequency_subsample,aloof,0.0,0.0,0.0,0,False
family-noise_n-800_noise-0.1_p-2,relative_bootstrap,cart_strong,0.0,0.0,0.0,0,False
family-noise_n-800_noise-0.1_p-2,relative_bootstrap,aloof,0.0,0.0,0.0,0,False
family-noise_n-800_noise-0.1_p-2,relative_subsample,cart_strong,0.0,0.0,0.0,0,False
family-noise_n-800_noise-0.1_p-2,relative_subsample,aloof,0.0,0.0,0.0,0,False
family-noise_n-800_noise-0.1_p-2,weighted_bootstrap,cart_strong,0.0,0.0,0.0,0,False
family-noise_n-800_noise-0.1_p-2,weighted_bootstrap,aloof,0.0,0.0,0.0,0,False
family-noise_n-800_noise-0.1_p-2,weighted_subsample,cart_strong,0.0,0.0,0.0,0,False
family-noise_n-800_noise-0.1_p-2,weighted_subsample,aloof,0.0,0.0,0.0,0,False
family-noise_n-800_noise-0.1_p-2,relative_random_bootstrap,cart_strong,0.0,0.0,0.0,0,False
family-noise_n-800_noise-0.1_p-2,relative_random_bootstrap,aloof,0.0,0.0,0.0,0,False
family-noise_n-800_noise-0.1_p-2,relative_random_subsample,cart_strong,0.0,0.0,0.0,0,False
family-noise_n-800_noise-0.1_p-2,relative_random_subsample,aloof,0.0,0.0,0.0,0,False
family-noise_n-800_noise-0.1_p-20,holdout_selected,cart_strong,0.0,0.0,0.0,0,False
family-noise_n-800_noise-0.1_p-20,holdout_selected,aloof,0.0,0.0,0.0,0,False
family-noise_n-800_noise-0.1_p-20,holdout_common,cart_strong,0.0,0.0,0.0,0,False
family-noise_n-800_noise-0.1_p-20,holdout_common,aloof,0.0,0.0,0.0,0,False
family-noise_n-800_noise-0.1_p-20,holdout_refined,cart_strong,0.0,0.0,0.0,0,False
family-noise_n-800_noise-0.1_p-20,holdout_refined,aloof,0.0,0.0,0.0,0,False
family-noise_n-800_noise-0.1_p-20,frequency_bootstrap,cart_strong,0.0,0.0,0.0,0,False
family-noise_n-800_noise-0.1_p-20,frequency_bootstrap,aloof,0.0,0.0,0.0,0,False
family-noise_n-800_noise-0.1_p-20,frequency_subsample,cart_strong,0.0,0.0,0.0,0,False
family-noise_n-800_noise-0.1_p-20,frequency_subsample,aloof,0.0,0.0,0.0,0,False
family-noise_n-800_noise-0.1_p-20,relative_bootstrap,cart_strong,0.0,0.0,0.0,0,False
family-noise_n-800_noise-0.1_p-20,relative_bootstrap,aloof,0.0,0.0,0.0,0,False
family-noise_n-800_noise-0.1_p-20,relative_subsample,cart_strong,0.0,0.0,0.0,0,False
family-noise_n-800_noise-0.1_p-20,relative_subsample,aloof,0.0,0.0,0.0,0,False
family-noise_n-800_noise-0.1_p-20,weighted_bootstrap,cart_strong,0.0,0.0,0.0,0,False
family-noise_n-800_noise-0.1_p-20,weighted_bootstrap,aloof,0.0,0.0,0.0,0,False
family-noise_n-800_noise-0.1_p-20,weighted_subsample,cart_strong,0.0,0.0,0.0,0,False
family-noise_n-800_noise-0.1_p-20,weighted_subsample,aloof,0.0,0.0,0.0,0,False
family-noise_n-800_noise-0.1_p-20,relative_random_bootstrap,cart_strong,0.0,0.0,0.0,0,False
family-noise_n-800_noise-0.1_p-20,relative_random_bootstrap,aloof,0.0,0.0,0.0,0,False
family-noise_n-800_noise-0.1_p-20,relative_random_subsample,cart_strong,0.0,0.0,0.0,0,False
family-noise_n-800_noise-0.1_p-20,relative_random_subsample,aloof,0.0,0.0,0.0,0,False
family-noise_n-800_noise-0.4_p-2,holdout_selected,cart_strong,0.0027750000000000053,-0.008986866783789219,0.014536866783789229,2,False
family-noise_n-800_noise-0.4_p-2,holdout_selected,aloof,-0.0011149999999999992,-0.005375738214278107,0.003145738214278109,3,False
family-noise_n-800_noise-0.4_p-2,holdout_common,cart_strong,0.0009950000000000126,-0.0071661762188534135,0.009156176218853439,3,False
family-noise_n-800_noise-0.4_p-2,holdout_common,aloof,-0.002894999999999992,-0.007478032874970381,0.0016880328749703964,2,False
family-noise_n-800_noise-0.4_p-2,holdout_refined,cart_strong,0.002725000000000011,-0.008934269005837091,0.014384269005837112,2,False
family-noise_n-800_noise-0.4_p-2,holdout_refined,aloof,-0.0011649999999999937,-0.005061780038451665,0.0027317800384516772,4,False
family-noise_n-800_noise-0.4_p-2,frequency_bootstrap,cart_strong,0.004720000000000002,-0.006092935810339163,0.015532935810339167,2,False
family-noise_n-800_noise-0.4_p-2,frequency_bootstrap,aloof,0.0008299999999999974,-0.002983039490207168,0.004643039490207163,5,False
family-noise_n-800_noise-0.4_p-2,frequency_subsample,cart_strong,0.0021300000000000095,-0.00985410411902991,0.01411410411902993,3,False
family-noise_n-800_noise-0.4_p-2,frequency_subsample,aloof,-0.0017599999999999949,-0.007478680874350119,0.003958680874350129,5,False
family-noise_n-800_noise-0.4_p-2,relative_bootstrap,cart_strong,0.004720000000000002,-0.006092935810339163,0.015532935810339167,2,False
family-noise_n-800_noise-0.4_p-2,relative_bootstrap,aloof,0.0008299999999999974,-0.002983039490207168,0.004643039490207163,5,False
family-noise_n-800_noise-0.4_p-2,relative_subsample,cart_strong,0.0021300000000000095,-0.00985410411902991,0.01411410411902993,3,False
family-noise_n-800_noise-0.4_p-2,relative_subsample,aloof,-0.0017599999999999949,-0.007478680874350119,0.003958680874350129,5,False
family-noise_n-800_noise-0.4_p-2,weighted_bootstrap,cart_strong,0.005630000000000001,-0.004768560848136547,0.01602856084813655,2,False
family-noise_n-800_noise-0.4_p-2,weighted_bootstrap,aloof,0.0017399999999999972,-0.0009770050771823386,0.0044570050771823334,5,False
family-noise_n-800_noise-0.4_p-2,weighted_subsample,cart_strong,0.004330000000000012,-0.00653384756485116,0.015193847564851183,3,False
family-noise_n-800_noise-0.4_p-2,weighted_subsample,aloof,0.00044000000000000706,-0.0028847717357288736,0.003764771735728888,5,False
family-noise_n-800_noise-0.4_p-2,relative_random_bootstrap,cart_strong,0.005585000000000001,-0.004818029658135206,0.015988029658135207,2,False
family-noise_n-800_noise-0.4_p-2,relative_random_bootstrap,aloof,0.0016949999999999964,-0.0010242561239889644,0.004414256123988957,5,False
family-noise_n-800_noise-0.4_p-2,relative_random_subsample,cart_strong,0.002775000000000011,-0.008587916964993055,0.014137916964993075,3,False
family-noise_n-800_noise-0.4_p-2,relative_random_subsample,aloof,-0.0011149999999999938,-0.005514709475310225,0.0032847094753102376,5,False
family-noise_n-800_noise-0.4_p-20,holdout_selected,cart_strong,0.0025350000000000095,-0.003263992326632095,0.008333992326632114,3,False
family-noise_n-800_noise-0.4_p-20,holdout_selected,aloof,0.011425000000000008,0.0033519014266143402,0.019498098573385678,15,False
family-noise_n-800_noise-0.4_p-20,holdout_common,cart_strong,-0.008984999999999993,-0.01612510876898827,-0.0018448912310117145,2,False
family-noise_n-800_noise-0.4_p-20,holdout_common,aloof,-9.499999999999509e-05,-0.008824434108295745,0.008634434108295756,8,False
family-noise_n-800_noise-0.4_p-20,holdout_refined,cart_strong,0.00023500000000000186,-0.005584709844282865,0.006054709844282869,3,False
family-noise_n-800_noise-0.4_p-20,holdout_refined,aloof,0.009125,0.0006302060273629534,0.017619793972637045,12,False
family-noise_n-800_noise-0.4_p-20,frequency_bootstrap,cart_strong,0.0041849999999999995,-0.0022845718503264785,0.010654571850326477,3,False
family-noise_n-800_noise-0.4_p-20,frequency_bootstrap,aloof,0.013074999999999998,0.006018522278072993,0.020131477721927003,17,True
family-noise_n-800_noise-0.4_p-20,frequency_subsample,cart_strong,0.0008450000000000069,-0.007119926331808031,0.008809926331808045,3,False
family-noise_n-800_noise-0.4_p-20,frequency_subsample,aloof,0.009735000000000004,0.0019045739373283986,0.01756542606267161,14,False
family-noise_n-800_noise-0.4_p-20,relative_bootstrap,cart_strong,0.0041849999999999995,-0.0022845718503264785,0.010654571850326477,3,False
family-noise_n-800_noise-0.4_p-20,relative_bootstrap,aloof,0.013074999999999998,0.006018522278072993,0.020131477721927003,17,True
family-noise_n-800_noise-0.4_p-20,relative_subsample,cart_strong,0.0008450000000000069,-0.007119926331808031,0.008809926331808045,3,False
family-noise_n-800_noise-0.4_p-20,relative_subsample,aloof,0.009735000000000004,0.0019045739373283986,0.01756542606267161,14,False
family-noise_n-800_noise-0.4_p-20,weighted_bootstrap,cart_strong,0.003714999999999996,-0.002933826982876437,0.01036382698287643,3,False
family-noise_n-800_noise-0.4_p-20,weighted_bootstrap,aloof,0.012604999999999995,0.005453336945870075,0.019756663054129917,17,True
family-noise_n-800_noise-0.4_p-20,weighted_subsample,cart_strong,0.0008450000000000069,-0.007119926331808031,0.008809926331808045,3,False
family-noise_n-800_noise-0.4_p-20,weighted_subsample,aloof,0.009735000000000004,0.0019045739373283986,0.01756542606267161,14,False
family-noise_n-800_noise-0.4_p-20,relative_random_bootstrap,cart_strong,0.0041849999999999995,-0.0022845718503264785,0.010654571850326477,3,False
family-noise_n-800_noise-0.4_p-20,relative_random_bootstrap,aloof,0.013074999999999998,0.006018522278072993,0.020131477721927003,17,True
family-noise_n-800_noise-0.4_p-20,relative_random_subsample,cart_strong,0.0002750000000000086,-0.00798204132664366,0.008532041326643676,3,False
family-noise_n-800_noise-0.4_p-20,relative_random_subsample,aloof,0.009165000000000006,0.0011705612309064195,0.017159438769093593,13,False
family-objective_mixture-0.0_n-200_p-2,holdout_selected,cart_strong,-0.0028799999999999993,-0.008907909276695793,0.003147909276695795,0,False
family-objective_mixture-0.0_n-200_p-2,holdout_selected,node_vote,0.0,0.0,0.0,0,False
family-objective_mixture-0.0_n-200_p-2,holdout_common,cart_strong,-0.008784999999999998,-0.018836084592951816,0.0012660845929518202,0,False
family-objective_mixture-0.0_n-200_p-2,holdout_common,node_vote,-0.005904999999999999,-0.014421501557566755,0.002611501557566757,0,False
family-objective_mixture-0.0_n-200_p-2,holdout_refined,cart_strong,-0.0028799999999999993,-0.008907909276695793,0.003147909276695795,0,False
family-objective_mixture-0.0_n-200_p-2,holdout_refined,node_vote,0.0,0.0,0.0,0,False
family-objective_mixture-0.0_n-200_p-2,frequency_bootstrap,cart_strong,-0.0028799999999999993,-0.008907909276695793,0.003147909276695795,0,False
family-objective_mixture-0.0_n-200_p-2,frequency_bootstrap,node_vote,0.0,0.0,0.0,0,False
family-objective_mixture-0.0_n-200_p-2,frequency_subsample,cart_strong,-0.0028799999999999993,-0.008907909276695793,0.003147909276695795,0,False
family-objective_mixture-0.0_n-200_p-2,frequency_subsample,node_vote,0.0,0.0,0.0,0,False
family-objective_mixture-0.0_n-200_p-2,relative_bootstrap,cart_strong,-0.0028799999999999993,-0.008907909276695793,0.003147909276695795,0,False
family-objective_mixture-0.0_n-200_p-2,relative_bootstrap,node_vote,0.0,0.0,0.0,0,False
family-objective_mixture-0.0_n-200_p-2,relative_subsample,cart_strong,-0.0028799999999999993,-0.008907909276695793,0.003147909276695795,0,False
family-objective_mixture-0.0_n-200_p-2,relative_subsample,node_vote,0.0,0.0,0.0,0,False
family-objective_mixture-0.0_n-200_p-2,weighted_bootstrap,cart_strong,-0.0028799999999999993,-0.008907909276695793,0.003147909276695795,0,False
family-objective_mixture-0.0_n-200_p-2,weighted_bootstrap,node_vote,0.0,0.0,0.0,0,False
family-objective_mixture-0.0_n-200_p-2,weighted_subsample,cart_strong,-0.0028799999999999993,-0.008907909276695793,0.003147909276695795,0,False
family-objective_mixture-0.0_n-200_p-2,weighted_subsample,node_vote,0.0,0.0,0.0,0,False
family-objective_mixture-0.0_n-200_p-2,relative_random_bootstrap,cart_strong,0.0,0.0,0.0,0,False
family-objective_mixture-0.0_n-200_p-2,relative_random_bootstrap,node_vote,0.0028799999999999993,-0.003147909276695795,0.008907909276695793,1,False
family-objective_mixture-0.0_n-200_p-2,relative_random_subsample,cart_strong,0.0,0.0,0.0,0,False
family-objective_mixture-0.0_n-200_p-2,relative_random_subsample,node_vote,0.0028799999999999993,-0.003147909276695795,0.008907909276695793,1,False
family-objective_mixture-0.0_n-800_p-2,holdout_selected,cart_strong,0.0,0.0,0.0,0,False
family-objective_mixture-0.0_n-800_p-2,holdout_selected,aloof,0.0,0.0,0.0,0,False
family-objective_mixture-0.0_n-800_p-2,holdout_common,cart_strong,0.0,0.0,0.0,0,False
family-objective_mixture-0.0_n-800_p-2,holdout_common,aloof,0.0,0.0,0.0,0,False
family-objective_mixture-0.0_n-800_p-2,holdout_refined,cart_strong,0.0,0.0,0.0,0,False
family-objective_mixture-0.0_n-800_p-2,holdout_refined,aloof,0.0,0.0,0.0,0,False
family-objective_mixture-0.0_n-800_p-2,frequency_bootstrap,cart_strong,0.0,0.0,0.0,0,False
family-objective_mixture-0.0_n-800_p-2,frequency_bootstrap,aloof,0.0,0.0,0.0,0,False
family-objective_mixture-0.0_n-800_p-2,frequency_subsample,cart_strong,0.0,0.0,0.0,0,False
family-objective_mixture-0.0_n-800_p-2,frequency_subsample,aloof,0.0,0.0,0.0,0,False
family-objective_mixture-0.0_n-800_p-2,relative_bootstrap,cart_strong,0.0,0.0,0.0,0,False
family-objective_mixture-0.0_n-800_p-2,relative_bootstrap,aloof,0.0,0.0,0.0,0,False
family-objective_mixture-0.0_n-800_p-2,relative_subsample,cart_strong,0.0,0.0,0.0,0,False
family-objective_mixture-0.0_n-800_p-2,relative_subsample,aloof,0.0,0.0,0.0,0,False
family-objective_mixture-0.0_n-800_p-2,weighted_bootstrap,cart_strong,0.0,0.0,0.0,0,False
family-objective_mixture-0.0_n-800_p-2,weighted_bootstrap,aloof,0.0,0.0,0.0,0,False
family-objective_mixture-0.0_n-800_p-2,weighted_subsample,cart_strong,0.0,0.0,0.0,0,False
family-objective_mixture-0.0_n-800_p-2,weighted_subsample,aloof,0.0,0.0,0.0,0,False
family-objective_mixture-0.0_n-800_p-2,relative_random_bootstrap,cart_strong,0.0,0.0,0.0,0,False
family-objective_mixture-0.0_n-800_p-2,relative_random_bootstrap,aloof,0.0,0.0,0.0,0,False
family-objective_mixture-0.0_n-800_p-2,relative_random_subsample,cart_strong,0.0,0.0,0.0,0,False
family-objective_mixture-0.0_n-800_p-2,relative_random_subsample,aloof,0.0,0.0,0.0,0,False
family-objective_mixture-0.5_n-200_p-2,holdout_selected,cart_strong,0.0,0.0,0.0,0,False
family-objective_mixture-0.5_n-200_p-2,holdout_selected,aloof,0.0,0.0,0.0,0,False
family-objective_mixture-0.5_n-200_p-2,holdout_common,cart_strong,0.0,0.0,0.0,0,False
family-objective_mixture-0.5_n-200_p-2,holdout_common,aloof,0.0,0.0,0.0,0,False
family-objective_mixture-0.5_n-200_p-2,holdout_refined,cart_strong,0.0,0.0,0.0,0,False
family-objective_mixture-0.5_n-200_p-2,holdout_refined,aloof,0.0,0.0,0.0,0,False
family-objective_mixture-0.5_n-200_p-2,frequency_bootstrap,cart_strong,0.0,0.0,0.0,0,False
family-objective_mixture-0.5_n-200_p-2,frequency_bootstrap,aloof,0.0,0.0,0.0,0,False
family-objective_mixture-0.5_n-200_p-2,frequency_subsample,cart_strong,0.0,0.0,0.0,0,False
family-objective_mixture-0.5_n-200_p-2,frequency_subsample,aloof,0.0,0.0,0.0,0,False
family-objective_mixture-0.5_n-200_p-2,relative_bootstrap,cart_strong,0.0,0.0,0.0,0,False
family-objective_mixture-0.5_n-200_p-2,relative_bootstrap,aloof,0.0,0.0,0.0,0,False
family-objective_mixture-0.5_n-200_p-2,relative_subsample,cart_strong,0.0,0.0,0.0,0,False
family-objective_mixture-0.5_n-200_p-2,relative_subsample,aloof,0.0,0.0,0.0,0,False
family-objective_mixture-0.5_n-200_p-2,weighted_bootstrap,cart_strong,0.0,0.0,0.0,0,False
family-objective_mixture-0.5_n-200_p-2,weighted_bootstrap,aloof,0.0,0.0,0.0,0,False
family-objective_mixture-0.5_n-200_p-2,weighted_subsample,cart_strong,0.0,0.0,0.0,0,False
family-objective_mixture-0.5_n-200_p-2,weighted_subsample,aloof,0.0,0.0,0.0,0,False
family-objective_mixture-0.5_n-200_p-2,relative_random_bootstrap,cart_strong,0.0,0.0,0.0,0,False
family-objective_mixture-0.5_n-200_p-2,relative_random_bootstrap,aloof,0.0,0.0,0.0,0,False
family-objective_mixture-0.5_n-200_p-2,relative_random_subsample,cart_strong,0.0,0.0,0.0,0,False
family-objective_mixture-0.5_n-200_p-2,relative_random_subsample,aloof,0.0,0.0,0.0,0,False
family-objective_mixture-0.5_n-800_p-2,holdout_selected,cart_strong,0.0,0.0,0.0,0,False
family-objective_mixture-0.5_n-800_p-2,holdout_selected,aloof,0.0,0.0,0.0,0,False
family-objective_mixture-0.5_n-800_p-2,holdout_common,cart_strong,0.0,0.0,0.0,0,False
family-objective_mixture-0.5_n-800_p-2,holdout_common,aloof,0.0,0.0,0.0,0,False
family-objective_mixture-0.5_n-800_p-2,holdout_refined,cart_strong,0.0,0.0,0.0,0,False
family-objective_mixture-0.5_n-800_p-2,holdout_refined,aloof,0.0,0.0,0.0,0,False
family-objective_mixture-0.5_n-800_p-2,frequency_bootstrap,cart_strong,0.0,0.0,0.0,0,False
family-objective_mixture-0.5_n-800_p-2,frequency_bootstrap,aloof,0.0,0.0,0.0,0,False
family-objective_mixture-0.5_n-800_p-2,frequency_subsample,cart_strong,0.0,0.0,0.0,0,False
family-objective_mixture-0.5_n-800_p-2,frequency_subsample,aloof,0.0,0.0,0.0,0,False
family-objective_mixture-0.5_n-800_p-2,relative_bootstrap,cart_strong,0.0,0.0,0.0,0,False
family-objective_mixture-0.5_n-800_p-2,relative_bootstrap,aloof,0.0,0.0,0.0,0,False
family-objective_mixture-0.5_n-800_p-2,relative_subsample,cart_strong,0.0,0.0,0.0,0,False
family-objective_mixture-0.5_n-800_p-2,relative_subsample,aloof,0.0,0.0,0.0,0,False
family-objective_mixture-0.5_n-800_p-2,weighted_bootstrap,cart_strong,0.0,0.0,0.0,0,False
family-objective_mixture-0.5_n-800_p-2,weighted_bootstrap,aloof,0.0,0.0,0.0,0,False
family-objective_mixture-0.5_n-800_p-2,weighted_subsample,cart_strong,0.0,0.0,0.0,0,False
family-objective_mixture-0.5_n-800_p-2,weighted_subsample,aloof,0.0,0.0,0.0,0,False
family-objective_mixture-0.5_n-800_p-2,relative_random_bootstrap,cart_strong,0.0,0.0,0.0,0,False
family-objective_mixture-0.5_n-800_p-2,relative_random_bootstrap,aloof,0.0,0.0,0.0,0,False
family-objective_mixture-0.5_n-800_p-2,relative_random_subsample,cart_strong,0.0,0.0,0.0,0,False
family-objective_mixture-0.5_n-800_p-2,relative_random_subsample,aloof,0.0,0.0,0.0,0,False
family-objective_mixture-1.0_n-200_p-2,holdout_selected,cart_strong,0.0,0.0,0.0,0,False
family-objective_mixture-1.0_n-200_p-2,holdout_selected,aloof,0.0,0.0,0.0,0,False
family-objective_mixture-1.0_n-200_p-2,holdout_common,cart_strong,0.0,0.0,0.0,0,False
family-objective_mixture-1.0_n-200_p-2,holdout_common,aloof,0.0,0.0,0.0,0,False
family-objective_mixture-1.0_n-200_p-2,holdout_refined,cart_strong,0.0,0.0,0.0,0,False
family-objective_mixture-1.0_n-200_p-2,holdout_refined,aloof,0.0,0.0,0.0,0,False
family-objective_mixture-1.0_n-200_p-2,frequency_bootstrap,cart_strong,0.0,0.0,0.0,0,False
family-objective_mixture-1.0_n-200_p-2,frequency_bootstrap,aloof,0.0,0.0,0.0,0,False
family-objective_mixture-1.0_n-200_p-2,frequency_subsample,cart_strong,0.0,0.0,0.0,0,False
family-objective_mixture-1.0_n-200_p-2,frequency_subsample,aloof,0.0,0.0,0.0,0,False
family-objective_mixture-1.0_n-200_p-2,relative_bootstrap,cart_strong,0.0,0.0,0.0,0,False
family-objective_mixture-1.0_n-200_p-2,relative_bootstrap,aloof,0.0,0.0,0.0,0,False
family-objective_mixture-1.0_n-200_p-2,relative_subsample,cart_strong,0.0,0.0,0.0,0,False
family-objective_mixture-1.0_n-200_p-2,relative_subsample,aloof,0.0,0.0,0.0,0,False
family-objective_mixture-1.0_n-200_p-2,weighted_bootstrap,cart_strong,0.0,0.0,0.0,0,False
family-objective_mixture-1.0_n-200_p-2,weighted_bootstrap,aloof,0.0,0.0,0.0,0,False
family-objective_mixture-1.0_n-200_p-2,weighted_subsample,cart_strong,0.0,0.0,0.0,0,False
family-objective_mixture-1.0_n-200_p-2,weighted_subsample,aloof,0.0,0.0,0.0,0,False
family-objective_mixture-1.0_n-200_p-2,relative_random_bootstrap,cart_strong,0.0,0.0,0.0,0,False
family-objective_mixture-1.0_n-200_p-2,relative_random_bootstrap,aloof,0.0,0.0,0.0,0,False
family-objective_mixture-1.0_n-200_p-2,relative_random_subsample,cart_strong,0.0,0.0,0.0,0,False
family-objective_mixture-1.0_n-200_p-2,relative_random_subsample,aloof,0.0,0.0,0.0,0,False
family-objective_mixture-1.0_n-800_p-2,holdout_selected,cart_strong,0.0,0.0,0.0,0,False
family-objective_mixture-1.0_n-800_p-2,holdout_selected,aloof,0.0,0.0,0.0,0,False
family-objective_mixture-1.0_n-800_p-2,holdout_common,cart_strong,0.0,0.0,0.0,0,False
family-objective_mixture-1.0_n-800_p-2,holdout_common,aloof,0.0,0.0,0.0,0,False
family-objective_mixture-1.0_n-800_p-2,holdout_refined,cart_strong,0.0,0.0,0.0,0,False
family-objective_mixture-1.0_n-800_p-2,holdout_refined,aloof,0.0,0.0,0.0,0,False
family-objective_mixture-1.0_n-800_p-2,frequency_bootstrap,cart_strong,0.0,0.0,0.0,0,False
family-objective_mixture-1.0_n-800_p-2,frequency_bootstrap,aloof,0.0,0.0,0.0,0,False
family-objective_mixture-1.0_n-800_p-2,frequency_subsample,cart_strong,0.0,0.0,0.0,0,False
family-objective_mixture-1.0_n-800_p-2,frequency_subsample,aloof,0.0,0.0,0.0,0,False
family-objective_mixture-1.0_n-800_p-2,relative_bootstrap,cart_strong,0.0,0.0,0.0,0,False
family-objective_mixture-1.0_n-800_p-2,relative_bootstrap,aloof,0.0,0.0,0.0,0,False
family-objective_mixture-1.0_n-800_p-2,relative_subsample,cart_strong,0.0,0.0,0.0,0,False
family-objective_mixture-1.0_n-800_p-2,relative_subsample,aloof,0.0,0.0,0.0,0,False
family-objective_mixture-1.0_n-800_p-2,weighted_bootstrap,cart_strong,0.0,0.0,0.0,0,False
family-objective_mixture-1.0_n-800_p-2,weighted_bootstrap,aloof,0.0,0.0,0.0,0,False
family-objective_mixture-1.0_n-800_p-2,weighted_subsample,cart_strong,0.0,0.0,0.0,0,False
family-objective_mixture-1.0_n-800_p-2,weighted_subsample,aloof,0.0,0.0,0.0,0,False
family-objective_mixture-1.0_n-800_p-2,relative_random_bootstrap,cart_strong,0.0,0.0,0.0,0,False
family-objective_mixture-1.0_n-800_p-2,relative_random_bootstrap,aloof,0.0,0.0,0.0,0,False
family-objective_mixture-1.0_n-800_p-2,relative_random_subsample,cart_strong,0.0,0.0,0.0,0,False
family-objective_mixture-1.0_n-800_p-2,relative_random_subsample,aloof,0.0,0.0,0.0,0,False
