,,accuracy,accuracy,accuracy,accuracy,leaves,leaves,leaves,leaves
,,mean,std,min,max,mean,std,min,max
scenario,method,,,,,,,,
family-continuous_xor_n-600_p-20,aloof,0.6633333333333333,0.17815065063307423,0.5055555555555555,0.9611111111111112,12.8,4.381780460041329,7.0,17.0
family-continuous_xor_n-600_p-20,cart,0.6972222222222222,0.24902587995806558,0.49722222222222223,0.9777777777777776,14.2,5.167204273105526,9.0,22.0
family-continuous_xor_n-600_p-20,cart_strong,0.6886111111111111,0.255231527668604,0.49166666666666664,0.9749999999999999,24.4,26.01297753045583,7.5,69.5
family-continuous_xor_n-600_p-20,cart_tuned,0.6863888888888889,0.2585952972847298,0.4888888888888889,0.9777777777777776,8.4,2.0736441353327724,7.0,12.0
family-continuous_xor_n-600_p-20,error_greedy,0.6252777777777777,0.2150500587718538,0.4861111111111111,0.9888888888888888,12.85,4.317840895632909,8.25,18.75
family-continuous_xor_n-600_p-20,fixed_keep_single_class,0.6422222222222222,0.21523431460895168,0.4722222222222222,1.0,14.45,4.396020928066654,8.0,19.5
family-continuous_xor_n-600_p-20,fixed_original,0.6302777777777778,0.21875198411798588,0.4708333333333333,1.0,14.7,4.1660832924942826,8.0,18.75
family-continuous_xor_n-600_p-20,fixed_random_ties,0.6519444444444444,0.2042176807015276,0.5,0.9944444444444444,13.9,3.564582724527514,8.0,17.25
family-continuous_xor_n-600_p-20,fixed_refined,0.6536111111111111,0.1935510228771476,0.5388888888888889,0.9944444444444444,14.5,3.6784847423905402,8.0,17.0
family-continuous_xor_n-600_p-20,frequency_bootstrap,0.7530555555555555,0.2418669348991938,0.47638888888888886,1.0,13.0,5.992182407103442,4.25,20.0
family-continuous_xor_n-600_p-20,frequency_subsample,0.7177777777777777,0.25012419754500137,0.44861111111111107,0.9888888888888888,13.25,4.104113789845501,7.5,17.5
family-continuous_xor_n-600_p-20,holdout_common,0.7472222222222222,0.23065593531020864,0.5291666666666667,1.0,11.9,5.652985936653301,5.5,16.75
family-continuous_xor_n-600_p-20,holdout_refined,0.6047222222222223,0.21586523788217016,0.4708333333333333,0.9888888888888888,9.85,4.368209015145681,4.0,15.25
family-continuous_xor_n-600_p-20,holdout_selected,0.63,0.21762297857181612,0.45972222222222225,1.0,10.5,3.9646878817884263,6.0,14.75
family-continuous_xor_n-600_p-20,node_vote,0.7088888888888889,0.23672428550040864,0.45416666666666666,0.9888888888888888,15.2,8.157435258707237,7.0,25.0
family-continuous_xor_n-600_p-20,relative_bootstrap,0.7530555555555555,0.2418669348991938,0.47638888888888886,1.0,13.0,5.992182407103442,4.25,20.0
family-continuous_xor_n-600_p-20,relative_random_bootstrap,0.7925,0.20180177980714972,0.5138888888888888,1.0,13.55,5.715658317289444,4.0,18.75
family-continuous_xor_n-600_p-20,relative_random_subsample,0.7066666666666667,0.2563532989623673,0.44999999999999996,0.9944444444444444,13.95,5.853417805009309,7.5,20.5
family-continuous_xor_n-600_p-20,relative_subsample,0.7177777777777777,0.25012419754500137,0.44861111111111107,0.9888888888888888,13.3,4.067400890003345,7.5,17.5
family-continuous_xor_n-600_p-20,weighted_bootstrap,0.8458333333333332,0.24327767628325,0.44027777777777777,1.0,8.0,4.301162633521313,4.0,14.0
family-continuous_xor_n-600_p-20,weighted_subsample,0.6830555555555555,0.2722158445964943,0.44305555555555554,0.9944444444444444,12.2,3.898717737923586,8.0,16.0
family-interaction_mixture-0.0_n-200_p-20,aloof,0.6159399999999999,0.17962397227320373,0.48880000000000007,1.0,11.833333333333332,7.641453583284863,1.0,25.666666666666668
family-interaction_mixture-0.0_n-200_p-20,cart,0.6704933333333334,0.18198568724647848,0.4881,1.0,21.683333333333334,9.458728448351243,4.0,29.0
family-interaction_mixture-0.0_n-200_p-20,cart_strong,0.6921116666666667,0.1741485765053232,0.4879,1.0,22.783333333333335,17.927493668657817,1.0,54.666666666666664
family-interaction_mixture-0.0_n-200_p-20,cart_tuned,0.6655283333333333,0.18568384067315738,0.4946,1.0,7.933333333333333,8.10645544507838,1.0,27.0
family-interaction_mixture-0.0_n-200_p-20,error_greedy,0.67249,0.1853297848013182,0.4962333333333333,1.0,16.7,9.271032670831538,4.0,29.666666666666668
family-interaction_mixture-0.0_n-200_p-20,fixed_keep_single_class,0.7149316666666666,0.17771970192754763,0.4963333333333333,1.0,19.616666666666667,9.094870349085063,4.0,28.666666666666668
family-interaction_mixture-0.0_n-200_p-20,fixed_original,0.7104649999999999,0.17431737053314753,0.5195,1.0,19.783333333333335,8.970565903641695,4.0,27.666666666666668
family-interaction_mixture-0.0_n-200_p-20,fixed_random_ties,0.7014033333333333,0.18059320345600754,0.49479999999999996,1.0,19.95,9.08006942807782,4.0,29.0
family-interaction_mixture-0.0_n-200_p-20,fixed_refined,0.7127883333333334,0.18197625617080246,0.4974,1.0,19.733333333333334,9.19547307897744,4.0,29.666666666666668
family-interaction_mixture-0.0_n-200_p-20,frequency_bootstrap,0.8960883333333334,0.15622612988195902,0.5014666666666666,1.0,9.6,8.450474916582468,2.0,29.333333333333332
family-interaction_mixture-0.0_n-200_p-20,frequency_subsample,0.8227883333333332,0.19795873699493935,0.5001666666666666,1.0,13.933333333333334,10.688902262578107,1.0,31.333333333333332
family-interaction_mixture-0.0_n-200_p-20,holdout_common,0.5795133333333333,0.11409761000208171,0.49676666666666663,1.0,17.55,6.5062048656944365,4.0,25.333333333333332
family-interaction_mixture-0.0_n-200_p-20,holdout_refined,0.6480166666666667,0.17583939592109255,0.4940333333333333,1.0,18.116666666666667,9.616795128212502,4.0,29.0
family-interaction_mixture-0.0_n-200_p-20,holdout_selected,0.6449233333333333,0.1716974276987357,0.49943333333333334,1.0,18.483333333333334,8.014953130506163,4.0,28.0
family-interaction_mixture-0.0_n-200_p-20,lookahead,1.0,0.0,1.0,1.0,4.0,0.0,4.0,4.0
family-interaction_mixture-0.0_n-200_p-20,node_vote,0.6619783333333333,0.18798908120432634,0.49560000000000004,1.0,18.8,9.151358829215072,4.0,27.666666666666668
family-interaction_mixture-0.0_n-200_p-20,relative_bootstrap,0.9126983333333334,0.14812684799350598,0.5014666666666666,1.0,9.766666666666667,8.324627030965313,4.0,29.333333333333332
family-interaction_mixture-0.0_n-200_p-20,relative_random_bootstrap,0.9144466666666666,0.15232845874960213,0.5059333333333333,1.0,9.666666666666668,8.41260541238928,4.0,30.0
family-interaction_mixture-0.0_n-200_p-20,relative_random_subsample,0.851225,0.1879445102490321,0.49866666666666665,1.0,14.35,9.932211758181394,4.0,31.0
family-interaction_mixture-0.0_n-200_p-20,relative_subsample,0.8346133333333332,0.18502722303260644,0.5001666666666666,1.0,15.166666666666666,10.493384159131462,4.0,31.333333333333332
family-interaction_mixture-0.0_n-200_p-20,weighted_bootstrap,0.9147550000000001,0.15631999130401253,0.5027,1.0,9.133333333333333,8.494511471897534,4.0,30.0
family-interaction_mixture-0.0_n-200_p-20,weighted_subsample,0.8531449999999999,0.20447484818660625,0.5026333333333333,1.0,12.266666666666667,10.621395157309575,1.0,31.0
family-interaction_mixture-0.0_n-800_p-20,aloof,0.6492066666666666,0.16621356324977551,0.4925,1.0,17.45,7.9503392843854215,4.0,31.0
family-interaction_mixture-0.0_n-800_p-20,cart,0.6761216666666667,0.15098441508783347,0.49269999999999997,1.0,25.2,8.618218157515294,4.0,32.0
family-interaction_mixture-0.0_n-800_p-20,cart_strong,0.7712866666666667,0.10508270894537428,0.6134666666666666,1.0,155.51666666666668,70.09729871078991,4.0,260.3333333333333
family-interaction_mixture-0.0_n-800_p-20,cart_tuned,0.6762166666666667,0.15022270232024743,0.4973,1.0,15.933333333333334,10.772284124695092,4.0,31.0
family-interaction_mixture-0.0_n-800_p-20,error_greedy,0.6673383333333334,0.1569258827081839,0.5041000000000001,1.0,25.233333333333334,8.748667400613062,4.0,32.0
family-interaction_mixture-0.0_n-800_p-20,fixed_keep_single_class,0.6622516666666667,0.15112576865079097,0.4975,1.0,25.73333333333333,8.760357278622992,4.0,32.0
family-interaction_mixture-0.0_n-800_p-20,fixed_original,0.6564,0.15686074279939818,0.4947,1.0,26.06666666666667,8.870478009496392,4.0,32.0
family-interaction_mixture-0.0_n-800_p-20,fixed_random_ties,0.6605683333333333,0.14760348554300623,0.4979333333333333,1.0,26.53333333333333,8.79021252628797,4.0,32.0
family-interaction_mixture-0.0_n-800_p-20,fixed_refined,0.659705,0.14765391979952222,0.4979333333333333,1.0,26.4,8.78701860168924,4.0,32.0
family-interaction_mixture-0.0_n-800_p-20,frequency_bootstrap,0.9257350000000001,0.16672172791354922,0.49383333333333335,1.0,10.666666666666668,9.196999256368212,4.0,32.0
family-interaction_mixture-0.0_n-800_p-20,frequency_subsample,0.8248033333333333,0.21994688670395005,0.4926333333333333,1.0,14.166666666666666,12.563057325218455,4.0,32.0
family-interaction_mixture-0.0_n-800_p-20,holdout_common,0.700085,0.1565404472796182,0.5126666666666667,1.0,23.25,9.079167723404366,4.0,31.666666666666668
family-interaction_mixture-0.0_n-800_p-20,holdout_refined,0.6724733333333333,0.16326543723076248,0.4912666666666667,1.0,25.016666666666666,8.679797744699407,4.0,32.0
family-interaction_mixture-0.0_n-800_p-20,holdout_selected,0.6682966666666668,0.16493189092251037,0.49679999999999996,1.0,24.233333333333334,9.048343197507654,4.0,32.0
family-interaction_mixture-0.0_n-800_p-20,lookahead,1.0,0.0,1.0,1.0,4.0,0.0,4.0,4.0
family-interaction_mixture-0.0_n-800_p-20,node_vote,0.698015,0.1718348770414093,0.4923333333333333,1.0,22.45,9.270007601705217,4.0,32.0
family-interaction_mixture-0.0_n-800_p-20,relative_bootstrap,0.9257350000000001,0.16672172791354922,0.49383333333333335,1.0,10.666666666666668,9.196999256368212,4.0,32.0
family-interaction_mixture-0.0_n-800_p-20,relative_random_bootstrap,0.9285416666666666,0.16712953860834595,0.4976,1.0,10.733333333333333,9.614560108599424,4.0,32.0
family-interaction_mixture-0.0_n-800_p-20,relative_random_subsample,0.855565,0.21158499362960445,0.4937,1.0,14.766666666666666,12.6565518247889,4.0,32.0
family-interaction_mixture-0.0_n-800_p-20,relative_subsample,0.8332116666666666,0.21675307838927702,0.4926333333333333,1.0,14.7,12.393593893243528,4.0,32.0
family-interaction_mixture-0.0_n-800_p-20,weighted_bootstrap,0.9367883333333333,0.16036957290959114,0.4995,1.0,9.666666666666668,10.051330248583113,4.0,32.0
family-interaction_mixture-0.0_n-800_p-20,weighted_subsample,0.8774116666666666,0.20381444498705217,0.49426666666666663,1.0,13.733333333333334,12.297292052027776,4.0,32.0
family-interaction_mixture-0.25_n-200_p-20,aloof,0.8454033333333333,0.06360122465627359,0.6648,0.8786999999999999,7.2,5.492578725210188,4.0,21.0
family-interaction_mixture-0.25_n-200_p-20,cart,0.7996333333333333,0.05027675802655558,0.6503666666666666,0.842,15.2,2.726092248506719,13.0,24.0
family-interaction_mixture-0.25_n-200_p-20,cart_strong,0.84579,0.056885061194785626,0.6629999999999999,0.8786999999999999,7.383333333333333,6.704519728908375,4.0,26.333333333333332
family-interaction_mixture-0.25_n-200_p-20,cart_tuned,0.84894,0.061417411478737374,0.6717666666666666,0.8786999999999999,5.733333333333333,4.353663510758759,4.0,21.0
family-interaction_mixture-0.25_n-200_p-20,error_greedy,0.7899916666666666,0.13377064638153371,0.5031,0.8786999999999999,8.716666666666667,6.852049678404384,4.0,29.0
family-interaction_mixture-0.25_n-200_p-20,fixed_keep_single_class,0.772995,0.11602550197343316,0.5124,0.8523333333333333,17.31666666666667,4.616870918276078,13.333333333333334,27.0
family-interaction_mixture-0.25_n-200_p-20,fixed_original,0.7785716666666667,0.10136180998478575,0.5184666666666667,0.8525999999999999,16.383333333333333,4.869375597902701,10.666666666666666,27.333333333333332
family-interaction_mixture-0.25_n-200_p-20,fixed_random_ties,0.77785,0.09448196863772908,0.5708333333333333,0.8525999999999999,16.433333333333334,4.745080555025828,10.666666666666666,27.0
family-interaction_mixture-0.25_n-200_p-20,fixed_refined,0.7756350000000001,0.10436625032836208,0.5194666666666666,0.8585666666666666,17.316666666666666,4.653458752645509,13.0,28.0
family-interaction_mixture-0.25_n-200_p-20,frequency_bootstrap,0.843845,0.07202296764519672,0.5560666666666666,0.8758,10.4,5.289955172871898,4.0,17.0
family-interaction_mixture-0.25_n-200_p-20,frequency_subsample,0.8439483333333333,0.06960736204509686,0.5694,0.8776,9.183333333333334,5.686214992037543,4.0,17.666666666666668
family-interaction_mixture-0.25_n-200_p-20,holdout_common,0.7947949999999999,0.10991895274480476,0.5732,0.8758,8.566666666666666,4.2026168400287895,4.0,17.333333333333332
family-interaction_mixture-0.25_n-200_p-20,holdout_refined,0.7983133333333333,0.13532922014318047,0.4981,0.8786999999999999,6.883333333333333,5.94445537518807,4.0,25.0
family-interaction_mixture-0.25_n-200_p-20,holdout_selected,0.7970633333333333,0.13112505209360148,0.4981,0.8776,8.1,6.185343929981885,4.0,25.666666666666668
family-interaction_mixture-0.25_n-200_p-20,lookahead,0.8734299999999999,0.0031566304486705127,0.8684,0.8786999999999999,4.0,0.0,4.0,4.0
family-interaction_mixture-0.25_n-200_p-20,node_vote,0.8363333333333334,0.0718275729362905,0.6204333333333333,0.8786999999999999,8.5,6.789655013671782,4.0,23.666666666666668
family-interaction_mixture-0.25_n-200_p-20,relative_bootstrap,0.8436116666666666,0.07195551035716609,0.5560666666666666,0.8758,10.6,5.414513742186595,4.0,17.0
family-interaction_mixture-0.25_n-200_p-20,relative_random_bootstrap,0.8433733333333334,0.0682945123787602,0.5725333333333333,0.8758,11.083333333333332,5.192071103055243,4.0,17.333333333333332
family-interaction_mixture-0.25_n-200_p-20,relative_random_subsample,0.8371216666666668,0.09184615045717034,0.5031,0.8776,8.733333333333333,5.5741676534922915,4.0,17.333333333333332
family-interaction_mixture-0.25_n-200_p-20,relative_subsample,0.8439483333333333,0.06960736204509686,0.5694,0.8776,9.183333333333334,5.686214992037543,4.0,17.666666666666668
family-interaction_mixture-0.25_n-200_p-20,weighted_bootstrap,0.8329266666666667,0.09333398220325827,0.5548,0.8758,9.05,5.279636484030768,4.0,16.666666666666668
family-interaction_mixture-0.25_n-200_p-20,weighted_subsample,0.8303033333333334,0.10430108122095212,0.5031,0.8776,8.35,5.527681535498833,4.0,16.333333333333332
family-interaction_mixture-0.25_n-800_p-20,aloof,0.8734299999999999,0.0031566304486705127,0.8684,0.8786999999999999,4.0,0.0,4.0,4.0
family-interaction_mixture-0.25_n-800_p-20,cart,0.85333,0.011479918393254818,0.8367999999999999,0.8758,18.0,0.0,18.0,18.0
family-interaction_mixture-0.25_n-800_p-20,cart_strong,0.8734299999999999,0.0031566304486705127,0.8684,0.8786999999999999,4.0,0.0,4.0,4.0
family-interaction_mixture-0.25_n-800_p-20,cart_tuned,0.8734299999999999,0.0031566304486705127,0.8684,0.8786999999999999,4.0,0.0,4.0,4.0
family-interaction_mixture-0.25_n-800_p-20,error_greedy,0.8734299999999999,0.0031566304486705127,0.8684,0.8786999999999999,4.0,0.0,4.0,4.0
family-interaction_mixture-0.25_n-800_p-20,fixed_keep_single_class,0.8682466666666666,0.008600002719977821,0.8426666666666667,0.8784,18.0,0.0,18.0,18.0
family-interaction_mixture-0.25_n-800_p-20,fixed_original,0.8673033333333333,0.007333045448894683,0.8541333333333334,0.8784,18.0,0.0,18.0,18.0
family-interaction_mixture-0.25_n-800_p-20,fixed_random_ties,0.868695,0.00645318068363753,0.8549000000000001,0.8784,18.0,0.0,18.0,18.0
family-interaction_mixture-0.25_n-800_p-20,fixed_refined,0.868,0.007653092483526087,0.847,0.8784,18.0,0.0,18.0,18.0
family-interaction_mixture-0.25_n-800_p-20,frequency_bootstrap,0.8734299999999999,0.0031566304486705127,0.8684,0.8786999999999999,4.0,0.0,4.0,4.0
family-interaction_mixture-0.25_n-800_p-20,frequency_subsample,0.8734299999999999,0.0031566304486705127,0.8684,0.8786999999999999,4.0,0.0,4.0,4.0
family-interaction_mixture-0.25_n-800_p-20,holdout_common,0.8734299999999999,0.0031566304486705127,0.8684,0.8786999999999999,4.683333333333334,2.2542357790099112,4.0,13.333333333333334
family-interaction_mixture-0.25_n-800_p-20,holdout_refined,0.8734299999999999,0.0031566304486705127,0.8684,0.8786999999999999,4.0,0.0,4.0,4.0
family-interaction_mixture-0.25_n-800_p-20,holdout_selected,0.8731683333333333,0.0033526192082542817,0.8683666666666667,0.8786999999999999,4.233333333333333,1.0434983894999017,4.0,8.666666666666666
family-interaction_mixture-0.25_n-800_p-20,lookahead,0.8734299999999999,0.0031566304486705127,0.8684,0.8786999999999999,4.0,0.0,4.0,4.0
family-interaction_mixture-0.25_n-800_p-20,node_vote,0.8734299999999999,0.0031566304486705127,0.8684,0.8786999999999999,4.0,0.0,4.0,4.0
family-interaction_mixture-0.25_n-800_p-20,relative_bootstrap,0.8734299999999999,0.0031566304486705127,0.8684,0.8786999999999999,4.0,0.0,4.0,4.0
family-interaction_mixture-0.25_n-800_p-20,relative_random_bootstrap,0.8734299999999999,0.0031566304486705127,0.8684,0.8786999999999999,4.0,0.0,4.0,4.0
family-interaction_mixture-0.25_n-800_p-20,relative_random_subsample,0.8734299999999999,0.0031566304486705127,0.8684,0.8786999999999999,4.0,0.0,4.0,4.0
family-interaction_mixture-0.25_n-800_p-20,relative_subsample,0.8734299999999999,0.0031566304486705127,0.8684,0.8786999999999999,4.0,0.0,4.0,4.0
family-interaction_mixture-0.25_n-800_p-20,weighted_bootstrap,0.8734299999999999,0.0031566304486705127,0.8684,0.8786999999999999,4.0,0.0,4.0,4.0
family-interaction_mixture-0.25_n-800_p-20,weighted_subsample,0.8734299999999999,0.0031566304486705127,0.8684,0.8786999999999999,4.0,0.0,4.0,4.0
family-interaction_mixture-1.0_n-200_p-20,aloof,1.0,0.0,1.0,1.0,2.0,0.0,2.0,2.0
family-interaction_mixture-1.0_n-200_p-20,cart,1.0,0.0,1.0,1.0,2.0,0.0,2.0,2.0
family-interaction_mixture-1.0_n-200_p-20,cart_strong,1.0,0.0,1.0,1.0,2.0,0.0,2.0,2.0
family-interaction_mixture-1.0_n-200_p-20,cart_tuned,1.0,0.0,1.0,1.0,2.0,0.0,2.0,2.0
family-interaction_mixture-1.0_n-200_p-20,error_greedy,1.0,0.0,1.0,1.0,2.0,0.0,2.0,2.0
family-interaction_mixture-1.0_n-200_p-20,fixed_keep_single_class,1.0,0.0,1.0,1.0,2.0,0.0,2.0,2.0
family-interaction_mixture-1.0_n-200_p-20,fixed_original,1.0,0.0,1.0,1.0,2.0,0.0,2.0,2.0
family-interaction_mixture-1.0_n-200_p-20,fixed_random_ties,1.0,0.0,1.0,1.0,2.0,0.0,2.0,2.0
family-interaction_mixture-1.0_n-200_p-20,fixed_refined,1.0,0.0,1.0,1.0,2.0,0.0,2.0,2.0
family-interaction_mixture-1.0_n-200_p-20,frequency_bootstrap,1.0,0.0,1.0,1.0,2.0,0.0,2.0,2.0
family-interaction_mixture-1.0_n-200_p-20,frequency_subsample,1.0,0.0,1.0,1.0,2.0,0.0,2.0,2.0
family-interaction_mixture-1.0_n-200_p-20,holdout_common,1.0,0.0,1.0,1.0,2.0,0.0,2.0,2.0
family-interaction_mixture-1.0_n-200_p-20,holdout_refined,1.0,0.0,1.0,1.0,2.0,0.0,2.0,2.0
family-interaction_mixture-1.0_n-200_p-20,holdout_selected,1.0,0.0,1.0,1.0,2.0,0.0,2.0,2.0
family-interaction_mixture-1.0_n-200_p-20,lookahead,1.0,0.0,1.0,1.0,2.0,0.0,2.0,2.0
family-interaction_mixture-1.0_n-200_p-20,node_vote,1.0,0.0,1.0,1.0,2.0,0.0,2.0,2.0
family-interaction_mixture-1.0_n-200_p-20,relative_bootstrap,1.0,0.0,1.0,1.0,2.0,0.0,2.0,2.0
family-interaction_mixture-1.0_n-200_p-20,relative_random_bootstrap,1.0,0.0,1.0,1.0,2.0,0.0,2.0,2.0
family-interaction_mixture-1.0_n-200_p-20,relative_random_subsample,1.0,0.0,1.0,1.0,2.0,0.0,2.0,2.0
family-interaction_mixture-1.0_n-200_p-20,relative_subsample,1.0,0.0,1.0,1.0,2.0,0.0,2.0,2.0
family-interaction_mixture-1.0_n-200_p-20,weighted_bootstrap,1.0,0.0,1.0,1.0,2.0,0.0,2.0,2.0
family-interaction_mixture-1.0_n-200_p-20,weighted_subsample,1.0,0.0,1.0,1.0,2.0,0.0,2.0,2.0
family-interaction_mixture-1.0_n-800_p-20,aloof,1.0,0.0,1.0,1.0,2.0,0.0,2.0,2.0
family-interaction_mixture-1.0_n-800_p-20,cart,1.0,0.0,1.0,1.0,2.0,0.0,2.0,2.0
family-interaction_mixture-1.0_n-800_p-20,cart_strong,1.0,0.0,1.0,1.0,2.0,0.0,2.0,2.0
family-interaction_mixture-1.0_n-800_p-20,cart_tuned,1.0,0.0,1.0,1.0,2.0,0.0,2.0,2.0
family-interaction_mixture-1.0_n-800_p-20,error_greedy,1.0,0.0,1.0,1.0,2.0,0.0,2.0,2.0
family-interaction_mixture-1.0_n-800_p-20,fixed_keep_single_class,1.0,0.0,1.0,1.0,2.0,0.0,2.0,2.0
family-interaction_mixture-1.0_n-800_p-20,fixed_original,1.0,0.0,1.0,1.0,2.0,0.0,2.0,2.0
family-interaction_mixture-1.0_n-800_p-20,fixed_random_ties,1.0,0.0,1.0,1.0,2.0,0.0,2.0,2.0
family-interaction_mixture-1.0_n-800_p-20,fixed_refined,1.0,0.0,1.0,1.0,2.0,0.0,2.0,2.0
family-interaction_mixture-1.0_n-800_p-20,frequency_bootstrap,1.0,0.0,1.0,1.0,2.0,0.0,2.0,2.0
family-interaction_mixture-1.0_n-800_p-20,frequency_subsample,1.0,0.0,1.0,1.0,2.0,0.0,2.0,2.0
family-interaction_mixture-1.0_n-800_p-20,holdout_common,1.0,0.0,1.0,1.0,2.0,0.0,2.0,2.0
family-interaction_mixture-1.0_n-800_p-20,holdout_refined,1.0,0.0,1.0,1.0,2.0,0.0,2.0,2.0
family-interaction_mixture-1.0_n-800_p-20,holdout_selected,1.0,0.0,1.0,1.0,2.0,0.0,2.0,2.0
family-interaction_mixture-1.0_n-800_p-20,lookahead,1.0,0.0,1.0,1.0,2.0,0.0,2.0,2.0
family-interaction_mixture-1.0_n-800_p-20,node_vote,1.0,0.0,1.0,1.0,2.0,0.0,2.0,2.0
family-interaction_mixture-1.0_n-800_p-20,relative_bootstrap,1.0,0.0,1.0,1.0,2.0,0.0,2.0,2.0
family-interaction_mixture-1.0_n-800_p-20,relative_random_bootstrap,1.0,0.0,1.0,1.0,2.0,0.0,2.0,2.0
family-interaction_mixture-1.0_n-800_p-20,relative_random_subsample,1.0,0.0,1.0,1.0,2.0,0.0,2.0,2.0
family-interaction_mixture-1.0_n-800_p-20,relative_subsample,1.0,0.0,1.0,1.0,2.0,0.0,2.0,2.0
family-interaction_mixture-1.0_n-800_p-20,weighted_bootstrap,1.0,0.0,1.0,1.0,2.0,0.0,2.0,2.0
family-interaction_mixture-1.0_n-800_p-20,weighted_subsample,1.0,0.0,1.0,1.0,2.0,0.0,2.0,2.0
family-noise_n-200_noise-0.1_p-2,aloof,0.90114,0.0022467286159400883,0.8971,0.9063,2.45,0.6048053188292993,2.0,4.0
family-noise_n-200_noise-0.1_p-2,cart,0.885125,0.020599383613670544,0.8415,0.9063,14.9,2.3147126683115777,11.0,19.0
family-noise_n-200_noise-0.1_p-2,cart_strong,0.90093,0.0025190014730151495,0.896,0.9063,3.95,0.22360679774997902,3.0,4.0
family-noise_n-200_noise-0.1_p-2,cart_tuned,0.90114,0.0022467286159400883,0.8971,0.9063,4.0,0.0,4.0,4.0
family-noise_n-200_noise-0.1_p-2,error_greedy,0.90114,0.0022467286159400883,0.8971,0.9063,4.0,0.0,4.0,4.0
family-noise_n-200_noise-0.1_p-2,fixed_keep_single_class,0.8975500000000001,0.009462029380634994,0.8715,0.9063,14.7,1.8093325317714033,12.0,18.0
family-noise_n-200_noise-0.1_p-2,fixed_original,0.8941100000000001,0.017018593546935343,0.8438,0.9063,12.85,1.6311119875071343,10.0,17.0
family-noise_n-200_noise-0.1_p-2,fixed_random_ties,0.90065,0.0033820734842151786,0.8898,0.9063,13.1,1.8609561775433732,9.0,18.0
family-noise_n-200_noise-0.1_p-2,fixed_refined,0.89358,0.01531437577125355,0.8396,0.9063,14.25,1.8027756377319948,12.0,19.0
family-noise_n-200_noise-0.1_p-2,frequency_bootstrap,0.90114,0.0022467286159400883,0.8971,0.9063,4.0,0.0,4.0,4.0
family-noise_n-200_noise-0.1_p-2,frequency_subsample,0.90114,0.0022467286159400883,0.8971,0.9063,4.0,0.0,4.0,4.0
family-noise_n-200_noise-0.1_p-2,holdout_common,0.90114,0.0022467286159400883,0.8971,0.9063,3.9,0.30779350562554636,3.0,4.0
family-noise_n-200_noise-0.1_p-2,holdout_refined,0.90114,0.0022467286159400883,0.8971,0.9063,4.0,0.0,4.0,4.0
family-noise_n-200_noise-0.1_p-2,holdout_selected,0.90114,0.0022467286159400883,0.8971,0.9063,4.0,0.0,4.0,4.0
family-noise_n-200_noise-0.1_p-2,node_vote,0.90114,0.0022467286159400883,0.8971,0.9063,4.0,0.0,4.0,4.0
family-noise_n-200_noise-0.1_p-2,relative_bootstrap,0.90114,0.0022467286159400883,0.8971,0.9063,4.0,0.0,4.0,4.0
family-noise_n-200_noise-0.1_p-2,relative_random_bootstrap,0.90114,0.0022467286159400883,0.8971,0.9063,4.0,0.0,4.0,4.0
family-noise_n-200_noise-0.1_p-2,relative_random_subsample,0.90114,0.0022467286159400883,0.8971,0.9063,4.0,0.0,4.0,4.0
family-noise_n-200_noise-0.1_p-2,relative_subsample,0.90114,0.0022467286159400883,0.8971,0.9063,4.0,0.0,4.0,4.0
family-noise_n-200_noise-0.1_p-2,weighted_bootstrap,0.90114,0.0022467286159400883,0.8971,0.9063,4.0,0.0,4.0,4.0
family-noise_n-200_noise-0.1_p-2,weighted_subsample,0.90114,0.0022467286159400883,0.8971,0.9063,4.0,0.0,4.0,4.0
family-noise_n-200_noise-0.1_p-20,aloof,0.8992150000000001,0.0038814369287132246,0.8913,0.9077,3.95,0.22360679774997905,3.0,4.0
family-noise_n-200_noise-0.1_p-20,cart,0.8289,0.04377841332990735,0.7427,0.8962,11.55,1.3562719801759993,9.0,14.0
family-noise_n-200_noise-0.1_p-20,cart_strong,0.8992150000000001,0.0038814369287132246,0.8913,0.9077,4.0,0.0,4.0,4.0
family-noise_n-200_noise-0.1_p-20,cart_tuned,0.8992150000000001,0.0038814369287132246,0.8913,0.9077,4.0,0.0,4.0,4.0
family-noise_n-200_noise-0.1_p-20,error_greedy,0.8992150000000001,0.0038814369287132246,0.8913,0.9077,4.0,0.0,4.0,4.0
family-noise_n-200_noise-0.1_p-20,fixed_keep_single_class,0.82941,0.03218373077062057,0.7388,0.8756,12.0,1.8064212949190015,9.0,16.0
family-noise_n-200_noise-0.1_p-20,fixed_original,0.829725,0.033143386654766724,0.7396,0.8756,10.85,1.8431951662948316,8.0,15.0
family-noise_n-200_noise-0.1_p-20,fixed_random_ties,0.8264950000000001,0.03873670196270415,0.7237,0.8858,10.75,1.4823523268955434,8.0,13.0
family-noise_n-200_noise-0.1_p-20,fixed_refined,0.8322499999999999,0.022763347732704005,0.7812,0.8673,12.0,1.94665705356915,9.0,16.0
family-noise_n-200_noise-0.1_p-20,frequency_bootstrap,0.8989499999999999,0.004570097315559495,0.886,0.9077,4.0,0.0,4.0,4.0
family-noise_n-200_noise-0.1_p-20,frequency_subsample,0.8996549999999999,0.0034067232288365647,0.8947,0.9077,4.0,0.0,4.0,4.0
family-noise_n-200_noise-0.1_p-20,holdout_common,0.8996549999999999,0.0034067232288365647,0.8947,0.9077,3.4,0.5982430416161187,2.0,4.0
family-noise_n-200_noise-0.1_p-20,holdout_refined,0.8996549999999999,0.0034067232288365647,0.8947,0.9077,3.65,0.48936048492959283,3.0,4.0
family-noise_n-200_noise-0.1_p-20,holdout_selected,0.8958449999999999,0.01773134230677417,0.8219,0.9077,3.7,0.9233805168766387,3.0,7.0
family-noise_n-200_noise-0.1_p-20,node_vote,0.89896,0.0045403918217194516,0.8862,0.9077,3.85,0.48936048492959283,2.0,4.0
family-noise_n-200_noise-0.1_p-20,relative_bootstrap,0.8989499999999999,0.004570097315559495,0.886,0.9077,4.0,0.0,4.0,4.0
family-noise_n-200_noise-0.1_p-20,relative_random_bootstrap,0.8989499999999999,0.004570097315559495,0.886,0.9077,4.0,0.0,4.0,4.0
family-noise_n-200_noise-0.1_p-20,relative_random_subsample,0.8996549999999999,0.0034067232288365647,0.8947,0.9077,4.0,0.0,4.0,4.0
family-noise_n-200_noise-0.1_p-20,relative_subsample,0.8996549999999999,0.0034067232288365647,0.8947,0.9077,4.0,0.0,4.0,4.0
family-noise_n-200_noise-0.1_p-20,weighted_bootstrap,0.8989499999999999,0.004570097315559495,0.886,0.9077,4.0,0.0,4.0,4.0
family-noise_n-200_noise-0.1_p-20,weighted_subsample,0.8996549999999999,0.0034067232288365647,0.8947,0.9077,4.0,0.0,4.0,4.0
family-noise_n-200_noise-0.4_p-2,aloof,0.587695,0.032584456659417727,0.4966,0.6091,2.3,0.7326950970650465,1.0,4.0
family-noise_n-200_noise-0.4_p-2,cart,0.54631,0.028210429202503714,0.4821,0.5876,17.5,2.6457513110645907,13.0,21.0
family-noise_n-200_noise-0.4_p-2,cart_strong,0.56567,0.038772292059909834,0.4965,0.6078,14.4,22.09643934164388,1.0,73.0
family-noise_n-200_noise-0.4_p-2,cart_tuned,0.57572,0.03500094134072457,0.496,0.6078,3.9,2.149663376340339,1.0,10.0
family-noise_n-200_noise-0.4_p-2,error_greedy,0.568035,0.033473214350393174,0.4969,0.6057,5.15,2.641271623569542,4.0,14.0
family-noise_n-200_noise-0.4_p-2,fixed_keep_single_class,0.5561,0.03513575177268275,0.4797,0.5976,14.25,2.4033967191193555,9.0,18.0
family-noise_n-200_noise-0.4_p-2,fixed_original,0.5563100000000001,0.031198395707741796,0.4948,0.5954,14.05,2.625281939746262,8.0,18.0
family-noise_n-200_noise-0.4_p-2,fixed_random_ties,0.549545,0.03398178265823584,0.4908,0.6023,14.45,3.2521248114845904,8.0,21.0
family-noise_n-200_noise-0.4_p-2,fixed_refined,0.556785,0.03282255763150829,0.4816,0.5983,14.4,2.4580694178883347,9.0,18.0
family-noise_n-200_noise-0.4_p-2,frequency_bootstrap,0.5895050000000001,0.03168789367034606,0.496,0.6091,3.8,2.3530495331087184,2.0,13.0
family-noise_n-200_noise-0.4_p-2,frequency_subsample,0.5797100000000001,0.03759537905535451,0.4685,0.6078,5.6,3.560011827301465,2.0,15.0
family-noise_n-200_noise-0.4_p-2,holdout_common,0.56914,0.03970565914855277,0.4965,0.6091,6.3,4.657760925821039,4.0,19.0
family-noise_n-200_noise-0.4_p-2,holdout_refined,0.56718,0.03948214253238251,0.4846,0.6078,5.7,3.2134585401827866,3.0,14.0
family-noise_n-200_noise-0.4_p-2,holdout_selected,0.56886,0.036618580270849244,0.5025,0.6078,6.45,4.673272267288792,4.0,19.0
family-noise_n-200_noise-0.4_p-2,node_vote,0.55915,0.04400028109958055,0.4917,0.6078,7.55,6.8631356957987775,4.0,25.0
family-noise_n-200_noise-0.4_p-2,relative_bootstrap,0.58892,0.02845771748068572,0.5009,0.6091,4.75,3.725799101852973,2.0,15.0
family-noise_n-200_noise-0.4_p-2,relative_random_bootstrap,0.586525,0.03247700198440021,0.496,0.6091,3.5,0.8885233166386386,2.0,4.0
family-noise_n-200_noise-0.4_p-2,relative_random_subsample,0.578795,0.036228318016653625,0.4685,0.6078,5.65,4.392277912787156,2.0,16.0
family-noise_n-200_noise-0.4_p-2,relative_subsample,0.5761000000000001,0.03851454954060594,0.4685,0.6078,5.7,3.7710810958634857,2.0,16.0
family-noise_n-200_noise-0.4_p-2,weighted_bootstrap,0.5875049999999999,0.02930066417425774,0.496,0.6091,4.25,2.935714743061999,2.0,15.0
family-noise_n-200_noise-0.4_p-2,weighted_subsample,0.58517,0.03316918512874958,0.4685,0.609,5.15,3.1501879643167827,2.0,15.0
family-noise_n-200_noise-0.4_p-20,aloof,0.533015,0.03388491785285507,0.4984,0.6033,6.6,3.9256243217849396,3.0,14.0
family-noise_n-200_noise-0.4_p-20,cart,0.51507,0.01988469657537517,0.4922,0.5522,15.85,2.9607075967890197,9.0,21.0
family-noise_n-200_noise-0.4_p-20,cart_strong,0.5187,0.02778585403061289,0.4927,0.595,11.55,11.491301057756688,3.0,39.0
family-noise_n-200_noise-0.4_p-20,cart_tuned,0.519815,0.02839433366378805,0.4927,0.595,6.35,4.85879560558397,3.0,19.0
family-noise_n-200_noise-0.4_p-20,error_greedy,0.52428,0.0305323228209402,0.4922,0.59,7.7,5.252568294102469,4.0,17.0
family-noise_n-200_noise-0.4_p-20,fixed_keep_single_class,0.507925,0.018908000951977966,0.4893,0.558,12.8,2.3305748105067163,9.0,16.0
family-noise_n-200_noise-0.4_p-20,fixed_original,0.5056149999999999,0.01615511243831922,0.4918,0.5495,12.25,2.9357147430619985,7.0,18.0
family-noise_n-200_noise-0.4_p-20,fixed_random_ties,0.51149,0.021267071161527467,0.4942,0.5578,12.4,2.603641175051019,7.0,17.0
family-noise_n-200_noise-0.4_p-20,fixed_refined,0.5107700000000001,0.02267115254888327,0.4893,0.5709,12.9,2.789076436460832,9.0,20.0
family-noise_n-200_noise-0.4_p-20,frequency_bootstrap,0.54552,0.04632682069589358,0.4957,0.6033,6.25,6.703298481070031,1.0,21.0
family-noise_n-200_noise-0.4_p-20,frequency_subsample,0.5458000000000001,0.04755243089696389,0.4947,0.6121,3.5,2.8745709061939735,1.0,13.0
family-noise_n-200_noise-0.4_p-20,holdout_common,0.530035,0.034599167543986405,0.4958,0.6039,6.7,4.646447426175241,3.0,18.0
family-noise_n-200_noise-0.4_p-20,holdout_refined,0.5197,0.03949215778247359,0.49,0.6033,6.3,3.3102710971825413,4.0,16.0
family-noise_n-200_noise-0.4_p-20,holdout_selected,0.51983,0.03554897437265059,0.494,0.6033,5.85,2.870448342020899,4.0,13.0
family-noise_n-200_noise-0.4_p-20,node_vote,0.516895,0.025211765737031336,0.495,0.5663,8.3,6.618156843109718,3.0,19.0
family-noise_n-200_noise-0.4_p-20,relative_bootstrap,0.55696,0.041775847970857656,0.4957,0.6047,7.65,6.4176975704113035,2.0,21.0
family-noise_n-200_noise-0.4_p-20,relative_random_bootstrap,0.550555,0.040102532732720846,0.4927,0.6047,8.65,7.198501306010271,2.0,22.0
family-noise_n-200_noise-0.4_p-20,relative_random_subsample,0.538105,0.04042312359346603,0.4933,0.6047,8.35,6.619548402469127,2.0,21.0
family-noise_n-200_noise-0.4_p-20,relative_subsample,0.545735,0.041927497257954575,0.4947,0.6121,7.0,6.052402741669495,2.0,20.0
family-noise_n-200_noise-0.4_p-20,weighted_bootstrap,0.543875,0.04049571614770864,0.4947,0.6033,5.9,5.36950453462593,1.0,18.0
family-noise_n-200_noise-0.4_p-20,weighted_subsample,0.544215,0.04428853094971892,0.4956,0.6047,5.6,6.516376132079612,1.0,23.0
family-noise_n-800_noise-0.1_p-2,aloof,0.90114,0.0022467286159400883,0.8971,0.9063,2.25,0.44426165831931935,2.0,3.0
family-noise_n-800_noise-0.1_p-2,cart,0.896115,0.007956214056023316,0.8696,0.9063,20.15,3.328900561351814,15.0,28.0
family-noise_n-800_noise-0.1_p-2,cart_strong,0.90114,0.0022467286159400883,0.8971,0.9063,4.0,0.0,4.0,4.0
family-noise_n-800_noise-0.1_p-2,cart_tuned,0.90114,0.0022467286159400883,0.8971,0.9063,4.0,0.0,4.0,4.0
family-noise_n-800_noise-0.1_p-2,error_greedy,0.90114,0.0022467286159400883,0.8971,0.9063,4.0,0.0,4.0,4.0
family-noise_n-800_noise-0.1_p-2,fixed_keep_single_class,0.8979649999999999,0.004965700777385434,0.8861,0.9063,23.55,3.456115860631015,18.0,29.0
family-noise_n-800_noise-0.1_p-2,fixed_original,0.8982849999999999,0.0050807453866741166,0.8863,0.9063,22.0,2.8654015976455156,16.0,26.0
family-noise_n-800_noise-0.1_p-2,fixed_random_ties,0.897445,0.005232738540341859,0.8872,0.9063,23.05,3.2521248114845913,17.0,28.0
family-noise_n-800_noise-0.1_p-2,fixed_refined,0.8981349999999999,0.0042016632045191885,0.8896,0.9063,22.5,2.2594829403858614,18.0,26.0
family-noise_n-800_noise-0.1_p-2,frequency_bootstrap,0.90114,0.0022467286159400883,0.8971,0.9063,4.0,0.0,4.0,4.0
family-noise_n-800_noise-0.1_p-2,frequency_subsample,0.90114,0.0022467286159400883,0.8971,0.9063,4.0,0.0,4.0,4.0
family-noise_n-800_noise-0.1_p-2,holdout_common,0.90114,0.0022467286159400883,0.8971,0.9063,4.0,0.0,4.0,4.0
family-noise_n-800_noise-0.1_p-2,holdout_refined,0.90114,0.0022467286159400883,0.8971,0.9063,4.0,0.0,4.0,4.0
family-noise_n-800_noise-0.1_p-2,holdout_selected,0.90114,0.0022467286159400883,0.8971,0.9063,4.0,0.0,4.0,4.0
family-noise_n-800_noise-0.1_p-2,node_vote,0.90114,0.0022467286159400883,0.8971,0.9063,4.0,0.0,4.0,4.0
family-noise_n-800_noise-0.1_p-2,relative_bootstrap,0.90114,0.0022467286159400883,0.8971,0.9063,4.0,0.0,4.0,4.0
family-noise_n-800_noise-0.1_p-2,relative_random_bootstrap,0.90114,0.0022467286159400883,0.8971,0.9063,4.0,0.0,4.0,4.0
family-noise_n-800_noise-0.1_p-2,relative_random_subsample,0.90114,0.0022467286159400883,0.8971,0.9063,4.0,0.0,4.0,4.0
family-noise_n-800_noise-0.1_p-2,relative_subsample,0.90114,0.0022467286159400883,0.8971,0.9063,4.0,0.0,4.0,4.0
family-noise_n-800_noise-0.1_p-2,weighted_bootstrap,0.90114,0.0022467286159400883,0.8971,0.9063,4.0,0.0,4.0,4.0
family-noise_n-800_noise-0.1_p-2,weighted_subsample,0.90114,0.0022467286159400883,0.8971,0.9063,4.0,0.0,4.0,4.0
family-noise_n-800_noise-0.1_p-20,aloof,0.8996549999999999,0.0034067232288365647,0.8947,0.9077,4.0,0.0,4.0,4.0
family-noise_n-800_noise-0.1_p-20,cart,0.867765,0.01369195979974726,0.8392,0.8896,17.75,2.807414993792051,11.0,23.0
family-noise_n-800_noise-0.1_p-20,cart_strong,0.8996549999999999,0.0034067232288365647,0.8947,0.9077,4.0,0.0,4.0,4.0
family-noise_n-800_noise-0.1_p-20,cart_tuned,0.8996549999999999,0.0034067232288365647,0.8947,0.9077,4.0,0.0,4.0,4.0
family-noise_n-800_noise-0.1_p-20,error_greedy,0.8996549999999999,0.0034067232288365647,0.8947,0.9077,4.0,0.0,4.0,4.0
family-noise_n-800_noise-0.1_p-20,fixed_keep_single_class,0.86984,0.010915291061046795,0.8519,0.8882,23.75,2.359192546971147,19.0,28.0
family-noise_n-800_noise-0.1_p-20,fixed_original,0.87385,0.010441541527652134,0.8586,0.9017,21.8,2.092593455122388,18.0,25.0
family-noise_n-800_noise-0.1_p-20,fixed_random_ties,0.868665,0.012606609586370075,0.8467,0.8916,22.4,1.6670175069329811,19.0,25.0
family-noise_n-800_noise-0.1_p-20,fixed_refined,0.8756450000000001,0.011339659096333221,0.8487,0.8958,23.4,2.6832815729997477,20.0,28.0
family-noise_n-800_noise-0.1_p-20,frequency_bootstrap,0.8996549999999999,0.0034067232288365647,0.8947,0.9077,4.0,0.0,4.0,4.0
family-noise_n-800_noise-0.1_p-20,frequency_subsample,0.8996549999999999,0.0034067232288365647,0.8947,0.9077,4.0,0.0,4.0,4.0
family-noise_n-800_noise-0.1_p-20,holdout_common,0.8996549999999999,0.0034067232288365647,0.8947,0.9077,3.95,0.22360679774997894,3.0,4.0
family-noise_n-800_noise-0.1_p-20,holdout_refined,0.8996549999999999,0.0034067232288365647,0.8947,0.9077,4.0,0.0,4.0,4.0
family-noise_n-800_noise-0.1_p-20,holdout_selected,0.8996549999999999,0.0034067232288365647,0.8947,0.9077,4.0,0.0,4.0,4.0
family-noise_n-800_noise-0.1_p-20,node_vote,0.8996549999999999,0.0034067232288365647,0.8947,0.9077,3.9,0.3077935056255463,3.0,4.0
family-noise_n-800_noise-0.1_p-20,relative_bootstrap,0.8996549999999999,0.0034067232288365647,0.8947,0.9077,4.0,0.0,4.0,4.0
family-noise_n-800_noise-0.1_p-20,relative_random_bootstrap,0.8996549999999999,0.0034067232288365647,0.8947,0.9077,4.0,0.0,4.0,4.0
family-noise_n-800_noise-0.1_p-20,relative_random_subsample,0.8996549999999999,0.0034067232288365647,0.8947,0.9077,4.0,0.0,4.0,4.0
family-noise_n-800_noise-0.1_p-20,relative_subsample,0.8996549999999999,0.0034067232288365647,0.8947,0.9077,4.0,0.0,4.0,4.0
family-noise_n-800_noise-0.1_p-20,weighted_bootstrap,0.8996549999999999,0.0034067232288365647,0.8947,0.9077,4.0,0.0,4.0,4.0
family-noise_n-800_noise-0.1_p-20,weighted_subsample,0.8996549999999999,0.0034067232288365647,0.8947,0.9077,4.0,0.0,4.0,4.0
family-noise_n-800_noise-0.4_p-2,aloof,0.59887,0.00791009348537477,0.5791,0.609,3.15,0.9880869341680844,2.0,6.0
family-noise_n-800_noise-0.4_p-2,cart,0.579125,0.011281371463845327,0.5598,0.6002,20.45,2.742933504576134,15.0,25.0
family-noise_n-800_noise-0.4_p-2,cart_strong,0.59498,0.021553522120281735,0.5122,0.6122,20.45,76.49594072477585,2.0,345.0
family-noise_n-800_noise-0.4_p-2,cart_tuned,0.59982,0.009464760124299348,0.5687,0.6122,3.3,4.014447592594056,2.0,20.0
family-noise_n-800_noise-0.4_p-2,error_greedy,0.594405,0.009703633340146366,0.5663,0.6057,5.4,4.309109078757648,4.0,18.0
family-noise_n-800_noise-0.4_p-2,fixed_keep_single_class,0.58736,0.012451015600089974,0.5594,0.6046,20.4,4.096211343231822,13.0,27.0
family-noise_n-800_noise-0.4_p-2,fixed_original,0.590595,0.00782468933299557,0.578,0.6046,19.7,3.3888361610316595,13.0,25.0
family-noise_n-800_noise-0.4_p-2,fixed_random_ties,0.584155,0.015415046477216228,0.5415,0.6046,19.95,3.5611204623500763,13.0,26.0
family-noise_n-800_noise-0.4_p-2,fixed_refined,0.5861099999999999,0.012016256532407732,0.5527,0.6043,19.35,3.7314453246063133,13.0,27.0
family-noise_n-800_noise-0.4_p-2,frequency_bootstrap,0.5997,0.009744364093102625,0.5668,0.6122,4.25,3.006571749386754,2.0,14.0
family-noise_n-800_noise-0.4_p-2,frequency_subsample,0.59711,0.011907843500907506,0.5529,0.609,4.35,3.0309803868159815,2.0,16.0
family-noise_n-800_noise-0.4_p-2,holdout_common,0.5959749999999999,0.0097909128115927,0.5722,0.6078,6.0,5.457973404498278,4.0,25.0
family-noise_n-800_noise-0.4_p-2,holdout_refined,0.597705,0.009651696060387786,0.5722,0.609,4.7,3.130495168499705,4.0,18.0
family-noise_n-800_noise-0.4_p-2,holdout_selected,0.597755,0.010632644618294529,0.5692,0.6091,4.7,3.130495168499705,4.0,18.0
family-noise_n-800_noise-0.4_p-2,node_vote,0.598425,0.008442241844937897,0.5762,0.609,4.0,0.0,4.0,4.0
family-noise_n-800_noise-0.4_p-2,relative_bootstrap,0.5997,0.009744364093102625,0.5668,0.6122,4.25,3.006571749386754,2.0,14.0
family-noise_n-800_noise-0.4_p-2,relative_random_bootstrap,0.600565,0.007071386002757885,0.5841,0.6122,4.7,4.7250730988497605,2.0,23.0
family-noise_n-800_noise-0.4_p-2,relative_random_subsample,0.597755,0.008619834837836453,0.57,0.609,4.6,3.2019730759248066,2.0,16.0
family-noise_n-800_noise-0.4_p-2,relative_subsample,0.59711,0.011907843500907506,0.5529,0.609,4.35,3.0309803868159815,2.0,16.0
family-noise_n-800_noise-0.4_p-2,weighted_bootstrap,0.60061,0.007129102696914829,0.5839,0.6122,4.5,4.79583152331272,2.0,23.0
family-noise_n-800_noise-0.4_p-2,weighted_subsample,0.59931,0.00581675438530349,0.5852,0.609,3.75,1.292692009559488,2.0,7.0
family-noise_n-800_noise-0.4_p-20,aloof,0.58565,0.013603540560805236,0.5572,0.6033,4.7,3.130495168499705,4.0,18.0
family-noise_n-800_noise-0.4_p-20,cart,0.55235,0.0170120854874286,0.5235,0.5804,22.6,3.267060484675225,18.0,30.0
family-noise_n-800_noise-0.4_p-20,cart_strong,0.5945400000000001,0.014952887416992872,0.5533,0.6121,3.5,4.211513042276274,2.0,18.0
family-noise_n-800_noise-0.4_p-20,cart_tuned,0.5945400000000001,0.014952887416992872,0.5533,0.6121,3.5,4.211513042276274,2.0,18.0
family-noise_n-800_noise-0.4_p-20,error_greedy,0.5787,0.010475887099731246,0.5597,0.6009,5.45,4.936171540139607,4.0,25.0
family-noise_n-800_noise-0.4_p-20,fixed_keep_single_class,0.5742499999999999,0.013842060236068427,0.5471,0.599,22.9,2.403944127558095,19.0,29.0
family-noise_n-800_noise-0.4_p-20,fixed_original,0.580495,0.009294450806232375,0.5575,0.5946,21.35,2.8149039433924417,17.0,26.0
family-noise_n-800_noise-0.4_p-20,fixed_random_ties,0.57382,0.010372666509934446,0.548,0.5852,21.8,2.8764012603470883,16.0,28.0
family-noise_n-800_noise-0.4_p-20,fixed_refined,0.57835,0.009650170437545883,0.5589,0.5995,22.6,2.3260538075868915,18.0,28.0
family-noise_n-800_noise-0.4_p-20,frequency_bootstrap,0.598725,0.005811139484237407,0.5849,0.6121,2.3,0.7326950970650465,2.0,4.0
family-noise_n-800_noise-0.4_p-20,frequency_subsample,0.595385,0.010213318188573803,0.5665,0.6121,2.85,1.3484884325167863,2.0,7.0
family-noise_n-800_noise-0.4_p-20,holdout_common,0.585555,0.010733639937867755,0.5595,0.5995,4.75,3.3541019662496847,4.0,19.0
family-noise_n-800_noise-0.4_p-20,holdout_refined,0.594775,0.007603037827771638,0.5826,0.6121,4.0,0.0,4.0,4.0
family-noise_n-800_noise-0.4_p-20,holdout_selected,0.597075,0.006115112857761333,0.5839,0.6096,4.0,0.0,4.0,4.0
family-noise_n-800_noise-0.4_p-20,node_vote,0.583515,0.018591148856094752,0.5365,0.6121,6.35,7.23496626406131,4.0,28.0
family-noise_n-800_noise-0.4_p-20,relative_bootstrap,0.598725,0.005811139484237407,0.5849,0.6121,2.3,0.7326950970650465,2.0,4.0
family-noise_n-800_noise-0.4_p-20,relative_random_bootstrap,0.598725,0.005811139484237407,0.5849,0.6121,2.4,0.8207826816681234,2.0,4.0
family-noise_n-800_noise-0.4_p-20,relative_random_subsample,0.594815,0.01113554172340457,0.5613,0.6121,4.2,5.987706704486064,2.0,29.0
family-noise_n-800_noise-0.4_p-20,relative_subsample,0.595385,0.010213318188573803,0.5665,0.6121,2.85,1.3484884325167863,2.0,7.0
family-noise_n-800_noise-0.4_p-20,weighted_bootstrap,0.598255,0.005869589333792301,0.5849,0.6121,2.3,0.7326950970650465,2.0,4.0
family-noise_n-800_noise-0.4_p-20,weighted_subsample,0.595385,0.010213318188573803,0.5665,0.6121,2.95,1.3562719801759993,2.0,7.0
family-objective_mixture-0.0_n-200_p-2,aloof,0.7706999999999999,0.02549187693116542,0.6971,0.7875,3.2,0.41039134083406165,3.0,4.0
family-objective_mixture-0.0_n-200_p-2,cart,0.77664,0.019003944188952984,0.6971,0.7875,3.35,0.4893604849295928,3.0,4.0
family-objective_mixture-0.0_n-200_p-2,cart_strong,0.77664,0.019003944188952984,0.6971,0.7875,3.35,0.4893604849295928,3.0,4.0
family-objective_mixture-0.0_n-200_p-2,cart_tuned,0.7706999999999999,0.02549187693116542,0.6971,0.7875,3.25,0.4442616583193193,3.0,4.0
family-objective_mixture-0.0_n-200_p-2,error_greedy,0.77376,0.022750370731507943,0.6971,0.7875,3.65,0.489360484929593,3.0,4.0
family-objective_mixture-0.0_n-200_p-2,fixed_keep_single_class,0.77664,0.019003944188952984,0.6971,0.7875,3.5,0.512989176042577,3.0,4.0
family-objective_mixture-0.0_n-200_p-2,fixed_original,0.77664,0.019003944188952984,0.6971,0.7875,3.5,0.512989176042577,3.0,4.0
family-objective_mixture-0.0_n-200_p-2,fixed_random_ties,0.77664,0.019003944188952984,0.6971,0.7875,3.5,0.512989176042577,3.0,4.0
family-objective_mixture-0.0_n-200_p-2,fixed_refined,0.77664,0.019003944188952984,0.6971,0.7875,3.5,0.512989176042577,3.0,4.0
family-objective_mixture-0.0_n-200_p-2,frequency_bootstrap,0.77376,0.022750370731507943,0.6971,0.7875,3.2,0.41039134083406154,3.0,4.0
family-objective_mixture-0.0_n-200_p-2,frequency_subsample,0.77376,0.022750370731507943,0.6971,0.7875,3.2,0.41039134083406154,3.0,4.0
family-objective_mixture-0.0_n-200_p-2,holdout_common,0.7678550000000001,0.02749894686978698,0.6971,0.7875,3.5,0.512989176042577,3.0,4.0
family-objective_mixture-0.0_n-200_p-2,holdout_refined,0.77376,0.022750370731507943,0.6971,0.7875,3.45,0.5104177855340405,3.0,4.0
family-objective_mixture-0.0_n-200_p-2,holdout_selected,0.77376,0.022750370731507943,0.6971,0.7875,3.45,0.5104177855340405,3.0,4.0
family-objective_mixture-0.0_n-200_p-2,node_vote,0.77376,0.022750370731507943,0.6971,0.7875,3.25,0.4442616583193192,3.0,4.0
family-objective_mixture-0.0_n-200_p-2,relative_bootstrap,0.77376,0.022750370731507943,0.6971,0.7875,3.2,0.41039134083406154,3.0,4.0
family-objective_mixture-0.0_n-200_p-2,relative_random_bootstrap,0.77664,0.019003944188952984,0.6971,0.7875,3.6,0.5026246899500345,3.0,4.0
family-objective_mixture-0.0_n-200_p-2,relative_random_subsample,0.77664,0.019003944188952984,0.6971,0.7875,3.6,0.5026246899500345,3.0,4.0
family-objective_mixture-0.0_n-200_p-2,relative_subsample,0.77376,0.022750370731507943,0.6971,0.7875,3.2,0.41039134083406154,3.0,4.0
family-objective_mixture-0.0_n-200_p-2,stump_gini,0.706805,0.010927294411605034,0.6927,0.7216,2.0,0.0,2.0,2.0
family-objective_mixture-0.0_n-200_p-2,stump_holdout_error,0.71181,0.011266480326498077,0.6952,0.7296,2.0,0.0,2.0,2.0
family-objective_mixture-0.0_n-200_p-2,stump_training_error,0.7093849999999999,0.011968963152561204,0.6927,0.7279,2.0,0.0,2.0,2.0
family-objective_mixture-0.0_n-200_p-2,weighted_bootstrap,0.77376,0.022750370731507943,0.6971,0.7875,3.3,0.47016234598162715,3.0,4.0
family-objective_mixture-0.0_n-200_p-2,weighted_subsample,0.77376,0.022750370731507943,0.6971,0.7875,3.3,0.47016234598162715,3.0,4.0
family-objective_mixture-0.0_n-800_p-2,aloof,0.780635,0.0033730003822927852,0.7743,0.7875,3.15,0.36634754853252327,3.0,4.0
family-objective_mixture-0.0_n-800_p-2,cart,0.780635,0.0033730003822927852,0.7743,0.7875,3.15,0.36634754853252327,3.0,4.0
family-objective_mixture-0.0_n-800_p-2,cart_strong,0.780635,0.0033730003822927852,0.7743,0.7875,3.15,0.36634754853252327,3.0,4.0
family-objective_mixture-0.0_n-800_p-2,cart_tuned,0.780635,0.0033730003822927852,0.7743,0.7875,3.15,0.36634754853252327,3.0,4.0
family-objective_mixture-0.0_n-800_p-2,error_greedy,0.780635,0.0033730003822927852,0.7743,0.7875,3.8,0.41039134083406176,3.0,4.0
family-objective_mixture-0.0_n-800_p-2,fixed_keep_single_class,0.780635,0.0033730003822927852,0.7743,0.7875,3.65,0.489360484929593,3.0,4.0
family-objective_mixture-0.0_n-800_p-2,fixed_original,0.780635,0.0033730003822927852,0.7743,0.7875,3.65,0.489360484929593,3.0,4.0
family-objective_mixture-0.0_n-800_p-2,fixed_random_ties,0.780635,0.0033730003822927852,0.7743,0.7875,3.65,0.489360484929593,3.0,4.0
family-objective_mixture-0.0_n-800_p-2,fixed_refined,0.780635,0.0033730003822927852,0.7743,0.7875,3.65,0.489360484929593,3.0,4.0
family-objective_mixture-0.0_n-800_p-2,frequency_bootstrap,0.780635,0.0033730003822927852,0.7743,0.7875,3.25,0.4442616583193192,3.0,4.0
family-objective_mixture-0.0_n-800_p-2,frequency_subsample,0.780635,0.0033730003822927852,0.7743,0.7875,3.25,0.4442616583193192,3.0,4.0
family-objective_mixture-0.0_n-800_p-2,holdout_common,0.780635,0.0033730003822927852,0.7743,0.7875,3.7,0.47016234598162754,3.0,4.0
family-objective_mixture-0.0_n-800_p-2,holdout_refined,0.780635,0.0033730003822927852,0.7743,0.7875,3.65,0.489360484929593,3.0,4.0
family-objective_mixture-0.0_n-800_p-2,holdout_selected,0.780635,0.0033730003822927852,0.7743,0.7875,3.65,0.489360484929593,3.0,4.0
family-objective_mixture-0.0_n-800_p-2,node_vote,0.780635,0.0033730003822927852,0.7743,0.7875,3.15,0.36634754853252327,3.0,4.0
family-objective_mixture-0.0_n-800_p-2,relative_bootstrap,0.780635,0.0033730003822927852,0.7743,0.7875,3.25,0.4442616583193192,3.0,4.0
family-objective_mixture-0.0_n-800_p-2,relative_random_bootstrap,0.780635,0.0033730003822927852,0.7743,0.7875,3.6,0.5026246899500345,3.0,4.0
family-objective_mixture-0.0_n-800_p-2,relative_random_subsample,0.780635,0.0033730003822927852,0.7743,0.7875,3.6,0.5026246899500345,3.0,4.0
family-objective_mixture-0.0_n-800_p-2,relative_subsample,0.780635,0.0033730003822927852,0.7743,0.7875,3.25,0.4442616583193192,3.0,4.0
family-objective_mixture-0.0_n-800_p-2,stump_gini,0.7044050000000001,0.010599775320359628,0.6927,0.7279,2.0,0.0,2.0,2.0
family-objective_mixture-0.0_n-800_p-2,stump_holdout_error,0.715615,0.010169576661478314,0.6944,0.7296,2.0,0.0,2.0,2.0
family-objective_mixture-0.0_n-800_p-2,stump_training_error,0.7123,0.011999605256665291,0.6944,0.7296,2.0,0.0,2.0,2.0
family-objective_mixture-0.0_n-800_p-2,weighted_bootstrap,0.780635,0.0033730003822927852,0.7743,0.7875,3.15,0.36634754853252327,3.0,4.0
family-objective_mixture-0.0_n-800_p-2,weighted_subsample,0.780635,0.0033730003822927852,0.7743,0.7875,3.15,0.36634754853252327,3.0,4.0
family-objective_mixture-0.5_n-200_p-2,aloof,0.859585,0.0029428369770825077,0.8537,0.8644,3.4,0.5026246899500345,3.0,4.0
family-objective_mixture-0.5_n-200_p-2,cart,0.859585,0.0029428369770825077,0.8537,0.8644,4.0,0.0,4.0,4.0
family-objective_mixture-0.5_n-200_p-2,cart_strong,0.859585,0.0029428369770825077,0.8537,0.8644,4.0,0.0,4.0,4.0
family-objective_mixture-0.5_n-200_p-2,cart_tuned,0.859585,0.0029428369770825077,0.8537,0.8644,4.0,0.0,4.0,4.0
family-objective_mixture-0.5_n-200_p-2,error_greedy,0.859585,0.0029428369770825077,0.8537,0.8644,4.0,0.0,4.0,4.0
family-objective_mixture-0.5_n-200_p-2,fixed_keep_single_class,0.859585,0.0029428369770825077,0.8537,0.8644,4.0,0.0,4.0,4.0
family-objective_mixture-0.5_n-200_p-2,fixed_original,0.859585,0.0029428369770825077,0.8537,0.8644,4.0,0.0,4.0,4.0
family-objective_mixture-0.5_n-200_p-2,fixed_random_ties,0.859585,0.0029428369770825077,0.8537,0.8644,4.0,0.0,4.0,4.0
family-objective_mixture-0.5_n-200_p-2,fixed_refined,0.859585,0.0029428369770825077,0.8537,0.8644,4.0,0.0,4.0,4.0
family-objective_mixture-0.5_n-200_p-2,frequency_bootstrap,0.859585,0.0029428369770825077,0.8537,0.8644,4.0,0.0,4.0,4.0
family-objective_mixture-0.5_n-200_p-2,frequency_subsample,0.859585,0.0029428369770825077,0.8537,0.8644,4.0,0.0,4.0,4.0
family-objective_mixture-0.5_n-200_p-2,holdout_common,0.859585,0.0029428369770825077,0.8537,0.8644,4.0,0.0,4.0,4.0
family-objective_mixture-0.5_n-200_p-2,holdout_refined,0.859585,0.0029428369770825077,0.8537,0.8644,4.0,0.0,4.0,4.0
family-objective_mixture-0.5_n-200_p-2,holdout_selected,0.859585,0.0029428369770825077,0.8537,0.8644,4.0,0.0,4.0,4.0
family-objective_mixture-0.5_n-200_p-2,node_vote,0.859585,0.0029428369770825077,0.8537,0.8644,4.0,0.0,4.0,4.0
family-objective_mixture-0.5_n-200_p-2,relative_bootstrap,0.859585,0.0029428369770825077,0.8537,0.8644,4.0,0.0,4.0,4.0
family-objective_mixture-0.5_n-200_p-2,relative_random_bootstrap,0.859585,0.0029428369770825077,0.8537,0.8644,4.0,0.0,4.0,4.0
family-objective_mixture-0.5_n-200_p-2,relative_random_subsample,0.859585,0.0029428369770825077,0.8537,0.8644,4.0,0.0,4.0,4.0
family-objective_mixture-0.5_n-200_p-2,relative_subsample,0.859585,0.0029428369770825077,0.8537,0.8644,4.0,0.0,4.0,4.0
family-objective_mixture-0.5_n-200_p-2,stump_gini,0.859585,0.0029428369770825077,0.8537,0.8644,2.0,0.0,2.0,2.0
family-objective_mixture-0.5_n-200_p-2,stump_holdout_error,0.859585,0.0029428369770825077,0.8537,0.8644,2.0,0.0,2.0,2.0
family-objective_mixture-0.5_n-200_p-2,stump_training_error,0.859585,0.0029428369770825077,0.8537,0.8644,2.0,0.0,2.0,2.0
family-objective_mixture-0.5_n-200_p-2,weighted_bootstrap,0.859585,0.0029428369770825077,0.8537,0.8644,4.0,0.0,4.0,4.0
family-objective_mixture-0.5_n-200_p-2,weighted_subsample,0.859585,0.0029428369770825077,0.8537,0.8644,4.0,0.0,4.0,4.0
family-objective_mixture-0.5_n-800_p-2,aloof,0.859585,0.0029428369770825077,0.8537,0.8644,3.75,0.4442616583193192,3.0,4.0
family-objective_mixture-0.5_n-800_p-2,cart,0.859585,0.0029428369770825077,0.8537,0.8644,4.0,0.0,4.0,4.0
family-objective_mixture-0.5_n-800_p-2,cart_strong,0.859585,0.0029428369770825077,0.8537,0.8644,4.0,0.0,4.0,4.0
family-objective_mixture-0.5_n-800_p-2,cart_tuned,0.859585,0.0029428369770825077,0.8537,0.8644,4.0,0.0,4.0,4.0
family-objective_mixture-0.5_n-800_p-2,error_greedy,0.859585,0.0029428369770825077,0.8537,0.8644,4.0,0.0,4.0,4.0
family-objective_mixture-0.5_n-800_p-2,fixed_keep_single_class,0.859585,0.0029428369770825077,0.8537,0.8644,4.0,0.0,4.0,4.0
family-objective_mixture-0.5_n-800_p-2,fixed_original,0.859585,0.0029428369770825077,0.8537,0.8644,4.0,0.0,4.0,4.0
family-objective_mixture-0.5_n-800_p-2,fixed_random_ties,0.859585,0.0029428369770825077,0.8537,0.8644,4.0,0.0,4.0,4.0
family-objective_mixture-0.5_n-800_p-2,fixed_refined,0.859585,0.0029428369770825077,0.8537,0.8644,4.0,0.0,4.0,4.0
family-objective_mixture-0.5_n-800_p-2,frequency_bootstrap,0.859585,0.0029428369770825077,0.8537,0.8644,4.0,0.0,4.0,4.0
family-objective_mixture-0.5_n-800_p-2,frequency_subsample,0.859585,0.0029428369770825077,0.8537,0.8644,4.0,0.0,4.0,4.0
family-objective_mixture-0.5_n-800_p-2,holdout_common,0.859585,0.0029428369770825077,0.8537,0.8644,4.0,0.0,4.0,4.0
family-objective_mixture-0.5_n-800_p-2,holdout_refined,0.859585,0.0029428369770825077,0.8537,0.8644,4.0,0.0,4.0,4.0
family-objective_mixture-0.5_n-800_p-2,holdout_selected,0.859585,0.0029428369770825077,0.8537,0.8644,4.0,0.0,4.0,4.0
family-objective_mixture-0.5_n-800_p-2,node_vote,0.859585,0.0029428369770825077,0.8537,0.8644,4.0,0.0,4.0,4.0
family-objective_mixture-0.5_n-800_p-2,relative_bootstrap,0.859585,0.0029428369770825077,0.8537,0.8644,4.0,0.0,4.0,4.0
family-objective_mixture-0.5_n-800_p-2,relative_random_bootstrap,0.859585,0.0029428369770825077,0.8537,0.8644,4.0,0.0,4.0,4.0
family-objective_mixture-0.5_n-800_p-2,relative_random_subsample,0.859585,0.0029428369770825077,0.8537,0.8644,4.0,0.0,4.0,4.0
family-objective_mixture-0.5_n-800_p-2,relative_subsample,0.859585,0.0029428369770825077,0.8537,0.8644,4.0,0.0,4.0,4.0
family-objective_mixture-0.5_n-800_p-2,stump_gini,0.859585,0.0029428369770825077,0.8537,0.8644,2.0,0.0,2.0,2.0
family-objective_mixture-0.5_n-800_p-2,stump_holdout_error,0.859585,0.0029428369770825077,0.8537,0.8644,2.0,0.0,2.0,2.0
family-objective_mixture-0.5_n-800_p-2,stump_training_error,0.859585,0.0029428369770825077,0.8537,0.8644,2.0,0.0,2.0,2.0
family-objective_mixture-0.5_n-800_p-2,weighted_bootstrap,0.859585,0.0029428369770825077,0.8537,0.8644,4.0,0.0,4.0,4.0
family-objective_mixture-0.5_n-800_p-2,weighted_subsample,0.859585,0.0029428369770825077,0.8537,0.8644,4.0,0.0,4.0,4.0
family-objective_mixture-1.0_n-200_p-2,aloof,1.0,0.0,1.0,1.0,2.0,0.0,2.0,2.0
family-objective_mixture-1.0_n-200_p-2,cart,1.0,0.0,1.0,1.0,2.0,0.0,2.0,2.0
family-objective_mixture-1.0_n-200_p-2,cart_strong,1.0,0.0,1.0,1.0,2.0,0.0,2.0,2.0
family-objective_mixture-1.0_n-200_p-2,cart_tuned,1.0,0.0,1.0,1.0,2.0,0.0,2.0,2.0
family-objective_mixture-1.0_n-200_p-2,error_greedy,1.0,0.0,1.0,1.0,2.0,0.0,2.0,2.0
family-objective_mixture-1.0_n-200_p-2,fixed_keep_single_class,1.0,0.0,1.0,1.0,2.0,0.0,2.0,2.0
family-objective_mixture-1.0_n-200_p-2,fixed_original,1.0,0.0,1.0,1.0,2.0,0.0,2.0,2.0
family-objective_mixture-1.0_n-200_p-2,fixed_random_ties,1.0,0.0,1.0,1.0,2.0,0.0,2.0,2.0
family-objective_mixture-1.0_n-200_p-2,fixed_refined,1.0,0.0,1.0,1.0,2.0,0.0,2.0,2.0
family-objective_mixture-1.0_n-200_p-2,frequency_bootstrap,1.0,0.0,1.0,1.0,2.0,0.0,2.0,2.0
family-objective_mixture-1.0_n-200_p-2,frequency_subsample,1.0,0.0,1.0,1.0,2.0,0.0,2.0,2.0
family-objective_mixture-1.0_n-200_p-2,holdout_common,1.0,0.0,1.0,1.0,2.0,0.0,2.0,2.0
family-objective_mixture-1.0_n-200_p-2,holdout_refined,1.0,0.0,1.0,1.0,2.0,0.0,2.0,2.0
family-objective_mixture-1.0_n-200_p-2,holdout_selected,1.0,0.0,1.0,1.0,2.0,0.0,2.0,2.0
family-objective_mixture-1.0_n-200_p-2,node_vote,1.0,0.0,1.0,1.0,2.0,0.0,2.0,2.0
family-objective_mixture-1.0_n-200_p-2,relative_bootstrap,1.0,0.0,1.0,1.0,2.0,0.0,2.0,2.0
family-objective_mixture-1.0_n-200_p-2,relative_random_bootstrap,1.0,0.0,1.0,1.0,2.0,0.0,2.0,2.0
family-objective_mixture-1.0_n-200_p-2,relative_random_subsample,1.0,0.0,1.0,1.0,2.0,0.0,2.0,2.0
family-objective_mixture-1.0_n-200_p-2,relative_subsample,1.0,0.0,1.0,1.0,2.0,0.0,2.0,2.0
family-objective_mixture-1.0_n-200_p-2,stump_gini,1.0,0.0,1.0,1.0,2.0,0.0,2.0,2.0
family-objective_mixture-1.0_n-200_p-2,stump_holdout_error,1.0,0.0,1.0,1.0,2.0,0.0,2.0,2.0
family-objective_mixture-1.0_n-200_p-2,stump_training_error,1.0,0.0,1.0,1.0,2.0,0.0,2.0,2.0
family-objective_mixture-1.0_n-200_p-2,weighted_bootstrap,1.0,0.0,1.0,1.0,2.0,0.0,2.0,2.0
family-objective_mixture-1.0_n-200_p-2,weighted_subsample,1.0,0.0,1.0,1.0,2.0,0.0,2.0,2.0
family-objective_mixture-1.0_n-800_p-2,aloof,1.0,0.0,1.0,1.0,2.0,0.0,2.0,2.0
family-objective_mixture-1.0_n-800_p-2,cart,1.0,0.0,1.0,1.0,2.0,0.0,2.0,2.0
family-objective_mixture-1.0_n-800_p-2,cart_strong,1.0,0.0,1.0,1.0,2.0,0.0,2.0,2.0
family-objective_mixture-1.0_n-800_p-2,cart_tuned,1.0,0.0,1.0,1.0,2.0,0.0,2.0,2.0
family-objective_mixture-1.0_n-800_p-2,error_greedy,1.0,0.0,1.0,1.0,2.0,0.0,2.0,2.0
family-objective_mixture-1.0_n-800_p-2,fixed_keep_single_class,1.0,0.0,1.0,1.0,2.0,0.0,2.0,2.0
family-objective_mixture-1.0_n-800_p-2,fixed_original,1.0,0.0,1.0,1.0,2.0,0.0,2.0,2.0
family-objective_mixture-1.0_n-800_p-2,fixed_random_ties,1.0,0.0,1.0,1.0,2.0,0.0,2.0,2.0
family-objective_mixture-1.0_n-800_p-2,fixed_refined,1.0,0.0,1.0,1.0,2.0,0.0,2.0,2.0
family-objective_mixture-1.0_n-800_p-2,frequency_bootstrap,1.0,0.0,1.0,1.0,2.0,0.0,2.0,2.0
family-objective_mixture-1.0_n-800_p-2,frequency_subsample,1.0,0.0,1.0,1.0,2.0,0.0,2.0,2.0
family-objective_mixture-1.0_n-800_p-2,holdout_common,1.0,0.0,1.0,1.0,2.0,0.0,2.0,2.0
family-objective_mixture-1.0_n-800_p-2,holdout_refined,1.0,0.0,1.0,1.0,2.0,0.0,2.0,2.0
family-objective_mixture-1.0_n-800_p-2,holdout_selected,1.0,0.0,1.0,1.0,2.0,0.0,2.0,2.0
family-objective_mixture-1.0_n-800_p-2,node_vote,1.0,0.0,1.0,1.0,2.0,0.0,2.0,2.0
family-objective_mixture-1.0_n-800_p-2,relative_bootstrap,1.0,0.0,1.0,1.0,2.0,0.0,2.0,2.0
family-objective_mixture-1.0_n-800_p-2,relative_random_bootstrap,1.0,0.0,1.0,1.0,2.0,0.0,2.0,2.0
family-objective_mixture-1.0_n-800_p-2,relative_random_subsample,1.0,0.0,1.0,1.0,2.0,0.0,2.0,2.0
family-objective_mixture-1.0_n-800_p-2,relative_subsample,1.0,0.0,1.0,1.0,2.0,0.0,2.0,2.0
family-objective_mixture-1.0_n-800_p-2,stump_gini,1.0,0.0,1.0,1.0,2.0,0.0,2.0,2.0
family-objective_mixture-1.0_n-800_p-2,stump_holdout_error,1.0,0.0,1.0,1.0,2.0,0.0,2.0,2.0
family-objective_mixture-1.0_n-800_p-2,stump_training_error,1.0,0.0,1.0,1.0,2.0,0.0,2.0,2.0
family-objective_mixture-1.0_n-800_p-2,weighted_bootstrap,1.0,0.0,1.0,1.0,2.0,0.0,2.0,2.0
family-objective_mixture-1.0_n-800_p-2,weighted_subsample,1.0,0.0,1.0,1.0,2.0,0.0,2.0,2.0
family-real_name-breast_cancer,aloof,0.9134502923976608,0.02000307763331817,0.8830409356725146,0.935672514619883,5.4,1.949358868961793,4.0,8.0
family-real_name-breast_cancer,cart,0.9122807017543859,0.03721614637823934,0.8596491228070176,0.9473684210526316,10.6,0.547722557505166,10.0,11.0
family-real_name-breast_cancer,cart_strong,0.9122807017543859,0.03256002551362583,0.8654970760233918,0.9415204678362572,6.0,1.8708286933869707,4.0,8.0
family-real_name-breast_cancer,cart_tuned,0.9146198830409358,0.03474491409944553,0.8654970760233918,0.953216374269006,6.6,4.03732584763727,3.0,11.0
family-real_name-breast_cancer,error_greedy,0.9099415204678362,0.025356120922431336,0.8771929824561403,0.935672514619883,5.6,3.5777087639996634,4.0,12.0
family-real_name-breast_cancer,fixed_keep_single_class,0.9228070175438596,0.022799518935225672,0.8947368421052632,0.953216374269006,10.2,1.3038404810405297,8.0,11.0
family-real_name-breast_cancer,fixed_original,0.9099415204678364,0.029122572159038032,0.8830409356725146,0.953216374269006,8.2,1.30384048104053,7.0,10.0
family-real_name-breast_cancer,fixed_random_ties,0.9192982456140351,0.023898031276845092,0.8830409356725146,0.9473684210526316,8.0,1.2247448713915892,7.0,10.0
family-real_name-breast_cancer,fixed_refined,0.9181286549707602,0.0170495669439921,0.8947368421052632,0.935672514619883,9.6,0.8944271909999157,8.0,10.0
family-real_name-breast_cancer,frequency_bootstrap,0.9099415204678362,0.012126573890834927,0.8947368421052632,0.9239766081871345,9.2,4.764451699828638,4.0,13.0
family-real_name-breast_cancer,frequency_subsample,0.9052631578947368,0.023898031276845092,0.8654970760233918,0.9239766081871345,8.6,6.308724118235002,4.0,16.0
family-real_name-breast_cancer,holdout_common,0.92046783625731,0.01876819477880837,0.8947368421052632,0.9415204678362572,5.6,2.701851217221259,3.0,9.0
family-real_name-breast_cancer,holdout_refined,0.9192982456140351,0.02528859451513408,0.8771929824561403,0.9415204678362572,8.6,2.6076809620810595,4.0,10.0
family-real_name-breast_cancer,holdout_selected,0.9251461988304094,0.009609167675529218,0.9181286549707602,0.9415204678362572,5.6,2.302172886644268,4.0,9.0
family-real_name-breast_cancer,node_vote,0.9263157894736842,0.007845852552630804,0.912280701754386,0.9298245614035088,6.4,3.7815340802378072,3.0,11.0
family-real_name-breast_cancer,relative_bootstrap,0.904093567251462,0.01062333457578068,0.8947368421052632,0.9181286549707602,11.2,4.08656334834051,4.0,14.0
family-real_name-breast_cancer,relative_random_bootstrap,0.9005847953216375,0.017049566943992095,0.8771929824561403,0.9239766081871345,9.0,5.244044240850758,3.0,15.0
family-real_name-breast_cancer,relative_random_subsample,0.8982456140350876,0.023610092676241326,0.8654970760233918,0.9239766081871345,7.2,4.43846820423443,4.0,13.0
family-real_name-breast_cancer,relative_subsample,0.9017543859649122,0.02494822106163923,0.8654970760233918,0.9239766081871345,7.8,5.495452665613635,4.0,16.0
family-real_name-breast_cancer,weighted_bootstrap,0.9064327485380117,0.014909413782435061,0.8888888888888888,0.9239766081871345,9.0,4.58257569495584,4.0,13.0
family-real_name-breast_cancer,weighted_subsample,0.8970760233918128,0.020922273473682248,0.8654970760233918,0.9239766081871345,4.4,0.894427190999916,4.0,6.0
family-real_name-digits,cart,0.6688888888888889,0.02026064725423386,0.6537037037037037,0.7037037037037037,24.0,0.7071067811865476,23.0,25.0
family-real_name-digits,cart_strong,0.8518518518518519,0.012072597046671558,0.8388888888888889,0.8648148148148148,122.6,8.848728722251575,109.0,130.0
family-real_name-digits,cart_tuned,0.6677777777777778,0.021699089384343766,0.6518518518518519,0.7055555555555556,21.6,3.7815340802378072,17.0,25.0
family-real_name-digits,error_greedy,0.7759259259259259,0.01410328352937752,0.7592592592592593,0.7944444444444444,30.8,1.3038404810405297,29.0,32.0
family-real_name-digits,fixed_keep_single_class,0.75,0.034246744460938755,0.7222222222222222,0.7925925925925926,26.2,3.420526275297414,22.0,29.0
family-real_name-digits,fixed_original,0.7477777777777778,0.04880955965643,0.6703703703703704,0.8037037037037037,25.2,4.08656334834051,20.0,29.0
family-real_name-digits,fixed_random_ties,0.7481481481481481,0.0473762918720964,0.674074074074074,0.8037037037037037,25.6,3.5071355833500366,22.0,29.0
family-real_name-digits,fixed_refined,0.74,0.02296594962655929,0.7222222222222222,0.7796296296296297,26.0,3.24037034920393,22.0,29.0
family-real_name-digits,frequency_bootstrap,0.587037037037037,0.02661131085777759,0.5555555555555556,0.6129629629629629,22.6,2.8809720581775866,20.0,27.0
family-real_name-digits,frequency_subsample,0.5696296296296296,0.04608470164438064,0.5222222222222223,0.6314814814814815,22.4,3.209361307176242,18.0,26.0
family-real_name-digits,holdout_common,0.7670370370370371,0.03814095581246055,0.7074074074074074,0.8074074074074075,25.4,1.5165750888103104,23.0,27.0
family-real_name-digits,holdout_refined,0.7470370370370369,0.014616731304200797,0.7314814814814815,0.7648148148148148,25.6,3.361547262794322,22.0,30.0
family-real_name-digits,holdout_selected,0.7203703703703703,0.028897197285791147,0.6833333333333333,0.7611111111111111,25.6,3.4351128074635335,21.0,29.0
family-real_name-digits,node_vote,0.6688888888888889,0.02180943780805524,0.6555555555555556,0.7074074074074074,21.8,1.7888543819998315,19.0,23.0
family-real_name-digits,relative_bootstrap,0.587037037037037,0.02661131085777759,0.5555555555555556,0.6129629629629629,22.6,2.8809720581775866,20.0,27.0
family-real_name-digits,relative_random_bootstrap,0.6037037037037037,0.02349736581564729,0.5648148148148148,0.6277777777777778,22.4,3.577708763999663,18.0,27.0
family-real_name-digits,relative_random_subsample,0.5703703703703704,0.049828237211384095,0.5166666666666667,0.6407407407407407,22.0,3.0,18.0,25.0
family-real_name-digits,relative_subsample,0.5696296296296296,0.04608470164438064,0.5222222222222223,0.6314814814814815,22.2,2.949576240750525,18.0,25.0
family-real_name-digits,weighted_bootstrap,0.6077777777777778,0.029086456433773403,0.5685185185185185,0.6388888888888888,22.6,3.0495901363953815,19.0,27.0
family-real_name-digits,weighted_subsample,0.5788888888888889,0.04359921596053206,0.5166666666666667,0.6333333333333333,25.0,2.5495097567963922,21.0,28.0
family-real_name-wine,cart,0.8962962962962964,0.05943261679956006,0.8148148148148148,0.9444444444444444,6.2,1.3038404810405297,5.0,8.0
family-real_name-wine,cart_strong,0.8777777777777779,0.0608580619450184,0.8333333333333334,0.9444444444444444,6.8,2.588435821108957,4.0,10.0
family-real_name-wine,cart_tuned,0.8777777777777779,0.05335133441069603,0.8333333333333334,0.9444444444444444,4.4,0.547722557505166,4.0,5.0
family-real_name-wine,error_greedy,0.8666666666666666,0.04611073925181014,0.8333333333333334,0.9444444444444444,8.8,5.06951674225463,4.0,16.0
family-real_name-wine,fixed_keep_single_class,0.8925925925925926,0.06978312474598797,0.8148148148148148,0.9629629629629628,5.4,1.1401754250991383,4.0,7.0
family-real_name-wine,fixed_original,0.9037037037037037,0.060575656421467027,0.8333333333333334,0.9629629629629628,4.8,1.0954451150103321,4.0,6.0
family-real_name-wine,fixed_random_ties,0.8814814814814815,0.05003428180039358,0.8333333333333334,0.9629629629629628,5.0,0.9999999999999999,4.0,6.0
family-real_name-wine,fixed_refined,0.8851851851851851,0.05462178223612078,0.8333333333333334,0.9629629629629628,5.6,1.140175425099138,4.0,7.0
family-real_name-wine,frequency_bootstrap,0.8185185185185185,0.06599455437483503,0.7037037037037037,0.8703703703703703,8.4,4.03732584763727,4.0,12.0
family-real_name-wine,frequency_subsample,0.8814814814814815,0.05003428180039371,0.8333333333333334,0.9444444444444444,7.6,2.701851217221259,4.0,11.0
family-real_name-wine,holdout_common,0.8518518518518519,0.032075014954979233,0.7962962962962963,0.8703703703703703,4.4,1.51657508881031,3.0,7.0
family-real_name-wine,holdout_refined,0.8407407407407408,0.021114359724058108,0.8148148148148148,0.8703703703703703,3.6,0.894427190999916,3.0,5.0
family-real_name-wine,holdout_selected,0.8407407407407408,0.054934803608116055,0.7777777777777778,0.925925925925926,3.4,0.5477225575051662,3.0,4.0
family-real_name-wine,node_vote,0.8666666666666666,0.044212356986345666,0.8148148148148148,0.925925925925926,4.0,0.7071067811865475,3.0,5.0
family-real_name-wine,relative_bootstrap,0.8185185185185185,0.06599455437483503,0.7037037037037037,0.8703703703703703,8.4,4.03732584763727,4.0,12.0
family-real_name-wine,relative_random_bootstrap,0.8222222222222222,0.021114359724058136,0.7962962962962963,0.8518518518518519,6.4,3.361547262794322,4.0,11.0
family-real_name-wine,relative_random_subsample,0.8777777777777779,0.03609923831410731,0.8333333333333334,0.925925925925926,5.6,2.073644135332772,4.0,9.0
family-real_name-wine,relative_subsample,0.888888888888889,0.04721314364437762,0.8333333333333334,0.9444444444444444,7.2,2.7748873851023217,4.0,11.0
family-real_name-wine,weighted_bootstrap,0.8407407407407407,0.06361320013821356,0.7777777777777778,0.9444444444444444,6.0,3.4641016151377544,4.0,12.0
family-real_name-wine,weighted_subsample,0.8703703703703705,0.037037037037037104,0.8333333333333334,0.925925925925926,6.8,1.7888543819998317,4.0,8.0
