unit,scenario,family,n,p,mixture,seed,permutation,method,accuracy,leaves,validation_error,root,parameters,noise
family-interaction_mixture-0.0_n-800_p-20_seed-3000_perm-0,family-interaction_mixture-0.0_n-800_p-20,interaction,800,20,0.0,3000,0,cart_strong,1.0,4,0.08875,15,"{""alpha"": 0.0, ""depth"": 10, ""leaf"": 1}",
family-interaction_mixture-0.0_n-800_p-20_seed-3000_perm-0,family-interaction_mixture-0.0_n-800_p-20,interaction,800,20,0.0,3000,0,aloof,1.0,4,0.165,15,"{""depth"": 5, ""leaf"": 20}",
family-interaction_mixture-0.0_n-800_p-20_seed-3000_perm-0,family-interaction_mixture-0.0_n-800_p-20,interaction,800,20,0.0,3000,0,lookahead,1.0,4,0.0,15,"{""depth"": 2, ""leaf"": 20}",
family-interaction_mixture-0.0_n-800_p-20_seed-3000_perm-0,family-interaction_mixture-0.0_n-800_p-20,interaction,800,20,0.0,3000,0,relative_bootstrap,1.0,4,0.0,6,"{""depth"": 5, ""leaf"": 20, ""scale"": 0.0, ""tau"": 0.0}",
family-interaction_mixture-0.0_n-800_p-20_seed-3000_perm-0,family-interaction_mixture-0.0_n-800_p-20,interaction,800,20,0.0,3000,0,weighted_bootstrap,1.0,4,0.0,6,"{""depth"": 5, ""leaf"": 20, ""scale"": 0.3, ""tau"": 0.0}",
family-interaction_mixture-0.0_n-800_p-20_seed-3000_perm-0,family-interaction_mixture-0.0_n-800_p-20,interaction,800,20,0.0,3000,0,relative_random_bootstrap,1.0,4,0.0,6,"{""depth"": 5, ""leaf"": 20, ""scale"": 0.0, ""tau"": 0.0}",
family-interaction_mixture-0.0_n-800_p-20_seed-3000_perm-1,family-interaction_mixture-0.0_n-800_p-20,interaction,800,20,0.0,3000,1,cart_strong,1.0,4,0.09875,1,"{""alpha"": 0.0, ""depth"": 10, ""leaf"": 1}",
family-interaction_mixture-0.0_n-800_p-20_seed-3000_perm-1,family-interaction_mixture-0.0_n-800_p-20,interaction,800,20,0.0,3000,1,aloof,1.0,4,0.165,1,"{""depth"": 5, ""leaf"": 20}",
family-interaction_mixture-0.0_n-800_p-20_seed-3000_perm-1,family-interaction_mixture-0.0_n-800_p-20,interaction,800,20,0.0,3000,1,lookahead,1.0,4,0.0,1,"{""depth"": 2, ""leaf"": 20}",
family-interaction_mixture-0.0_n-800_p-20_seed-3000_perm-1,family-interaction_mixture-0.0_n-800_p-20,interaction,800,20,0.0,3000,1,relative_bootstrap,1.0,4,0.0,4,"{""depth"": 5, ""leaf"": 20, ""scale"": 0.0, ""tau"": 0.0}",
family-interaction_mixture-0.0_n-800_p-20_seed-3000_perm-1,family-interaction_mixture-0.0_n-800_p-20,interaction,800,20,0.0,3000,1,weighted_bootstrap,1.0,4,0.0,4,"{""depth"": 5, ""leaf"": 20, ""scale"": 0.3, ""tau"": 0.0}",
family-interaction_mixture-0.0_n-800_p-20_seed-3000_perm-1,family-interaction_mixture-0.0_n-800_p-20,interaction,800,20,0.0,3000,1,relative_random_bootstrap,1.0,4,0.0,4,"{""depth"": 5, ""leaf"": 20, ""scale"": 0.0, ""tau"": 0.0}",
family-interaction_mixture-0.0_n-800_p-20_seed-3000_perm-2,family-interaction_mixture-0.0_n-800_p-20,interaction,800,20,0.0,3000,2,cart_strong,1.0,4,0.08125,15,"{""alpha"": 0.0, ""depth"": 10, ""leaf"": 1}",
family-interaction_mixture-0.0_n-800_p-20_seed-3000_perm-2,family-interaction_mixture-0.0_n-800_p-20,interaction,800,20,0.0,3000,2,aloof,1.0,4,0.165,15,"{""depth"": 5, ""leaf"": 20}",
family-interaction_mixture-0.0_n-800_p-20_seed-3000_perm-2,family-interaction_mixture-0.0_n-800_p-20,interaction,800,20,0.0,3000,2,lookahead,1.0,4,0.0,15,"{""depth"": 2, ""leaf"": 20}",
family-interaction_mixture-0.0_n-800_p-20_seed-3000_perm-2,family-interaction_mixture-0.0_n-800_p-20,interaction,800,20,0.0,3000,2,weighted_bootstrap,1.0,4,0.0,11,"{""depth"": 5, ""leaf"": 20, ""scale"": 0.3, ""tau"": 0.0}",
family-interaction_mixture-0.0_n-800_p-20_seed-3000_perm-2,family-interaction_mixture-0.0_n-800_p-20,interaction,800,20,0.0,3000,2,relative_bootstrap,1.0,4,0.0,11,"{""depth"": 5, ""leaf"": 5, ""scale"": 0.0, ""tau"": 0.0}",
family-interaction_mixture-0.0_n-800_p-20_seed-3000_perm-2,family-interaction_mixture-0.0_n-800_p-20,interaction,800,20,0.0,3000,2,relative_random_bootstrap,1.0,4,0.0,11,"{""depth"": 5, ""leaf"": 5, ""scale"": 0.0, ""tau"": 0.0}",
family-interaction_mixture-0.0_n-800_p-20_seed-3001_perm-0,family-interaction_mixture-0.0_n-800_p-20,interaction,800,20,0.0,3001,0,cart_strong,0.6958,216,0.24625,2,"{""alpha"": 0.0, ""depth"": 10, ""leaf"": 1}",
family-interaction_mixture-0.0_n-800_p-20_seed-3001_perm-0,family-interaction_mixture-0.0_n-800_p-20,interaction,800,20,0.0,3001,0,aloof,0.6225,9,0.42875,2,"{""depth"": 5, ""leaf"": 20}",
family-interaction_mixture-0.0_n-800_p-20_seed-3001_perm-0,family-interaction_mixture-0.0_n-800_p-20,interaction,800,20,0.0,3001,0,lookahead,1.0,4,0.0,13,"{""depth"": 2, ""leaf"": 20}",
family-interaction_mixture-0.0_n-800_p-20_seed-3001_perm-0,family-interaction_mixture-0.0_n-800_p-20,interaction,800,20,0.0,3001,0,relative_bootstrap,1.0,8,0.1675,13,"{""depth"": 5, ""leaf"": 5, ""scale"": 0.0, ""tau"": 0.0}",
family-interaction_mixture-0.0_n-800_p-20_seed-3001_perm-0,family-interaction_mixture-0.0_n-800_p-20,interaction,800,20,0.0,3001,0,weighted_bootstrap,1.0,4,0.165,13,"{""depth"": 5, ""leaf"": 5, ""scale"": 0.3, ""tau"": 0.0}",
family-interaction_mixture-0.0_n-800_p-20_seed-3001_perm-0,family-interaction_mixture-0.0_n-800_p-20,interaction,800,20,0.0,3001,0,relative_random_bootstrap,1.0,6,0.17375,13,"{""depth"": 5, ""leaf"": 5, ""scale"": 0.0, ""tau"": 0.0}",
family-interaction_mixture-0.0_n-800_p-20_seed-3001_perm-1,family-interaction_mixture-0.0_n-800_p-20,interaction,800,20,0.0,3001,1,cart_strong,0.6875,216,0.24125,0,"{""alpha"": 0.0, ""depth"": 10, ""leaf"": 1}",
family-interaction_mixture-0.0_n-800_p-20_seed-3001_perm-1,family-interaction_mixture-0.0_n-800_p-20,interaction,800,20,0.0,3001,1,aloof,0.6225,9,0.425,0,"{""depth"": 5, ""leaf"": 20}",
family-interaction_mixture-0.0_n-800_p-20_seed-3001_perm-1,family-interaction_mixture-0.0_n-800_p-20,interaction,800,20,0.0,3001,1,lookahead,1.0,4,0.0,4,"{""depth"": 2, ""leaf"": 20}",
family-interaction_mixture-0.0_n-800_p-20_seed-3001_perm-1,family-interaction_mixture-0.0_n-800_p-20,interaction,800,20,0.0,3001,1,relative_bootstrap,1.0,8,0.17125,2,"{""depth"": 5, ""leaf"": 20, ""scale"": 0.0, ""tau"": 0.0}",
family-interaction_mixture-0.0_n-800_p-20_seed-3001_perm-1,family-interaction_mixture-0.0_n-800_p-20,interaction,800,20,0.0,3001,1,weighted_bootstrap,1.0,4,0.0,4,"{""depth"": 5, ""leaf"": 5, ""scale"": 1.0, ""tau"": 0.0}",
family-interaction_mixture-0.0_n-800_p-20_seed-3001_perm-1,family-interaction_mixture-0.0_n-800_p-20,interaction,800,20,0.0,3001,1,relative_random_bootstrap,1.0,6,0.17,4,"{""depth"": 5, ""leaf"": 5, ""scale"": 0.0, ""tau"": 0.0}",
family-interaction_mixture-0.0_n-800_p-20_seed-3001_perm-2,family-interaction_mixture-0.0_n-800_p-20,interaction,800,20,0.0,3001,2,cart_strong,0.6667,228,0.255,3,"{""alpha"": 0.0, ""depth"": 10, ""leaf"": 1}",
family-interaction_mixture-0.0_n-800_p-20_seed-3001_perm-2,family-interaction_mixture-0.0_n-800_p-20,interaction,800,20,0.0,3001,2,aloof,0.6225,9,0.42875,3,"{""depth"": 5, ""leaf"": 20}",
family-interaction_mixture-0.0_n-800_p-20_seed-3001_perm-2,family-interaction_mixture-0.0_n-800_p-20,interaction,800,20,0.0,3001,2,lookahead,1.0,4,0.0,12,"{""depth"": 2, ""leaf"": 20}",
family-interaction_mixture-0.0_n-800_p-20_seed-3001_perm-2,family-interaction_mixture-0.0_n-800_p-20,interaction,800,20,0.0,3001,2,relative_bootstrap,1.0,8,0.17,0,"{""depth"": 5, ""leaf"": 20, ""scale"": 0.0, ""tau"": 0.0}",
family-interaction_mixture-0.0_n-800_p-20_seed-3001_perm-2,family-interaction_mixture-0.0_n-800_p-20,interaction,800,20,0.0,3001,2,relative_random_bootstrap,1.0,6,0.17,1,"{""depth"": 5, ""leaf"": 20, ""scale"": 0.0, ""tau"": 0.0}",
family-interaction_mixture-0.0_n-800_p-20_seed-3001_perm-2,family-interaction_mixture-0.0_n-800_p-20,interaction,800,20,0.0,3001,2,weighted_bootstrap,1.0,4,0.06625,12,"{""depth"": 5, ""leaf"": 5, ""scale"": 1.0, ""tau"": 0.0}",
family-interaction_mixture-0.0_n-800_p-20_seed-3002_perm-0,family-interaction_mixture-0.0_n-800_p-20,interaction,800,20,0.0,3002,0,cart_strong,0.5871,258,0.24875,18,"{""alpha"": 0.0, ""depth"": 10, ""leaf"": 1}",
family-interaction_mixture-0.0_n-800_p-20_seed-3002_perm-0,family-interaction_mixture-0.0_n-800_p-20,interaction,800,20,0.0,3002,0,aloof,0.5092,28,0.3175,18,"{""depth"": 5, ""leaf"": 5}",
family-interaction_mixture-0.0_n-800_p-20_seed-3002_perm-0,family-interaction_mixture-0.0_n-800_p-20,interaction,800,20,0.0,3002,0,lookahead,1.0,4,0.0,4,"{""depth"": 2, ""leaf"": 20}",
family-interaction_mixture-0.0_n-800_p-20_seed-3002_perm-0,family-interaction_mixture-0.0_n-800_p-20,interaction,800,20,0.0,3002,0,weighted_bootstrap,1.0,4,0.0,4,"{""depth"": 5, ""leaf"": 20, ""scale"": 0.6, ""tau"": 0.0}",
family-interaction_mixture-0.0_n-800_p-20_seed-3002_perm-0,family-interaction_mixture-0.0_n-800_p-20,interaction,800,20,0.0,3002,0,relative_bootstrap,1.0,4,0.0,4,"{""depth"": 5, ""leaf"": 5, ""scale"": 0.0, ""tau"": 0.0}",
family-interaction_mixture-0.0_n-800_p-20_seed-3002_perm-0,family-interaction_mixture-0.0_n-800_p-20,interaction,800,20,0.0,3002,0,relative_random_bootstrap,1.0,4,0.0,17,"{""depth"": 5, ""leaf"": 5, ""scale"": 0.0, ""tau"": 0.0}",
family-interaction_mixture-0.0_n-800_p-20_seed-3002_perm-1,family-interaction_mixture-0.0_n-800_p-20,interaction,800,20,0.0,3002,1,cart_strong,0.5845,252,0.24625,15,"{""alpha"": 0.0, ""depth"": 10, ""leaf"": 1}",
family-interaction_mixture-0.0_n-800_p-20_seed-3002_perm-1,family-interaction_mixture-0.0_n-800_p-20,interaction,800,20,0.0,3002,1,aloof,0.5092,28,0.315,15,"{""depth"": 5, ""leaf"": 5}",
family-interaction_mixture-0.0_n-800_p-20_seed-3002_perm-1,family-interaction_mixture-0.0_n-800_p-20,interaction,800,20,0.0,3002,1,lookahead,1.0,4,0.0,11,"{""depth"": 2, ""leaf"": 20}",
family-interaction_mixture-0.0_n-800_p-20_seed-3002_perm-1,family-interaction_mixture-0.0_n-800_p-20,interaction,800,20,0.0,3002,1,relative_bootstrap,1.0,4,0.0,11,"{""depth"": 5, ""leaf"": 20, ""scale"": 0.0, ""tau"": 0.0}",
family-interaction_mixture-0.0_n-800_p-20_seed-3002_perm-1,family-interaction_mixture-0.0_n-800_p-20,interaction,800,20,0.0,3002,1,weighted_bootstrap,1.0,4,0.0,11,"{""depth"": 5, ""leaf"": 20, ""scale"": 0.3, ""tau"": 0.0}",
family-interaction_mixture-0.0_n-800_p-20_seed-3002_perm-1,family-interaction_mixture-0.0_n-800_p-20,interaction,800,20,0.0,3002,1,relative_random_bootstrap,1.0,4,0.0,11,"{""depth"": 5, ""leaf"": 5, ""scale"": 0.0, ""tau"": 0.0}",
family-interaction_mixture-0.0_n-800_p-20_seed-3002_perm-2,family-interaction_mixture-0.0_n-800_p-20,interaction,800,20,0.0,3002,2,cart_strong,0.5903,264,0.2375,4,"{""alpha"": 0.0, ""depth"": 10, ""leaf"": 1}",
family-interaction_mixture-0.0_n-800_p-20_seed-3002_perm-2,family-interaction_mixture-0.0_n-800_p-20,interaction,800,20,0.0,3002,2,aloof,0.5092,28,0.335,4,"{""depth"": 5, ""leaf"": 5}",
family-interaction_mixture-0.0_n-800_p-20_seed-3002_perm-2,family-interaction_mixture-0.0_n-800_p-20,interaction,800,20,0.0,3002,2,lookahead,1.0,4,0.0,19,"{""depth"": 2, ""leaf"": 20}",
family-interaction_mixture-0.0_n-800_p-20_seed-3002_perm-2,family-interaction_mixture-0.0_n-800_p-20,interaction,800,20,0.0,3002,2,weighted_bootstrap,1.0,4,0.0,19,"{""depth"": 5, ""leaf"": 20, ""scale"": 0.6, ""tau"": 0.0}",
family-interaction_mixture-0.0_n-800_p-20_seed-3002_perm-2,family-interaction_mixture-0.0_n-800_p-20,interaction,800,20,0.0,3002,2,relative_bootstrap,1.0,4,0.0,1,"{""depth"": 5, ""leaf"": 5, ""scale"": 0.0, ""tau"": 0.0}",
family-interaction_mixture-0.0_n-800_p-20_seed-3002_perm-2,family-interaction_mixture-0.0_n-800_p-20,interaction,800,20,0.0,3002,2,relative_random_bootstrap,1.0,4,0.0,19,"{""depth"": 5, ""leaf"": 5, ""scale"": 0.0, ""tau"": 0.0}",
family-interaction_mixture-0.0_n-800_p-20_seed-3003_perm-0,family-interaction_mixture-0.0_n-800_p-20,interaction,800,20,0.0,3003,0,cart_strong,0.9041,73,0.1825,19,"{""alpha"": 0.0, ""depth"": null, ""leaf"": 1}",
family-interaction_mixture-0.0_n-800_p-20_seed-3003_perm-0,family-interaction_mixture-0.0_n-800_p-20,interaction,800,20,0.0,3003,0,aloof,0.8746,16,0.31375,19,"{""depth"": 5, ""leaf"": 5}",
family-interaction_mixture-0.0_n-800_p-20_seed-3003_perm-0,family-interaction_mixture-0.0_n-800_p-20,interaction,800,20,0.0,3003,0,lookahead,1.0,4,0.0,1,"{""depth"": 2, ""leaf"": 20}",
family-interaction_mixture-0.0_n-800_p-20_seed-3003_perm-0,family-interaction_mixture-0.0_n-800_p-20,interaction,800,20,0.0,3003,0,relative_bootstrap,1.0,4,0.0,1,"{""depth"": 5, ""leaf"": 5, ""scale"": 0.0, ""tau"": 0.0}",
family-interaction_mixture-0.0_n-800_p-20_seed-3003_perm-0,family-interaction_mixture-0.0_n-800_p-20,interaction,800,20,0.0,3003,0,weighted_bootstrap,1.0,4,0.0,1,"{""depth"": 5, ""leaf"": 5, ""scale"": 0.3, ""tau"": 0.0}",
family-interaction_mixture-0.0_n-800_p-20_seed-3003_perm-0,family-interaction_mixture-0.0_n-800_p-20,interaction,800,20,0.0,3003,0,relative_random_bootstrap,1.0,4,0.0,13,"{""depth"": 5, ""leaf"": 5, ""scale"": 0.0, ""tau"": 0.0}",
family-interaction_mixture-0.0_n-800_p-20_seed-3003_perm-1,family-interaction_mixture-0.0_n-800_p-20,interaction,800,20,0.0,3003,1,cart_strong,0.9035,74,0.1975,11,"{""alpha"": 0.0, ""depth"": null, ""leaf"": 1}",
family-interaction_mixture-0.0_n-800_p-20_seed-3003_perm-1,family-interaction_mixture-0.0_n-800_p-20,interaction,800,20,0.0,3003,1,aloof,0.8746,16,0.34375,11,"{""depth"": 5, ""leaf"": 5}",
family-interaction_mixture-0.0_n-800_p-20_seed-3003_perm-1,family-interaction_mixture-0.0_n-800_p-20,interaction,800,20,0.0,3003,1,lookahead,1.0,4,0.0,9,"{""depth"": 2, ""leaf"": 20}",
family-interaction_mixture-0.0_n-800_p-20_seed-3003_perm-1,family-interaction_mixture-0.0_n-800_p-20,interaction,800,20,0.0,3003,1,relative_bootstrap,1.0,4,0.0,9,"{""depth"": 5, ""leaf"": 5, ""scale"": 0.0, ""tau"": 0.0}",
family-interaction_mixture-0.0_n-800_p-20_seed-3003_perm-1,family-interaction_mixture-0.0_n-800_p-20,interaction,800,20,0.0,3003,1,weighted_bootstrap,1.0,4,0.0,9,"{""depth"": 5, ""leaf"": 5, ""scale"": 0.3, ""tau"": 0.0}",
family-interaction_mixture-0.0_n-800_p-20_seed-3003_perm-1,family-interaction_mixture-0.0_n-800_p-20,interaction,800,20,0.0,3003,1,relative_random_bootstrap,1.0,4,0.0,18,"{""depth"": 5, ""leaf"": 5, ""scale"": 0.0, ""tau"": 0.0}",
family-interaction_mixture-0.0_n-800_p-20_seed-3003_perm-2,family-interaction_mixture-0.0_n-800_p-20,interaction,800,20,0.0,3003,2,cart_strong,0.9004,74,0.1675,17,"{""alpha"": 0.0, ""depth"": null, ""leaf"": 1}",
family-interaction_mixture-0.0_n-800_p-20_seed-3003_perm-2,family-interaction_mixture-0.0_n-800_p-20,interaction,800,20,0.0,3003,2,aloof,0.8746,16,0.31375,17,"{""depth"": 5, ""leaf"": 5}",
family-interaction_mixture-0.0_n-800_p-20_seed-3003_perm-2,family-interaction_mixture-0.0_n-800_p-20,interaction,800,20,0.0,3003,2,lookahead,1.0,4,0.0,1,"{""depth"": 2, ""leaf"": 20}",
family-interaction_mixture-0.0_n-800_p-20_seed-3003_perm-2,family-interaction_mixture-0.0_n-800_p-20,interaction,800,20,0.0,3003,2,relative_bootstrap,1.0,4,0.0,1,"{""depth"": 5, ""leaf"": 5, ""scale"": 0.0, ""tau"": 0.0}",
family-interaction_mixture-0.0_n-800_p-20_seed-3003_perm-2,family-interaction_mixture-0.0_n-800_p-20,interaction,800,20,0.0,3003,2,weighted_bootstrap,1.0,4,0.0,1,"{""depth"": 5, ""leaf"": 5, ""scale"": 0.3, ""tau"": 0.0}",
family-interaction_mixture-0.0_n-800_p-20_seed-3003_perm-2,family-interaction_mixture-0.0_n-800_p-20,interaction,800,20,0.0,3003,2,relative_random_bootstrap,1.0,4,0.0,11,"{""depth"": 5, ""leaf"": 5, ""scale"": 0.0, ""tau"": 0.0}",
family-interaction_mixture-0.0_n-800_p-20_seed-3004_perm-0,family-interaction_mixture-0.0_n-800_p-20,interaction,800,20,0.0,3004,0,cart_strong,0.7336,212,0.3,7,"{""alpha"": 0.0, ""depth"": 10, ""leaf"": 1}",
family-interaction_mixture-0.0_n-800_p-20_seed-3004_perm-0,family-interaction_mixture-0.0_n-800_p-20,interaction,800,20,0.0,3004,0,aloof,0.4992,28,0.46625,7,"{""depth"": 5, ""leaf"": 5}",
family-interaction_mixture-0.0_n-800_p-20_seed-3004_perm-0,family-interaction_mixture-0.0_n-800_p-20,interaction,800,20,0.0,3004,0,lookahead,1.0,4,0.0,12,"{""depth"": 2, ""leaf"": 20}",
family-interaction_mixture-0.0_n-800_p-20_seed-3004_perm-0,family-interaction_mixture-0.0_n-800_p-20,interaction,800,20,0.0,3004,0,weighted_bootstrap,0.9689,20,0.0,4,"{""depth"": 5, ""leaf"": 20, ""scale"": 1.0, ""tau"": 0.0}",
family-interaction_mixture-0.0_n-800_p-20_seed-3004_perm-0,family-interaction_mixture-0.0_n-800_p-20,interaction,800,20,0.0,3004,0,relative_bootstrap,0.4914,32,0.0,12,"{""depth"": 5, ""leaf"": 5, ""scale"": 0.0, ""tau"": 0.0}",
family-interaction_mixture-0.0_n-800_p-20_seed-3004_perm-0,family-interaction_mixture-0.0_n-800_p-20,interaction,800,20,0.0,3004,0,relative_random_bootstrap,0.4944,32,0.0,12,"{""depth"": 5, ""leaf"": 5, ""scale"": 0.0, ""tau"": 0.0}",
family-interaction_mixture-0.0_n-800_p-20_seed-3004_perm-1,family-interaction_mixture-0.0_n-800_p-20,interaction,800,20,0.0,3004,1,cart_strong,0.7548,208,0.28125,15,"{""alpha"": 0.0, ""depth"": null, ""leaf"": 1}",
family-interaction_mixture-0.0_n-800_p-20_seed-3004_perm-1,family-interaction_mixture-0.0_n-800_p-20,interaction,800,20,0.0,3004,1,aloof,0.4992,28,0.48125,15,"{""depth"": 5, ""leaf"": 5}",
family-interaction_mixture-0.0_n-800_p-20_seed-3004_perm-1,family-interaction_mixture-0.0_n-800_p-20,interaction,800,20,0.0,3004,1,lookahead,1.0,4,0.0,13,"{""depth"": 2, ""leaf"": 20}",
family-interaction_mixture-0.0_n-800_p-20_seed-3004_perm-1,family-interaction_mixture-0.0_n-800_p-20,interaction,800,20,0.0,3004,1,weighted_bootstrap,0.9689,20,0.0,0,"{""depth"": 5, ""leaf"": 20, ""scale"": 1.0, ""tau"": 0.0}",
family-interaction_mixture-0.0_n-800_p-20_seed-3004_perm-1,family-interaction_mixture-0.0_n-800_p-20,interaction,800,20,0.0,3004,1,relative_bootstrap,0.4946,32,0.0,13,"{""depth"": 5, ""leaf"": 5, ""scale"": 0.0, ""tau"": 0.0}",
family-interaction_mixture-0.0_n-800_p-20_seed-3004_perm-1,family-interaction_mixture-0.0_n-800_p-20,interaction,800,20,0.0,3004,1,relative_random_bootstrap,0.4952,32,0.0,13,"{""depth"": 5, ""leaf"": 5, ""scale"": 0.0, ""tau"": 0.0}",
family-interaction_mixture-0.0_n-800_p-20_seed-3004_perm-2,family-interaction_mixture-0.0_n-800_p-20,interaction,800,20,0.0,3004,2,cart_strong,0.7396,212,0.305,9,"{""alpha"": 0.0, ""depth"": 10, ""leaf"": 1}",
family-interaction_mixture-0.0_n-800_p-20_seed-3004_perm-2,family-interaction_mixture-0.0_n-800_p-20,interaction,800,20,0.0,3004,2,aloof,0.4992,28,0.46625,9,"{""depth"": 5, ""leaf"": 5}",
family-interaction_mixture-0.0_n-800_p-20_seed-3004_perm-2,family-interaction_mixture-0.0_n-800_p-20,interaction,800,20,0.0,3004,2,lookahead,1.0,4,0.0,1,"{""depth"": 2, ""leaf"": 20}",
family-interaction_mixture-0.0_n-800_p-20_seed-3004_perm-2,family-interaction_mixture-0.0_n-800_p-20,interaction,800,20,0.0,3004,2,weighted_bootstrap,0.9689,20,0.0,10,"{""depth"": 5, ""leaf"": 20, ""scale"": 0.3, ""tau"": 0.0}",
family-interaction_mixture-0.0_n-800_p-20_seed-3004_perm-2,family-interaction_mixture-0.0_n-800_p-20,interaction,800,20,0.0,3004,2,relative_bootstrap,0.4914,32,0.0,1,"{""depth"": 5, ""leaf"": 5, ""scale"": 0.0, ""tau"": 0.0}",
family-interaction_mixture-0.0_n-800_p-20_seed-3004_perm-2,family-interaction_mixture-0.0_n-800_p-20,interaction,800,20,0.0,3004,2,relative_random_bootstrap,0.4941,32,0.0,1,"{""depth"": 5, ""leaf"": 5, ""scale"": 0.0, ""tau"": 0.0}",
family-interaction_mixture-0.0_n-800_p-20_seed-3005_perm-0,family-interaction_mixture-0.0_n-800_p-20,interaction,800,20,0.0,3005,0,cart_strong,1.0,4,0.0975,10,"{""alpha"": 0.005, ""depth"": 10, ""leaf"": 1}",
family-interaction_mixture-0.0_n-800_p-20_seed-3005_perm-0,family-interaction_mixture-0.0_n-800_p-20,interaction,800,20,0.0,3005,0,aloof,1.0,4,0.12625,10,"{""depth"": 5, ""leaf"": 5}",
family-interaction_mixture-0.0_n-800_p-20_seed-3005_perm-0,family-interaction_mixture-0.0_n-800_p-20,interaction,800,20,0.0,3005,0,lookahead,1.0,4,0.0,10,"{""depth"": 2, ""leaf"": 20}",
family-interaction_mixture-0.0_n-800_p-20_seed-3005_perm-0,family-interaction_mixture-0.0_n-800_p-20,interaction,800,20,0.0,3005,0,relative_bootstrap,1.0,4,0.0,10,"{""depth"": 5, ""leaf"": 20, ""scale"": 0.0, ""tau"": 0.0}",
family-interaction_mixture-0.0_n-800_p-20_seed-3005_perm-0,family-interaction_mixture-0.0_n-800_p-20,interaction,800,20,0.0,3005,0,weighted_bootstrap,1.0,4,0.0,10,"{""depth"": 5, ""leaf"": 20, ""scale"": 0.3, ""tau"": 0.0}",
family-interaction_mixture-0.0_n-800_p-20_seed-3005_perm-0,family-interaction_mixture-0.0_n-800_p-20,interaction,800,20,0.0,3005,0,relative_random_bootstrap,1.0,4,0.0,10,"{""depth"": 5, ""leaf"": 20, ""scale"": 0.0, ""tau"": 0.0}",
family-interaction_mixture-0.0_n-800_p-20_seed-3005_perm-1,family-interaction_mixture-0.0_n-800_p-20,interaction,800,20,0.0,3005,1,cart_strong,1.0,4,0.0975,8,"{""alpha"": 0.0, ""depth"": null, ""leaf"": 1}",
family-interaction_mixture-0.0_n-800_p-20_seed-3005_perm-1,family-interaction_mixture-0.0_n-800_p-20,interaction,800,20,0.0,3005,1,aloof,1.0,4,0.12625,8,"{""depth"": 5, ""leaf"": 5}",
family-interaction_mixture-0.0_n-800_p-20_seed-3005_perm-1,family-interaction_mixture-0.0_n-800_p-20,interaction,800,20,0.0,3005,1,lookahead,1.0,4,0.0,8,"{""depth"": 2, ""leaf"": 20}",
family-interaction_mixture-0.0_n-800_p-20_seed-3005_perm-1,family-interaction_mixture-0.0_n-800_p-20,interaction,800,20,0.0,3005,1,relative_bootstrap,1.0,4,0.0,8,"{""depth"": 5, ""leaf"": 20, ""scale"": 0.0, ""tau"": 0.0}",
family-interaction_mixture-0.0_n-800_p-20_seed-3005_perm-1,family-interaction_mixture-0.0_n-800_p-20,interaction,800,20,0.0,3005,1,weighted_bootstrap,1.0,4,0.0,8,"{""depth"": 5, ""leaf"": 20, ""scale"": 0.3, ""tau"": 0.0}",
family-interaction_mixture-0.0_n-800_p-20_seed-3005_perm-1,family-interaction_mixture-0.0_n-800_p-20,interaction,800,20,0.0,3005,1,relative_random_bootstrap,1.0,4,0.0,8,"{""depth"": 5, ""leaf"": 20, ""scale"": 0.0, ""tau"": 0.0}",
family-interaction_mixture-0.0_n-800_p-20_seed-3005_perm-2,family-interaction_mixture-0.0_n-800_p-20,interaction,800,20,0.0,3005,2,cart_strong,1.0,4,0.10375,19,"{""alpha"": 0.005, ""depth"": 10, ""leaf"": 5}",
family-interaction_mixture-0.0_n-800_p-20_seed-3005_perm-2,family-interaction_mixture-0.0_n-800_p-20,interaction,800,20,0.0,3005,2,aloof,1.0,4,0.12625,19,"{""depth"": 5, ""leaf"": 5}",
family-interaction_mixture-0.0_n-800_p-20_seed-3005_perm-2,family-interaction_mixture-0.0_n-800_p-20,interaction,800,20,0.0,3005,2,lookahead,1.0,4,0.0,19,"{""depth"": 2, ""leaf"": 20}",
family-interaction_mixture-0.0_n-800_p-20_seed-3005_perm-2,family-interaction_mixture-0.0_n-800_p-20,interaction,800,20,0.0,3005,2,relative_bootstrap,1.0,4,0.0,19,"{""depth"": 5, ""leaf"": 20, ""scale"": 0.0, ""tau"": 0.0}",
family-interaction_mixture-0.0_n-800_p-20_seed-3005_perm-2,family-interaction_mixture-0.0_n-800_p-20,interaction,800,20,0.0,3005,2,weighted_bootstrap,1.0,4,0.0,19,"{""depth"": 5, ""leaf"": 20, ""scale"": 0.3, ""tau"": 0.0}",
family-interaction_mixture-0.0_n-800_p-20_seed-3005_perm-2,family-interaction_mixture-0.0_n-800_p-20,interaction,800,20,0.0,3005,2,relative_random_bootstrap,1.0,4,0.0,19,"{""depth"": 5, ""leaf"": 20, ""scale"": 0.0, ""tau"": 0.0}",
family-interaction_mixture-0.0_n-800_p-20_seed-3006_perm-0,family-interaction_mixture-0.0_n-800_p-20,interaction,800,20,0.0,3006,0,cart_strong,0.7778,156,0.2075,9,"{""alpha"": 0.0, ""depth"": 10, ""leaf"": 1}",
family-interaction_mixture-0.0_n-800_p-20_seed-3006_perm-0,family-interaction_mixture-0.0_n-800_p-20,interaction,800,20,0.0,3006,0,aloof,0.5027,4,0.33375,9,"{""depth"": 2, ""leaf"": 20}",
family-interaction_mixture-0.0_n-800_p-20_seed-3006_perm-0,family-interaction_mixture-0.0_n-800_p-20,interaction,800,20,0.0,3006,0,lookahead,1.0,4,0.0,3,"{""depth"": 2, ""leaf"": 20}",
family-interaction_mixture-0.0_n-800_p-20_seed-3006_perm-0,family-interaction_mixture-0.0_n-800_p-20,interaction,800,20,0.0,3006,0,relative_bootstrap,1.0,4,0.0,3,"{""depth"": 5, ""leaf"": 20, ""scale"": 0.0, ""tau"": 0.0}",
family-interaction_mixture-0.0_n-800_p-20_seed-3006_perm-0,family-interaction_mixture-0.0_n-800_p-20,interaction,800,20,0.0,3006,0,weighted_bootstrap,1.0,4,0.0,17,"{""depth"": 5, ""leaf"": 20, ""scale"": 0.3, ""tau"": 0.0}",
family-interaction_mixture-0.0_n-800_p-20_seed-3006_perm-0,family-interaction_mixture-0.0_n-800_p-20,interaction,800,20,0.0,3006,0,relative_random_bootstrap,1.0,4,0.0,3,"{""depth"": 5, ""leaf"": 5, ""scale"": 0.0, ""tau"": 0.0}",
family-interaction_mixture-0.0_n-800_p-20_seed-3006_perm-1,family-interaction_mixture-0.0_n-800_p-20,interaction,800,20,0.0,3006,1,cart_strong,0.7608,160,0.2225,15,"{""alpha"": 0.0, ""depth"": 10, ""leaf"": 1}",
family-interaction_mixture-0.0_n-800_p-20_seed-3006_perm-1,family-interaction_mixture-0.0_n-800_p-20,interaction,800,20,0.0,3006,1,aloof,0.5027,4,0.33375,15,"{""depth"": 2, ""leaf"": 20}",
family-interaction_mixture-0.0_n-800_p-20_seed-3006_perm-1,family-interaction_mixture-0.0_n-800_p-20,interaction,800,20,0.0,3006,1,lookahead,1.0,4,0.0,2,"{""depth"": 2, ""leaf"": 20}",
family-interaction_mixture-0.0_n-800_p-20_seed-3006_perm-1,family-interaction_mixture-0.0_n-800_p-20,interaction,800,20,0.0,3006,1,relative_bootstrap,1.0,4,0.0,2,"{""depth"": 5, ""leaf"": 20, ""scale"": 0.0, ""tau"": 0.0}",
family-interaction_mixture-0.0_n-800_p-20_seed-3006_perm-1,family-interaction_mixture-0.0_n-800_p-20,interaction,800,20,0.0,3006,1,weighted_bootstrap,1.0,4,0.0,10,"{""depth"": 5, ""leaf"": 20, ""scale"": 0.3, ""tau"": 0.0}",
family-interaction_mixture-0.0_n-800_p-20_seed-3006_perm-1,family-interaction_mixture-0.0_n-800_p-20,interaction,800,20,0.0,3006,1,relative_random_bootstrap,1.0,4,0.0,2,"{""depth"": 5, ""leaf"": 5, ""scale"": 0.0, ""tau"": 0.0}",
family-interaction_mixture-0.0_n-800_p-20_seed-3006_perm-2,family-interaction_mixture-0.0_n-800_p-20,interaction,800,20,0.0,3006,2,cart_strong,0.7665,163,0.2325,8,"{""alpha"": 0.0, ""depth"": null, ""leaf"": 1}",
family-interaction_mixture-0.0_n-800_p-20_seed-3006_perm-2,family-interaction_mixture-0.0_n-800_p-20,interaction,800,20,0.0,3006,2,aloof,0.618,19,0.33,8,"{""depth"": 5, ""leaf"": 5}",
family-interaction_mixture-0.0_n-800_p-20_seed-3006_perm-2,family-interaction_mixture-0.0_n-800_p-20,interaction,800,20,0.0,3006,2,lookahead,1.0,4,0.0,2,"{""depth"": 2, ""leaf"": 20}",
family-interaction_mixture-0.0_n-800_p-20_seed-3006_perm-2,family-interaction_mixture-0.0_n-800_p-20,interaction,800,20,0.0,3006,2,relative_bootstrap,1.0,4,0.0,7,"{""depth"": 5, ""leaf"": 20, ""scale"": 0.0, ""tau"": 0.0}",
family-interaction_mixture-0.0_n-800_p-20_seed-3006_perm-2,family-interaction_mixture-0.0_n-800_p-20,interaction,800,20,0.0,3006,2,weighted_bootstrap,1.0,4,0.0,7,"{""depth"": 5, ""leaf"": 20, ""scale"": 0.3, ""tau"": 0.0}",
family-interaction_mixture-0.0_n-800_p-20_seed-3006_perm-2,family-interaction_mixture-0.0_n-800_p-20,interaction,800,20,0.0,3006,2,relative_random_bootstrap,1.0,4,0.0,2,"{""depth"": 5, ""leaf"": 5, ""scale"": 0.0, ""tau"": 0.0}",
family-interaction_mixture-0.0_n-800_p-20_seed-3007_perm-0,family-interaction_mixture-0.0_n-800_p-20,interaction,800,20,0.0,3007,0,cart_strong,0.8082,121,0.2775,4,"{""alpha"": 0.0, ""depth"": 10, ""leaf"": 1}",
family-interaction_mixture-0.0_n-800_p-20_seed-3007_perm-0,family-interaction_mixture-0.0_n-800_p-20,interaction,800,20,0.0,3007,0,aloof,0.6319,13,0.37375,4,"{""depth"": 5, ""leaf"": 5}",
family-interaction_mixture-0.0_n-800_p-20_seed-3007_perm-0,family-interaction_mixture-0.0_n-800_p-20,interaction,800,20,0.0,3007,0,lookahead,1.0,4,0.0,6,"{""depth"": 2, ""leaf"": 20}",
family-interaction_mixture-0.0_n-800_p-20_seed-3007_perm-0,family-interaction_mixture-0.0_n-800_p-20,interaction,800,20,0.0,3007,0,relative_bootstrap,1.0,4,0.0,6,"{""depth"": 5, ""leaf"": 20, ""scale"": 0.0, ""tau"": 0.0}",
family-interaction_mixture-0.0_n-800_p-20_seed-3007_perm-0,family-interaction_mixture-0.0_n-800_p-20,interaction,800,20,0.0,3007,0,weighted_bootstrap,1.0,4,0.0,6,"{""depth"": 5, ""leaf"": 20, ""scale"": 0.3, ""tau"": 0.0}",
family-interaction_mixture-0.0_n-800_p-20_seed-3007_perm-0,family-interaction_mixture-0.0_n-800_p-20,interaction,800,20,0.0,3007,0,relative_random_bootstrap,1.0,6,0.0,6,"{""depth"": 5, ""leaf"": 20, ""scale"": 0.0, ""tau"": 0.0}",
family-interaction_mixture-0.0_n-800_p-20_seed-3007_perm-1,family-interaction_mixture-0.0_n-800_p-20,interaction,800,20,0.0,3007,1,cart_strong,0.8057,123,0.2675,12,"{""alpha"": 0.0, ""depth"": 10, ""leaf"": 1}",
family-interaction_mixture-0.0_n-800_p-20_seed-3007_perm-1,family-interaction_mixture-0.0_n-800_p-20,interaction,800,20,0.0,3007,1,aloof,0.6319,13,0.37375,12,"{""depth"": 5, ""leaf"": 5}",
family-interaction_mixture-0.0_n-800_p-20_seed-3007_perm-1,family-interaction_mixture-0.0_n-800_p-20,interaction,800,20,0.0,3007,1,lookahead,1.0,4,0.0,14,"{""depth"": 2, ""leaf"": 20}",
family-interaction_mixture-0.0_n-800_p-20_seed-3007_perm-1,family-interaction_mixture-0.0_n-800_p-20,interaction,800,20,0.0,3007,1,relative_bootstrap,1.0,4,0.0,14,"{""depth"": 5, ""leaf"": 20, ""scale"": 0.0, ""tau"": 0.0}",
family-interaction_mixture-0.0_n-800_p-20_seed-3007_perm-1,family-interaction_mixture-0.0_n-800_p-20,interaction,800,20,0.0,3007,1,weighted_bootstrap,1.0,4,0.0,14,"{""depth"": 5, ""leaf"": 20, ""scale"": 0.3, ""tau"": 0.0}",
family-interaction_mixture-0.0_n-800_p-20_seed-3007_perm-1,family-interaction_mixture-0.0_n-800_p-20,interaction,800,20,0.0,3007,1,relative_random_bootstrap,1.0,6,0.0,14,"{""depth"": 5, ""leaf"": 20, ""scale"": 0.0, ""tau"": 0.0}",
family-interaction_mixture-0.0_n-800_p-20_seed-3007_perm-2,family-interaction_mixture-0.0_n-800_p-20,interaction,800,20,0.0,3007,2,cart_strong,0.807,126,0.2775,12,"{""alpha"": 0.0, ""depth"": null, ""leaf"": 1}",
family-interaction_mixture-0.0_n-800_p-20_seed-3007_perm-2,family-interaction_mixture-0.0_n-800_p-20,interaction,800,20,0.0,3007,2,aloof,0.6319,13,0.37375,12,"{""depth"": 5, ""leaf"": 5}",
family-interaction_mixture-0.0_n-800_p-20_seed-3007_perm-2,family-interaction_mixture-0.0_n-800_p-20,interaction,800,20,0.0,3007,2,lookahead,1.0,4,0.0,14,"{""depth"": 2, ""leaf"": 20}",
family-interaction_mixture-0.0_n-800_p-20_seed-3007_perm-2,family-interaction_mixture-0.0_n-800_p-20,interaction,800,20,0.0,3007,2,relative_bootstrap,1.0,16,0.0,14,"{""depth"": 5, ""leaf"": 20, ""scale"": 0.0, ""tau"": 0.0}",
family-interaction_mixture-0.0_n-800_p-20_seed-3007_perm-2,family-interaction_mixture-0.0_n-800_p-20,interaction,800,20,0.0,3007,2,weighted_bootstrap,1.0,4,0.0,14,"{""depth"": 5, ""leaf"": 20, ""scale"": 0.3, ""tau"": 0.0}",
family-interaction_mixture-0.0_n-800_p-20_seed-3007_perm-2,family-interaction_mixture-0.0_n-800_p-20,interaction,800,20,0.0,3007,2,relative_random_bootstrap,1.0,12,0.0,14,"{""depth"": 5, ""leaf"": 20, ""scale"": 0.0, ""tau"": 0.0}",
family-interaction_mixture-0.0_n-800_p-20_seed-3008_perm-0,family-interaction_mixture-0.0_n-800_p-20,interaction,800,20,0.0,3008,0,cart_strong,0.9015,71,0.24375,7,"{""alpha"": 0.0, ""depth"": null, ""leaf"": 1}",
family-interaction_mixture-0.0_n-800_p-20_seed-3008_perm-0,family-interaction_mixture-0.0_n-800_p-20,interaction,800,20,0.0,3008,0,aloof,0.8749,16,0.31125,7,"{""depth"": 5, ""leaf"": 5}",
family-interaction_mixture-0.0_n-800_p-20_seed-3008_perm-0,family-interaction_mixture-0.0_n-800_p-20,interaction,800,20,0.0,3008,0,lookahead,1.0,4,0.0,14,"{""depth"": 2, ""leaf"": 20}",
family-interaction_mixture-0.0_n-800_p-20_seed-3008_perm-0,family-interaction_mixture-0.0_n-800_p-20,interaction,800,20,0.0,3008,0,weighted_bootstrap,1.0,4,0.0,10,"{""depth"": 5, ""leaf"": 20, ""scale"": 0.3, ""tau"": 0.0}",
family-interaction_mixture-0.0_n-800_p-20_seed-3008_perm-0,family-interaction_mixture-0.0_n-800_p-20,interaction,800,20,0.0,3008,0,relative_bootstrap,1.0,8,0.16125,8,"{""depth"": 5, ""leaf"": 5, ""scale"": 0.0, ""tau"": 0.0}",
family-interaction_mixture-0.0_n-800_p-20_seed-3008_perm-0,family-interaction_mixture-0.0_n-800_p-20,interaction,800,20,0.0,3008,0,relative_random_bootstrap,1.0,6,0.09,10,"{""depth"": 5, ""leaf"": 5, ""scale"": 0.0, ""tau"": 0.0}",
family-interaction_mixture-0.0_n-800_p-20_seed-3008_perm-1,family-interaction_mixture-0.0_n-800_p-20,interaction,800,20,0.0,3008,1,cart_strong,0.8972,72,0.255,0,"{""alpha"": 0.0, ""depth"": null, ""leaf"": 1}",
family-interaction_mixture-0.0_n-800_p-20_seed-3008_perm-1,family-interaction_mixture-0.0_n-800_p-20,interaction,800,20,0.0,3008,1,aloof,0.8749,16,0.29,0,"{""depth"": 5, ""leaf"": 5}",
family-interaction_mixture-0.0_n-800_p-20_seed-3008_perm-1,family-interaction_mixture-0.0_n-800_p-20,interaction,800,20,0.0,3008,1,lookahead,1.0,4,0.0,7,"{""depth"": 2, ""leaf"": 20}",
family-interaction_mixture-0.0_n-800_p-20_seed-3008_perm-1,family-interaction_mixture-0.0_n-800_p-20,interaction,800,20,0.0,3008,1,weighted_bootstrap,1.0,4,0.0,8,"{""depth"": 5, ""leaf"": 20, ""scale"": 0.3, ""tau"": 0.0}",
family-interaction_mixture-0.0_n-800_p-20_seed-3008_perm-1,family-interaction_mixture-0.0_n-800_p-20,interaction,800,20,0.0,3008,1,relative_random_bootstrap,1.0,12,0.07,8,"{""depth"": 5, ""leaf"": 20, ""scale"": 0.0, ""tau"": 0.0}",
family-interaction_mixture-0.0_n-800_p-20_seed-3008_perm-1,family-interaction_mixture-0.0_n-800_p-20,interaction,800,20,0.0,3008,1,relative_bootstrap,1.0,4,0.15125,7,"{""depth"": 5, ""leaf"": 5, ""scale"": 0.0, ""tau"": 0.0}",
family-interaction_mixture-0.0_n-800_p-20_seed-3008_perm-2,family-interaction_mixture-0.0_n-800_p-20,interaction,800,20,0.0,3008,2,cart_strong,0.9031,66,0.26375,10,"{""alpha"": 0.0, ""depth"": 10, ""leaf"": 1}",
family-interaction_mixture-0.0_n-800_p-20_seed-3008_perm-2,family-interaction_mixture-0.0_n-800_p-20,interaction,800,20,0.0,3008,2,aloof,0.8749,16,0.31375,10,"{""depth"": 5, ""leaf"": 5}",
family-interaction_mixture-0.0_n-800_p-20_seed-3008_perm-2,family-interaction_mixture-0.0_n-800_p-20,interaction,800,20,0.0,3008,2,lookahead,1.0,4,0.0,15,"{""depth"": 2, ""leaf"": 20}",
family-interaction_mixture-0.0_n-800_p-20_seed-3008_perm-2,family-interaction_mixture-0.0_n-800_p-20,interaction,800,20,0.0,3008,2,weighted_bootstrap,1.0,4,0.0,14,"{""depth"": 5, ""leaf"": 20, ""scale"": 0.3, ""tau"": 0.0}",
family-interaction_mixture-0.0_n-800_p-20_seed-3008_perm-2,family-interaction_mixture-0.0_n-800_p-20,interaction,800,20,0.0,3008,2,relative_bootstrap,1.0,8,0.0,3,"{""depth"": 5, ""leaf"": 5, ""scale"": 0.0, ""tau"": 0.0}",
family-interaction_mixture-0.0_n-800_p-20_seed-3008_perm-2,family-interaction_mixture-0.0_n-800_p-20,interaction,800,20,0.0,3008,2,relative_random_bootstrap,1.0,6,0.0,14,"{""depth"": 5, ""leaf"": 5, ""scale"": 0.0, ""tau"": 0.0}",
family-interaction_mixture-0.0_n-800_p-20_seed-3009_perm-0,family-interaction_mixture-0.0_n-800_p-20,interaction,800,20,0.0,3009,0,cart_strong,0.6309,236,0.25,4,"{""alpha"": 0.0, ""depth"": 10, ""leaf"": 1}",
family-interaction_mixture-0.0_n-800_p-20_seed-3009_perm-0,family-interaction_mixture-0.0_n-800_p-20,interaction,800,20,0.0,3009,0,aloof,0.4979,1,0.33875,-1,"{""depth"": 5, ""leaf"": 5}",
family-interaction_mixture-0.0_n-800_p-20_seed-3009_perm-0,family-interaction_mixture-0.0_n-800_p-20,interaction,800,20,0.0,3009,0,lookahead,1.0,4,0.0,18,"{""depth"": 2, ""leaf"": 20}",
family-interaction_mixture-0.0_n-800_p-20_seed-3009_perm-0,family-interaction_mixture-0.0_n-800_p-20,interaction,800,20,0.0,3009,0,relative_bootstrap,1.0,4,0.0,1,"{""depth"": 5, ""leaf"": 5, ""scale"": 0.0, ""tau"": 0.0}",
family-interaction_mixture-0.0_n-800_p-20_seed-3009_perm-0,family-interaction_mixture-0.0_n-800_p-20,interaction,800,20,0.0,3009,0,weighted_bootstrap,1.0,4,0.0,1,"{""depth"": 5, ""leaf"": 5, ""scale"": 0.3, ""tau"": 0.0}",
family-interaction_mixture-0.0_n-800_p-20_seed-3009_perm-0,family-interaction_mixture-0.0_n-800_p-20,interaction,800,20,0.0,3009,0,relative_random_bootstrap,1.0,4,0.0875,18,"{""depth"": 5, ""leaf"": 5, ""scale"": 0.0, ""tau"": 0.0}",
family-interaction_mixture-0.0_n-800_p-20_seed-3009_perm-1,family-interaction_mixture-0.0_n-800_p-20,interaction,800,20,0.0,3009,1,cart_strong,0.6587,229,0.25375,11,"{""alpha"": 0.0, ""depth"": null, ""leaf"": 1}",
family-interaction_mixture-0.0_n-800_p-20_seed-3009_perm-1,family-interaction_mixture-0.0_n-800_p-20,interaction,800,20,0.0,3009,1,aloof,0.4979,1,0.33875,-1,"{""depth"": 5, ""leaf"": 5}",
family-interaction_mixture-0.0_n-800_p-20_seed-3009_perm-1,family-interaction_mixture-0.0_n-800_p-20,interaction,800,20,0.0,3009,1,lookahead,1.0,4,0.0,13,"{""depth"": 2, ""leaf"": 20}",
family-interaction_mixture-0.0_n-800_p-20_seed-3009_perm-1,family-interaction_mixture-0.0_n-800_p-20,interaction,800,20,0.0,3009,1,relative_bootstrap,1.0,4,0.0,0,"{""depth"": 5, ""leaf"": 5, ""scale"": 0.0, ""tau"": 0.0}",
family-interaction_mixture-0.0_n-800_p-20_seed-3009_perm-1,family-interaction_mixture-0.0_n-800_p-20,interaction,800,20,0.0,3009,1,weighted_bootstrap,1.0,4,0.0,0,"{""depth"": 5, ""leaf"": 5, ""scale"": 0.3, ""tau"": 0.0}",
family-interaction_mixture-0.0_n-800_p-20_seed-3009_perm-1,family-interaction_mixture-0.0_n-800_p-20,interaction,800,20,0.0,3009,1,relative_random_bootstrap,1.0,4,0.07875,13,"{""depth"": 5, ""leaf"": 5, ""scale"": 0.0, ""tau"": 0.0}",
family-interaction_mixture-0.0_n-800_p-20_seed-3009_perm-2,family-interaction_mixture-0.0_n-800_p-20,interaction,800,20,0.0,3009,2,cart_strong,0.6486,235,0.255,13,"{""alpha"": 0.0, ""depth"": null, ""leaf"": 1}",
family-interaction_mixture-0.0_n-800_p-20_seed-3009_perm-2,family-interaction_mixture-0.0_n-800_p-20,interaction,800,20,0.0,3009,2,aloof,0.4979,1,0.34125,-1,"{""depth"": 5, ""leaf"": 5}",
family-interaction_mixture-0.0_n-800_p-20_seed-3009_perm-2,family-interaction_mixture-0.0_n-800_p-20,interaction,800,20,0.0,3009,2,lookahead,1.0,4,0.0,19,"{""depth"": 2, ""leaf"": 20}",
family-interaction_mixture-0.0_n-800_p-20_seed-3009_perm-2,family-interaction_mixture-0.0_n-800_p-20,interaction,800,20,0.0,3009,2,relative_bootstrap,1.0,4,0.15875,18,"{""depth"": 5, ""leaf"": 5, ""scale"": 0.0, ""tau"": 0.0}",
family-interaction_mixture-0.0_n-800_p-20_seed-3009_perm-2,family-interaction_mixture-0.0_n-800_p-20,interaction,800,20,0.0,3009,2,weighted_bootstrap,1.0,4,0.0,18,"{""depth"": 5, ""leaf"": 5, ""scale"": 0.3, ""tau"": 0.0}",
family-interaction_mixture-0.0_n-800_p-20_seed-3009_perm-2,family-interaction_mixture-0.0_n-800_p-20,interaction,800,20,0.0,3009,2,relative_random_bootstrap,1.0,4,0.0425,19,"{""depth"": 5, ""leaf"": 5, ""scale"": 0.0, ""tau"": 0.0}",
family-interaction_mixture-0.0_n-800_p-20_seed-3010_perm-0,family-interaction_mixture-0.0_n-800_p-20,interaction,800,20,0.0,3010,0,cart_strong,0.8693,96,0.18875,12,"{""alpha"": 0.001, ""depth"": 10, ""leaf"": 1}",
family-interaction_mixture-0.0_n-800_p-20_seed-3010_perm-0,family-interaction_mixture-0.0_n-800_p-20,interaction,800,20,0.0,3010,0,aloof,0.7565,5,0.21625,12,"{""depth"": 5, ""leaf"": 5}",
family-interaction_mixture-0.0_n-800_p-20_seed-3010_perm-0,family-interaction_mixture-0.0_n-800_p-20,interaction,800,20,0.0,3010,0,lookahead,1.0,4,0.0,4,"{""depth"": 2, ""leaf"": 20}",
family-interaction_mixture-0.0_n-800_p-20_seed-3010_perm-0,family-interaction_mixture-0.0_n-800_p-20,interaction,800,20,0.0,3010,0,relative_bootstrap,1.0,4,0.16375,9,"{""depth"": 5, ""leaf"": 5, ""scale"": 0.0, ""tau"": 0.0}",
family-interaction_mixture-0.0_n-800_p-20_seed-3010_perm-0,family-interaction_mixture-0.0_n-800_p-20,interaction,800,20,0.0,3010,0,weighted_bootstrap,1.0,4,0.0525,9,"{""depth"": 5, ""leaf"": 5, ""scale"": 0.6, ""tau"": 0.0}",
family-interaction_mixture-0.0_n-800_p-20_seed-3010_perm-0,family-interaction_mixture-0.0_n-800_p-20,interaction,800,20,0.0,3010,0,relative_random_bootstrap,1.0,4,0.16375,9,"{""depth"": 5, ""leaf"": 5, ""scale"": 0.0, ""tau"": 0.0}",
family-interaction_mixture-0.0_n-800_p-20_seed-3010_perm-1,family-interaction_mixture-0.0_n-800_p-20,interaction,800,20,0.0,3010,1,cart_strong,0.8701,99,0.19125,3,"{""alpha"": 0.001, ""depth"": 10, ""leaf"": 1}",
family-interaction_mixture-0.0_n-800_p-20_seed-3010_perm-1,family-interaction_mixture-0.0_n-800_p-20,interaction,800,20,0.0,3010,1,aloof,0.7565,5,0.21625,3,"{""depth"": 5, ""leaf"": 5}",
family-interaction_mixture-0.0_n-800_p-20_seed-3010_perm-1,family-interaction_mixture-0.0_n-800_p-20,interaction,800,20,0.0,3010,1,lookahead,1.0,4,0.0,0,"{""depth"": 2, ""leaf"": 20}",
family-interaction_mixture-0.0_n-800_p-20_seed-3010_perm-1,family-interaction_mixture-0.0_n-800_p-20,interaction,800,20,0.0,3010,1,relative_bootstrap,1.0,4,0.16375,0,"{""depth"": 5, ""leaf"": 5, ""scale"": 0.0, ""tau"": 0.0}",
family-interaction_mixture-0.0_n-800_p-20_seed-3010_perm-1,family-interaction_mixture-0.0_n-800_p-20,interaction,800,20,0.0,3010,1,weighted_bootstrap,1.0,4,0.0525,0,"{""depth"": 5, ""leaf"": 5, ""scale"": 0.6, ""tau"": 0.0}",
family-interaction_mixture-0.0_n-800_p-20_seed-3010_perm-1,family-interaction_mixture-0.0_n-800_p-20,interaction,800,20,0.0,3010,1,relative_random_bootstrap,1.0,4,0.16375,0,"{""depth"": 5, ""leaf"": 5, ""scale"": 0.0, ""tau"": 0.0}",
family-interaction_mixture-0.0_n-800_p-20_seed-3010_perm-2,family-interaction_mixture-0.0_n-800_p-20,interaction,800,20,0.0,3010,2,cart_strong,0.8653,96,0.185,14,"{""alpha"": 0.001, ""depth"": 10, ""leaf"": 1}",
family-interaction_mixture-0.0_n-800_p-20_seed-3010_perm-2,family-interaction_mixture-0.0_n-800_p-20,interaction,800,20,0.0,3010,2,aloof,0.7565,5,0.21625,14,"{""depth"": 5, ""leaf"": 5}",
family-interaction_mixture-0.0_n-800_p-20_seed-3010_perm-2,family-interaction_mixture-0.0_n-800_p-20,interaction,800,20,0.0,3010,2,lookahead,1.0,4,0.0,2,"{""depth"": 2, ""leaf"": 20}",
family-interaction_mixture-0.0_n-800_p-20_seed-3010_perm-2,family-interaction_mixture-0.0_n-800_p-20,interaction,800,20,0.0,3010,2,relative_bootstrap,1.0,4,0.1625,2,"{""depth"": 5, ""leaf"": 20, ""scale"": 0.0, ""tau"": 0.0}",
family-interaction_mixture-0.0_n-800_p-20_seed-3010_perm-2,family-interaction_mixture-0.0_n-800_p-20,interaction,800,20,0.0,3010,2,weighted_bootstrap,1.0,4,0.0525,2,"{""depth"": 5, ""leaf"": 5, ""scale"": 0.6, ""tau"": 0.0}",
family-interaction_mixture-0.0_n-800_p-20_seed-3010_perm-2,family-interaction_mixture-0.0_n-800_p-20,interaction,800,20,0.0,3010,2,relative_random_bootstrap,1.0,4,0.16375,2,"{""depth"": 5, ""leaf"": 5, ""scale"": 0.0, ""tau"": 0.0}",
family-interaction_mixture-0.0_n-800_p-20_seed-3011_perm-0,family-interaction_mixture-0.0_n-800_p-20,interaction,800,20,0.0,3011,0,cart_strong,0.9535,45,0.2175,12,"{""alpha"": 0.0, ""depth"": 10, ""leaf"": 1}",
family-interaction_mixture-0.0_n-800_p-20_seed-3011_perm-0,family-interaction_mixture-0.0_n-800_p-20,interaction,800,20,0.0,3011,0,aloof,0.8792,16,0.29125,12,"{""depth"": 5, ""leaf"": 5}",
family-interaction_mixture-0.0_n-800_p-20_seed-3011_perm-0,family-interaction_mixture-0.0_n-800_p-20,interaction,800,20,0.0,3011,0,lookahead,1.0,4,0.0,3,"{""depth"": 2, ""leaf"": 20}",
family-interaction_mixture-0.0_n-800_p-20_seed-3011_perm-0,family-interaction_mixture-0.0_n-800_p-20,interaction,800,20,0.0,3011,0,weighted_bootstrap,1.0,4,0.0,6,"{""depth"": 2, ""leaf"": 20, ""scale"": 1.0, ""tau"": 0.0}",
family-interaction_mixture-0.0_n-800_p-20_seed-3011_perm-0,family-interaction_mixture-0.0_n-800_p-20,interaction,800,20,0.0,3011,0,relative_bootstrap,1.0,4,0.0,3,"{""depth"": 5, ""leaf"": 20, ""scale"": 0.0, ""tau"": 0.0}",
family-interaction_mixture-0.0_n-800_p-20_seed-3011_perm-0,family-interaction_mixture-0.0_n-800_p-20,interaction,800,20,0.0,3011,0,relative_random_bootstrap,1.0,4,0.0,3,"{""depth"": 5, ""leaf"": 20, ""scale"": 0.0, ""tau"": 0.0}",
family-interaction_mixture-0.0_n-800_p-20_seed-3011_perm-1,family-interaction_mixture-0.0_n-800_p-20,interaction,800,20,0.0,3011,1,cart_strong,0.9553,45,0.205,16,"{""alpha"": 0.0, ""depth"": 10, ""leaf"": 1}",
family-interaction_mixture-0.0_n-800_p-20_seed-3011_perm-1,family-interaction_mixture-0.0_n-800_p-20,interaction,800,20,0.0,3011,1,aloof,0.8792,16,0.27,16,"{""depth"": 5, ""leaf"": 5}",
family-interaction_mixture-0.0_n-800_p-20_seed-3011_perm-1,family-interaction_mixture-0.0_n-800_p-20,interaction,800,20,0.0,3011,1,lookahead,1.0,4,0.0,19,"{""depth"": 2, ""leaf"": 20}",
family-interaction_mixture-0.0_n-800_p-20_seed-3011_perm-1,family-interaction_mixture-0.0_n-800_p-20,interaction,800,20,0.0,3011,1,weighted_bootstrap,1.0,4,0.0,0,"{""depth"": 2, ""leaf"": 20, ""scale"": 1.0, ""tau"": 0.0}",
family-interaction_mixture-0.0_n-800_p-20_seed-3011_perm-1,family-interaction_mixture-0.0_n-800_p-20,interaction,800,20,0.0,3011,1,relative_bootstrap,1.0,4,0.0,0,"{""depth"": 5, ""leaf"": 20, ""scale"": 0.0, ""tau"": 0.0}",
family-interaction_mixture-0.0_n-800_p-20_seed-3011_perm-1,family-interaction_mixture-0.0_n-800_p-20,interaction,800,20,0.0,3011,1,relative_random_bootstrap,1.0,4,0.0,0,"{""depth"": 5, ""leaf"": 20, ""scale"": 0.0, ""tau"": 0.0}",
family-interaction_mixture-0.0_n-800_p-20_seed-3011_perm-2,family-interaction_mixture-0.0_n-800_p-20,interaction,800,20,0.0,3011,2,cart_strong,0.9533,45,0.21125,5,"{""alpha"": 0.0, ""depth"": 10, ""leaf"": 1}",
family-interaction_mixture-0.0_n-800_p-20_seed-3011_perm-2,family-interaction_mixture-0.0_n-800_p-20,interaction,800,20,0.0,3011,2,aloof,0.8792,16,0.2725,5,"{""depth"": 5, ""leaf"": 5}",
family-interaction_mixture-0.0_n-800_p-20_seed-3011_perm-2,family-interaction_mixture-0.0_n-800_p-20,interaction,800,20,0.0,3011,2,lookahead,1.0,4,0.0,15,"{""depth"": 2, ""leaf"": 20}",
family-interaction_mixture-0.0_n-800_p-20_seed-3011_perm-2,family-interaction_mixture-0.0_n-800_p-20,interaction,800,20,0.0,3011,2,weighted_bootstrap,1.0,4,0.0,0,"{""depth"": 2, ""leaf"": 20, ""scale"": 1.0, ""tau"": 0.0}",
family-interaction_mixture-0.0_n-800_p-20_seed-3011_perm-2,family-interaction_mixture-0.0_n-800_p-20,interaction,800,20,0.0,3011,2,relative_bootstrap,1.0,4,0.0,0,"{""depth"": 5, ""leaf"": 20, ""scale"": 0.0, ""tau"": 0.0}",
family-interaction_mixture-0.0_n-800_p-20_seed-3011_perm-2,family-interaction_mixture-0.0_n-800_p-20,interaction,800,20,0.0,3011,2,relative_random_bootstrap,1.0,4,0.0,0,"{""depth"": 5, ""leaf"": 20, ""scale"": 0.0, ""tau"": 0.0}",
family-interaction_mixture-0.0_n-800_p-20_seed-3012_perm-0,family-interaction_mixture-0.0_n-800_p-20,interaction,800,20,0.0,3012,0,cart_strong,0.6113,241,0.29125,13,"{""alpha"": 0.0, ""depth"": 10, ""leaf"": 1}",
family-interaction_mixture-0.0_n-800_p-20_seed-3012_perm-0,family-interaction_mixture-0.0_n-800_p-20,interaction,800,20,0.0,3012,0,aloof,0.5051,32,0.3675,13,"{""depth"": 5, ""leaf"": 5}",
family-interaction_mixture-0.0_n-800_p-20_seed-3012_perm-0,family-interaction_mixture-0.0_n-800_p-20,interaction,800,20,0.0,3012,0,lookahead,1.0,4,0.0,1,"{""depth"": 2, ""leaf"": 20}",
family-interaction_mixture-0.0_n-800_p-20_seed-3012_perm-0,family-interaction_mixture-0.0_n-800_p-20,interaction,800,20,0.0,3012,0,relative_bootstrap,1.0,16,0.15375,1,"{""depth"": 5, ""leaf"": 20, ""scale"": 0.0, ""tau"": 0.0}",
family-interaction_mixture-0.0_n-800_p-20_seed-3012_perm-0,family-interaction_mixture-0.0_n-800_p-20,interaction,800,20,0.0,3012,0,relative_random_bootstrap,0.9699,22,0.40625,1,"{""depth"": 5, ""leaf"": 20, ""scale"": 0.0, ""tau"": 0.0}",
family-interaction_mixture-0.0_n-800_p-20_seed-3012_perm-0,family-interaction_mixture-0.0_n-800_p-20,interaction,800,20,0.0,3012,0,weighted_bootstrap,1.0,4,0.0625,12,"{""depth"": 5, ""leaf"": 5, ""scale"": 0.6, ""tau"": 0.0}",
family-interaction_mixture-0.0_n-800_p-20_seed-3012_perm-1,family-interaction_mixture-0.0_n-800_p-20,interaction,800,20,0.0,3012,1,cart_strong,0.619,243,0.29625,9,"{""alpha"": 0.0, ""depth"": null, ""leaf"": 1}",
family-interaction_mixture-0.0_n-800_p-20_seed-3012_perm-1,family-interaction_mixture-0.0_n-800_p-20,interaction,800,20,0.0,3012,1,aloof,0.5051,32,0.3675,9,"{""depth"": 5, ""leaf"": 5}",
family-interaction_mixture-0.0_n-800_p-20_seed-3012_perm-1,family-interaction_mixture-0.0_n-800_p-20,interaction,800,20,0.0,3012,1,lookahead,1.0,4,0.0,4,"{""depth"": 2, ""leaf"": 20}",
family-interaction_mixture-0.0_n-800_p-20_seed-3012_perm-1,family-interaction_mixture-0.0_n-800_p-20,interaction,800,20,0.0,3012,1,relative_bootstrap,0.5311,32,0.32375,4,"{""depth"": 5, ""leaf"": 20, ""scale"": 0.0, ""tau"": 0.0}",
family-interaction_mixture-0.0_n-800_p-20_seed-3012_perm-1,family-interaction_mixture-0.0_n-800_p-20,interaction,800,20,0.0,3012,1,weighted_bootstrap,1.0,4,0.0625,17,"{""depth"": 5, ""leaf"": 5, ""scale"": 0.6, ""tau"": 0.0}",
family-interaction_mixture-0.0_n-800_p-20_seed-3012_perm-1,family-interaction_mixture-0.0_n-800_p-20,interaction,800,20,0.0,3012,1,relative_random_bootstrap,1.0,4,0.41375,17,"{""depth"": 5, ""leaf"": 5, ""scale"": 0.0, ""tau"": 0.0}",
family-interaction_mixture-0.0_n-800_p-20_seed-3012_perm-2,family-interaction_mixture-0.0_n-800_p-20,interaction,800,20,0.0,3012,2,cart_strong,0.62,244,0.2975,4,"{""alpha"": 0.0, ""depth"": null, ""leaf"": 1}",
family-interaction_mixture-0.0_n-800_p-20_seed-3012_perm-2,family-interaction_mixture-0.0_n-800_p-20,interaction,800,20,0.0,3012,2,aloof,0.5051,32,0.365,4,"{""depth"": 5, ""leaf"": 5}",
family-interaction_mixture-0.0_n-800_p-20_seed-3012_perm-2,family-interaction_mixture-0.0_n-800_p-20,interaction,800,20,0.0,3012,2,lookahead,1.0,4,0.0,10,"{""depth"": 2, ""leaf"": 20}",
family-interaction_mixture-0.0_n-800_p-20_seed-3012_perm-2,family-interaction_mixture-0.0_n-800_p-20,interaction,800,20,0.0,3012,2,relative_bootstrap,0.503,4,0.49375,12,"{""depth"": 2, ""leaf"": 20, ""scale"": 0.0, ""tau"": 0.0}",
family-interaction_mixture-0.0_n-800_p-20_seed-3012_perm-2,family-interaction_mixture-0.0_n-800_p-20,interaction,800,20,0.0,3012,2,weighted_bootstrap,1.0,4,0.0625,17,"{""depth"": 5, ""leaf"": 5, ""scale"": 0.6, ""tau"": 0.0}",
family-interaction_mixture-0.0_n-800_p-20_seed-3012_perm-2,family-interaction_mixture-0.0_n-800_p-20,interaction,800,20,0.0,3012,2,relative_random_bootstrap,1.0,4,0.45375,17,"{""depth"": 5, ""leaf"": 5, ""scale"": 0.0, ""tau"": 0.0}",
family-interaction_mixture-0.0_n-800_p-20_seed-3013_perm-0,family-interaction_mixture-0.0_n-800_p-20,interaction,800,20,0.0,3013,0,cart_strong,0.8214,128,0.19,7,"{""alpha"": 0.0, ""depth"": 10, ""leaf"": 1}",
family-interaction_mixture-0.0_n-800_p-20_seed-3013_perm-0,family-interaction_mixture-0.0_n-800_p-20,interaction,800,20,0.0,3013,0,aloof,0.6862,20,0.365,7,"{""depth"": 5, ""leaf"": 5}",
family-interaction_mixture-0.0_n-800_p-20_seed-3013_perm-0,family-interaction_mixture-0.0_n-800_p-20,interaction,800,20,0.0,3013,0,lookahead,1.0,4,0.0,8,"{""depth"": 2, ""leaf"": 20}",
family-interaction_mixture-0.0_n-800_p-20_seed-3013_perm-0,family-interaction_mixture-0.0_n-800_p-20,interaction,800,20,0.0,3013,0,relative_bootstrap,1.0,4,0.0,8,"{""depth"": 5, ""leaf"": 20, ""scale"": 0.0, ""tau"": 0.0}",
family-interaction_mixture-0.0_n-800_p-20_seed-3013_perm-0,family-interaction_mixture-0.0_n-800_p-20,interaction,800,20,0.0,3013,0,weighted_bootstrap,1.0,4,0.0,8,"{""depth"": 5, ""leaf"": 20, ""scale"": 0.3, ""tau"": 0.0}",
family-interaction_mixture-0.0_n-800_p-20_seed-3013_perm-0,family-interaction_mixture-0.0_n-800_p-20,interaction,800,20,0.0,3013,0,relative_random_bootstrap,1.0,4,0.0,8,"{""depth"": 5, ""leaf"": 20, ""scale"": 0.0, ""tau"": 0.0}",
family-interaction_mixture-0.0_n-800_p-20_seed-3013_perm-1,family-interaction_mixture-0.0_n-800_p-20,interaction,800,20,0.0,3013,1,cart_strong,0.8231,131,0.18625,17,"{""alpha"": 0.0, ""depth"": 10, ""leaf"": 1}",
family-interaction_mixture-0.0_n-800_p-20_seed-3013_perm-1,family-interaction_mixture-0.0_n-800_p-20,interaction,800,20,0.0,3013,1,aloof,0.6862,20,0.365,17,"{""depth"": 5, ""leaf"": 5}",
family-interaction_mixture-0.0_n-800_p-20_seed-3013_perm-1,family-interaction_mixture-0.0_n-800_p-20,interaction,800,20,0.0,3013,1,lookahead,1.0,4,0.0,13,"{""depth"": 2, ""leaf"": 20}",
family-interaction_mixture-0.0_n-800_p-20_seed-3013_perm-1,family-interaction_mixture-0.0_n-800_p-20,interaction,800,20,0.0,3013,1,relative_bootstrap,1.0,4,0.0,7,"{""depth"": 5, ""leaf"": 20, ""scale"": 0.0, ""tau"": 0.0}",
family-interaction_mixture-0.0_n-800_p-20_seed-3013_perm-1,family-interaction_mixture-0.0_n-800_p-20,interaction,800,20,0.0,3013,1,weighted_bootstrap,1.0,4,0.0,7,"{""depth"": 5, ""leaf"": 20, ""scale"": 0.3, ""tau"": 0.0}",
family-interaction_mixture-0.0_n-800_p-20_seed-3013_perm-1,family-interaction_mixture-0.0_n-800_p-20,interaction,800,20,0.0,3013,1,relative_random_bootstrap,1.0,4,0.0,7,"{""depth"": 5, ""leaf"": 20, ""scale"": 0.0, ""tau"": 0.0}",
family-interaction_mixture-0.0_n-800_p-20_seed-3013_perm-2,family-interaction_mixture-0.0_n-800_p-20,interaction,800,20,0.0,3013,2,cart_strong,0.8265,131,0.19375,0,"{""alpha"": 0.0, ""depth"": null, ""leaf"": 1}",
family-interaction_mixture-0.0_n-800_p-20_seed-3013_perm-2,family-interaction_mixture-0.0_n-800_p-20,interaction,800,20,0.0,3013,2,aloof,0.6862,20,0.365,0,"{""depth"": 5, ""leaf"": 5}",
family-interaction_mixture-0.0_n-800_p-20_seed-3013_perm-2,family-interaction_mixture-0.0_n-800_p-20,interaction,800,20,0.0,3013,2,lookahead,1.0,4,0.0,14,"{""depth"": 2, ""leaf"": 20}",
family-interaction_mixture-0.0_n-800_p-20_seed-3013_perm-2,family-interaction_mixture-0.0_n-800_p-20,interaction,800,20,0.0,3013,2,relative_bootstrap,1.0,4,0.0,14,"{""depth"": 5, ""leaf"": 20, ""scale"": 0.0, ""tau"": 0.0}",
family-interaction_mixture-0.0_n-800_p-20_seed-3013_perm-2,family-interaction_mixture-0.0_n-800_p-20,interaction,800,20,0.0,3013,2,weighted_bootstrap,1.0,4,0.0,14,"{""depth"": 5, ""leaf"": 20, ""scale"": 0.3, ""tau"": 0.0}",
family-interaction_mixture-0.0_n-800_p-20_seed-3013_perm-2,family-interaction_mixture-0.0_n-800_p-20,interaction,800,20,0.0,3013,2,relative_random_bootstrap,1.0,4,0.0,14,"{""depth"": 5, ""leaf"": 20, ""scale"": 0.0, ""tau"": 0.0}",
family-interaction_mixture-0.0_n-800_p-20_seed-3014_perm-0,family-interaction_mixture-0.0_n-800_p-20,interaction,800,20,0.0,3014,0,cart_strong,0.7493,173,0.36375,8,"{""alpha"": 0.0, ""depth"": 10, ""leaf"": 1}",
family-interaction_mixture-0.0_n-800_p-20_seed-3014_perm-0,family-interaction_mixture-0.0_n-800_p-20,interaction,800,20,0.0,3014,0,aloof,0.6234,24,0.44625,8,"{""depth"": 5, ""leaf"": 5}",
family-interaction_mixture-0.0_n-800_p-20_seed-3014_perm-0,family-interaction_mixture-0.0_n-800_p-20,interaction,800,20,0.0,3014,0,lookahead,1.0,4,0.0,0,"{""depth"": 2, ""leaf"": 20}",
family-interaction_mixture-0.0_n-800_p-20_seed-3014_perm-0,family-interaction_mixture-0.0_n-800_p-20,interaction,800,20,0.0,3014,0,relative_bootstrap,1.0,4,0.175,0,"{""depth"": 5, ""leaf"": 5, ""scale"": 0.0, ""tau"": 0.0}",
family-interaction_mixture-0.0_n-800_p-20_seed-3014_perm-0,family-interaction_mixture-0.0_n-800_p-20,interaction,800,20,0.0,3014,0,weighted_bootstrap,1.0,4,0.1325,5,"{""depth"": 5, ""leaf"": 5, ""scale"": 0.6, ""tau"": 0.0}",
family-interaction_mixture-0.0_n-800_p-20_seed-3014_perm-0,family-interaction_mixture-0.0_n-800_p-20,interaction,800,20,0.0,3014,0,relative_random_bootstrap,1.0,4,0.15875,0,"{""depth"": 5, ""leaf"": 5, ""scale"": 0.0, ""tau"": 0.0}",
family-interaction_mixture-0.0_n-800_p-20_seed-3014_perm-1,family-interaction_mixture-0.0_n-800_p-20,interaction,800,20,0.0,3014,1,cart_strong,0.7573,165,0.355,14,"{""alpha"": 0.0, ""depth"": null, ""leaf"": 1}",
family-interaction_mixture-0.0_n-800_p-20_seed-3014_perm-1,family-interaction_mixture-0.0_n-800_p-20,interaction,800,20,0.0,3014,1,aloof,0.6234,24,0.44625,14,"{""depth"": 5, ""leaf"": 5}",
family-interaction_mixture-0.0_n-800_p-20_seed-3014_perm-1,family-interaction_mixture-0.0_n-800_p-20,interaction,800,20,0.0,3014,1,lookahead,1.0,4,0.0,0,"{""depth"": 2, ""leaf"": 20}",
family-interaction_mixture-0.0_n-800_p-20_seed-3014_perm-1,family-interaction_mixture-0.0_n-800_p-20,interaction,800,20,0.0,3014,1,relative_bootstrap,1.0,4,0.16875,0,"{""depth"": 5, ""leaf"": 5, ""scale"": 0.0, ""tau"": 0.0}",
family-interaction_mixture-0.0_n-800_p-20_seed-3014_perm-1,family-interaction_mixture-0.0_n-800_p-20,interaction,800,20,0.0,3014,1,weighted_bootstrap,1.0,4,0.1575,15,"{""depth"": 5, ""leaf"": 5, ""scale"": 1.0, ""tau"": 0.0}",
family-interaction_mixture-0.0_n-800_p-20_seed-3014_perm-1,family-interaction_mixture-0.0_n-800_p-20,interaction,800,20,0.0,3014,1,relative_random_bootstrap,1.0,4,0.18625,0,"{""depth"": 5, ""leaf"": 5, ""scale"": 0.0, ""tau"": 0.0}",
family-interaction_mixture-0.0_n-800_p-20_seed-3014_perm-2,family-interaction_mixture-0.0_n-800_p-20,interaction,800,20,0.0,3014,2,cart_strong,0.7543,164,0.37,19,"{""alpha"": 0.0, ""depth"": 10, ""leaf"": 1}",
family-interaction_mixture-0.0_n-800_p-20_seed-3014_perm-2,family-interaction_mixture-0.0_n-800_p-20,interaction,800,20,0.0,3014,2,aloof,0.6234,24,0.45375,19,"{""depth"": 5, ""leaf"": 5}",
family-interaction_mixture-0.0_n-800_p-20_seed-3014_perm-2,family-interaction_mixture-0.0_n-800_p-20,interaction,800,20,0.0,3014,2,lookahead,1.0,4,0.0,0,"{""depth"": 2, ""leaf"": 20}",
family-interaction_mixture-0.0_n-800_p-20_seed-3014_perm-2,family-interaction_mixture-0.0_n-800_p-20,interaction,800,20,0.0,3014,2,relative_bootstrap,1.0,4,0.16875,0,"{""depth"": 5, ""leaf"": 5, ""scale"": 0.0, ""tau"": 0.0}",
family-interaction_mixture-0.0_n-800_p-20_seed-3014_perm-2,family-interaction_mixture-0.0_n-800_p-20,interaction,800,20,0.0,3014,2,weighted_bootstrap,1.0,4,0.1575,0,"{""depth"": 5, ""leaf"": 5, ""scale"": 1.0, ""tau"": 0.0}",
family-interaction_mixture-0.0_n-800_p-20_seed-3014_perm-2,family-interaction_mixture-0.0_n-800_p-20,interaction,800,20,0.0,3014,2,relative_random_bootstrap,1.0,4,0.165,0,"{""depth"": 5, ""leaf"": 5, ""scale"": 0.0, ""tau"": 0.0}",
family-interaction_mixture-0.0_n-800_p-20_seed-3015_perm-0,family-interaction_mixture-0.0_n-800_p-20,interaction,800,20,0.0,3015,0,cart_strong,0.7102,212,0.29125,16,"{""alpha"": 0.0, ""depth"": 10, ""leaf"": 1}",
family-interaction_mixture-0.0_n-800_p-20_seed-3015_perm-0,family-interaction_mixture-0.0_n-800_p-20,interaction,800,20,0.0,3015,0,aloof,0.5574,22,0.375,16,"{""depth"": 5, ""leaf"": 5}",
family-interaction_mixture-0.0_n-800_p-20_seed-3015_perm-0,family-interaction_mixture-0.0_n-800_p-20,interaction,800,20,0.0,3015,0,lookahead,1.0,4,0.0,17,"{""depth"": 2, ""leaf"": 20}",
family-interaction_mixture-0.0_n-800_p-20_seed-3015_perm-0,family-interaction_mixture-0.0_n-800_p-20,interaction,800,20,0.0,3015,0,relative_bootstrap,0.5019,31,0.0,16,"{""depth"": 5, ""leaf"": 20, ""scale"": 0.0, ""tau"": 0.0}",
family-interaction_mixture-0.0_n-800_p-20_seed-3015_perm-0,family-interaction_mixture-0.0_n-800_p-20,interaction,800,20,0.0,3015,0,weighted_bootstrap,0.5051,30,0.0,16,"{""depth"": 5, ""leaf"": 20, ""scale"": 0.3, ""tau"": 0.0}",
family-interaction_mixture-0.0_n-800_p-20_seed-3015_perm-0,family-interaction_mixture-0.0_n-800_p-20,interaction,800,20,0.0,3015,0,relative_random_bootstrap,0.5279,32,0.0,3,"{""depth"": 5, ""leaf"": 5, ""scale"": 0.0, ""tau"": 0.0}",
family-interaction_mixture-0.0_n-800_p-20_seed-3015_perm-1,family-interaction_mixture-0.0_n-800_p-20,interaction,800,20,0.0,3015,1,cart_strong,0.698,215,0.3075,17,"{""alpha"": 0.0, ""depth"": 10, ""leaf"": 1}",
family-interaction_mixture-0.0_n-800_p-20_seed-3015_perm-1,family-interaction_mixture-0.0_n-800_p-20,interaction,800,20,0.0,3015,1,aloof,0.5574,22,0.375,17,"{""depth"": 5, ""leaf"": 5}",
family-interaction_mixture-0.0_n-800_p-20_seed-3015_perm-1,family-interaction_mixture-0.0_n-800_p-20,interaction,800,20,0.0,3015,1,lookahead,1.0,4,0.0,10,"{""depth"": 2, ""leaf"": 20}",
family-interaction_mixture-0.0_n-800_p-20_seed-3015_perm-1,family-interaction_mixture-0.0_n-800_p-20,interaction,800,20,0.0,3015,1,relative_bootstrap,0.4995,31,0.0,17,"{""depth"": 5, ""leaf"": 20, ""scale"": 0.0, ""tau"": 0.0}",
family-interaction_mixture-0.0_n-800_p-20_seed-3015_perm-1,family-interaction_mixture-0.0_n-800_p-20,interaction,800,20,0.0,3015,1,weighted_bootstrap,0.4937,32,0.0,17,"{""depth"": 5, ""leaf"": 20, ""scale"": 0.3, ""tau"": 0.0}",
family-interaction_mixture-0.0_n-800_p-20_seed-3015_perm-1,family-interaction_mixture-0.0_n-800_p-20,interaction,800,20,0.0,3015,1,relative_random_bootstrap,0.4969,32,0.0,17,"{""depth"": 5, ""leaf"": 20, ""scale"": 0.0, ""tau"": 0.0}",
family-interaction_mixture-0.0_n-800_p-20_seed-3015_perm-2,family-interaction_mixture-0.0_n-800_p-20,interaction,800,20,0.0,3015,2,cart_strong,0.7153,217,0.3125,11,"{""alpha"": 0.0, ""depth"": null, ""leaf"": 1}",
family-interaction_mixture-0.0_n-800_p-20_seed-3015_perm-2,family-interaction_mixture-0.0_n-800_p-20,interaction,800,20,0.0,3015,2,aloof,0.5574,22,0.375,11,"{""depth"": 5, ""leaf"": 5}",
family-interaction_mixture-0.0_n-800_p-20_seed-3015_perm-2,family-interaction_mixture-0.0_n-800_p-20,interaction,800,20,0.0,3015,2,lookahead,1.0,4,0.0,18,"{""depth"": 2, ""leaf"": 20}",
family-interaction_mixture-0.0_n-800_p-20_seed-3015_perm-2,family-interaction_mixture-0.0_n-800_p-20,interaction,800,20,0.0,3015,2,weighted_bootstrap,0.5602,31,0.0,11,"{""depth"": 5, ""leaf"": 20, ""scale"": 0.3, ""tau"": 0.0}",
family-interaction_mixture-0.0_n-800_p-20_seed-3015_perm-2,family-interaction_mixture-0.0_n-800_p-20,interaction,800,20,0.0,3015,2,relative_bootstrap,0.4859,32,0.0,4,"{""depth"": 5, ""leaf"": 5, ""scale"": 0.0, ""tau"": 0.0}",
family-interaction_mixture-0.0_n-800_p-20_seed-3015_perm-2,family-interaction_mixture-0.0_n-800_p-20,interaction,800,20,0.0,3015,2,relative_random_bootstrap,0.4859,32,0.0,4,"{""depth"": 5, ""leaf"": 5, ""scale"": 0.0, ""tau"": 0.0}",
family-interaction_mixture-0.0_n-800_p-20_seed-3016_perm-0,family-interaction_mixture-0.0_n-800_p-20,interaction,800,20,0.0,3016,0,cart_strong,0.7975,172,0.315,5,"{""alpha"": 0.0, ""depth"": 10, ""leaf"": 1}",
family-interaction_mixture-0.0_n-800_p-20_seed-3016_perm-0,family-interaction_mixture-0.0_n-800_p-20,interaction,800,20,0.0,3016,0,aloof,0.5662,23,0.46,5,"{""depth"": 5, ""leaf"": 5}",
family-interaction_mixture-0.0_n-800_p-20_seed-3016_perm-0,family-interaction_mixture-0.0_n-800_p-20,interaction,800,20,0.0,3016,0,lookahead,1.0,4,0.0,14,"{""depth"": 2, ""leaf"": 20}",
family-interaction_mixture-0.0_n-800_p-20_seed-3016_perm-0,family-interaction_mixture-0.0_n-800_p-20,interaction,800,20,0.0,3016,0,relative_bootstrap,1.0,16,0.0,15,"{""depth"": 5, ""leaf"": 20, ""scale"": 0.0, ""tau"": 0.0}",
family-interaction_mixture-0.0_n-800_p-20_seed-3016_perm-0,family-interaction_mixture-0.0_n-800_p-20,interaction,800,20,0.0,3016,0,weighted_bootstrap,1.0,4,0.0,15,"{""depth"": 5, ""leaf"": 20, ""scale"": 0.3, ""tau"": 0.0}",
family-interaction_mixture-0.0_n-800_p-20_seed-3016_perm-0,family-interaction_mixture-0.0_n-800_p-20,interaction,800,20,0.0,3016,0,relative_random_bootstrap,1.0,8,0.0,15,"{""depth"": 5, ""leaf"": 20, ""scale"": 0.0, ""tau"": 0.0}",
family-interaction_mixture-0.0_n-800_p-20_seed-3016_perm-1,family-interaction_mixture-0.0_n-800_p-20,interaction,800,20,0.0,3016,1,cart_strong,0.8038,175,0.305,3,"{""alpha"": 0.0, ""depth"": 10, ""leaf"": 1}",
family-interaction_mixture-0.0_n-800_p-20_seed-3016_perm-1,family-interaction_mixture-0.0_n-800_p-20,interaction,800,20,0.0,3016,1,aloof,0.5662,23,0.46,3,"{""depth"": 5, ""leaf"": 5}",
family-interaction_mixture-0.0_n-800_p-20_seed-3016_perm-1,family-interaction_mixture-0.0_n-800_p-20,interaction,800,20,0.0,3016,1,lookahead,1.0,4,0.0,4,"{""depth"": 2, ""leaf"": 20}",
family-interaction_mixture-0.0_n-800_p-20_seed-3016_perm-1,family-interaction_mixture-0.0_n-800_p-20,interaction,800,20,0.0,3016,1,relative_bootstrap,1.0,8,0.0,15,"{""depth"": 5, ""leaf"": 20, ""scale"": 0.0, ""tau"": 0.0}",
family-interaction_mixture-0.0_n-800_p-20_seed-3016_perm-1,family-interaction_mixture-0.0_n-800_p-20,interaction,800,20,0.0,3016,1,weighted_bootstrap,1.0,4,0.0,15,"{""depth"": 5, ""leaf"": 20, ""scale"": 0.3, ""tau"": 0.0}",
family-interaction_mixture-0.0_n-800_p-20_seed-3016_perm-1,family-interaction_mixture-0.0_n-800_p-20,interaction,800,20,0.0,3016,1,relative_random_bootstrap,1.0,6,0.0,15,"{""depth"": 5, ""leaf"": 20, ""scale"": 0.0, ""tau"": 0.0}",
family-interaction_mixture-0.0_n-800_p-20_seed-3016_perm-2,family-interaction_mixture-0.0_n-800_p-20,interaction,800,20,0.0,3016,2,cart_strong,0.7856,148,0.28,12,"{""alpha"": 0.001, ""depth"": 10, ""leaf"": 1}",
family-interaction_mixture-0.0_n-800_p-20_seed-3016_perm-2,family-interaction_mixture-0.0_n-800_p-20,interaction,800,20,0.0,3016,2,aloof,0.5662,23,0.4625,12,"{""depth"": 5, ""leaf"": 5}",
family-interaction_mixture-0.0_n-800_p-20_seed-3016_perm-2,family-interaction_mixture-0.0_n-800_p-20,interaction,800,20,0.0,3016,2,lookahead,1.0,4,0.0,7,"{""depth"": 2, ""leaf"": 20}",
family-interaction_mixture-0.0_n-800_p-20_seed-3016_perm-2,family-interaction_mixture-0.0_n-800_p-20,interaction,800,20,0.0,3016,2,relative_bootstrap,1.0,8,0.0,10,"{""depth"": 5, ""leaf"": 20, ""scale"": 0.0, ""tau"": 0.0}",
family-interaction_mixture-0.0_n-800_p-20_seed-3016_perm-2,family-interaction_mixture-0.0_n-800_p-20,interaction,800,20,0.0,3016,2,weighted_bootstrap,1.0,8,0.0,10,"{""depth"": 5, ""leaf"": 20, ""scale"": 0.3, ""tau"": 0.0}",
family-interaction_mixture-0.0_n-800_p-20_seed-3016_perm-2,family-interaction_mixture-0.0_n-800_p-20,interaction,800,20,0.0,3016,2,relative_random_bootstrap,1.0,12,0.0,10,"{""depth"": 5, ""leaf"": 20, ""scale"": 0.0, ""tau"": 0.0}",
family-interaction_mixture-0.0_n-800_p-20_seed-3017_perm-0,family-interaction_mixture-0.0_n-800_p-20,interaction,800,20,0.0,3017,0,cart_strong,0.8292,125,0.2175,1,"{""alpha"": 0.0, ""depth"": 10, ""leaf"": 1}",
family-interaction_mixture-0.0_n-800_p-20_seed-3017_perm-0,family-interaction_mixture-0.0_n-800_p-20,interaction,800,20,0.0,3017,0,aloof,0.7513,20,0.31875,1,"{""depth"": 5, ""leaf"": 5}",
family-interaction_mixture-0.0_n-800_p-20_seed-3017_perm-0,family-interaction_mixture-0.0_n-800_p-20,interaction,800,20,0.0,3017,0,lookahead,1.0,4,0.0,0,"{""depth"": 2, ""leaf"": 20}",
family-interaction_mixture-0.0_n-800_p-20_seed-3017_perm-0,family-interaction_mixture-0.0_n-800_p-20,interaction,800,20,0.0,3017,0,relative_bootstrap,1.0,8,0.16375,0,"{""depth"": 5, ""leaf"": 20, ""scale"": 0.0, ""tau"": 0.0}",
family-interaction_mixture-0.0_n-800_p-20_seed-3017_perm-0,family-interaction_mixture-0.0_n-800_p-20,interaction,800,20,0.0,3017,0,weighted_bootstrap,1.0,16,0.0,1,"{""depth"": 5, ""leaf"": 5, ""scale"": 0.3, ""tau"": 0.0}",
family-interaction_mixture-0.0_n-800_p-20_seed-3017_perm-0,family-interaction_mixture-0.0_n-800_p-20,interaction,800,20,0.0,3017,0,relative_random_bootstrap,1.0,26,0.085,1,"{""depth"": 5, ""leaf"": 5, ""scale"": 0.0, ""tau"": 0.0}",
family-interaction_mixture-0.0_n-800_p-20_seed-3017_perm-1,family-interaction_mixture-0.0_n-800_p-20,interaction,800,20,0.0,3017,1,cart_strong,0.843,117,0.2075,11,"{""alpha"": 0.0, ""depth"": 10, ""leaf"": 1}",
family-interaction_mixture-0.0_n-800_p-20_seed-3017_perm-1,family-interaction_mixture-0.0_n-800_p-20,interaction,800,20,0.0,3017,1,aloof,0.7513,20,0.29875,11,"{""depth"": 5, ""leaf"": 5}",
family-interaction_mixture-0.0_n-800_p-20_seed-3017_perm-1,family-interaction_mixture-0.0_n-800_p-20,interaction,800,20,0.0,3017,1,lookahead,1.0,4,0.0,3,"{""depth"": 2, ""leaf"": 20}",
family-interaction_mixture-0.0_n-800_p-20_seed-3017_perm-1,family-interaction_mixture-0.0_n-800_p-20,interaction,800,20,0.0,3017,1,relative_bootstrap,1.0,4,0.0,17,"{""depth"": 5, ""leaf"": 20, ""scale"": 0.0, ""tau"": 0.0}",
family-interaction_mixture-0.0_n-800_p-20_seed-3017_perm-1,family-interaction_mixture-0.0_n-800_p-20,interaction,800,20,0.0,3017,1,weighted_bootstrap,1.0,4,0.0,17,"{""depth"": 5, ""leaf"": 20, ""scale"": 0.3, ""tau"": 0.0}",
family-interaction_mixture-0.0_n-800_p-20_seed-3017_perm-1,family-interaction_mixture-0.0_n-800_p-20,interaction,800,20,0.0,3017,1,relative_random_bootstrap,1.0,6,0.06125,17,"{""depth"": 5, ""leaf"": 20, ""scale"": 0.0, ""tau"": 0.0}",
family-interaction_mixture-0.0_n-800_p-20_seed-3017_perm-2,family-interaction_mixture-0.0_n-800_p-20,interaction,800,20,0.0,3017,2,cart_strong,0.8386,109,0.2075,10,"{""alpha"": 0.001, ""depth"": 10, ""leaf"": 1}",
family-interaction_mixture-0.0_n-800_p-20_seed-3017_perm-2,family-interaction_mixture-0.0_n-800_p-20,interaction,800,20,0.0,3017,2,aloof,0.7513,20,0.29875,10,"{""depth"": 5, ""leaf"": 5}",
family-interaction_mixture-0.0_n-800_p-20_seed-3017_perm-2,family-interaction_mixture-0.0_n-800_p-20,interaction,800,20,0.0,3017,2,lookahead,1.0,4,0.0,6,"{""depth"": 2, ""leaf"": 20}",
family-interaction_mixture-0.0_n-800_p-20_seed-3017_perm-2,family-interaction_mixture-0.0_n-800_p-20,interaction,800,20,0.0,3017,2,relative_bootstrap,1.0,8,0.0,10,"{""depth"": 5, ""leaf"": 5, ""scale"": 0.0, ""tau"": 0.0}",
family-interaction_mixture-0.0_n-800_p-20_seed-3017_perm-2,family-interaction_mixture-0.0_n-800_p-20,interaction,800,20,0.0,3017,2,weighted_bootstrap,1.0,8,0.0,10,"{""depth"": 5, ""leaf"": 5, ""scale"": 0.3, ""tau"": 0.0}",
family-interaction_mixture-0.0_n-800_p-20_seed-3017_perm-2,family-interaction_mixture-0.0_n-800_p-20,interaction,800,20,0.0,3017,2,relative_random_bootstrap,1.0,10,0.14375,10,"{""depth"": 5, ""leaf"": 5, ""scale"": 0.0, ""tau"": 0.0}",
family-interaction_mixture-0.0_n-800_p-20_seed-3018_perm-0,family-interaction_mixture-0.0_n-800_p-20,interaction,800,20,0.0,3018,0,cart_strong,0.6636,233,0.135,4,"{""alpha"": 0.0, ""depth"": 10, ""leaf"": 1}",
family-interaction_mixture-0.0_n-800_p-20_seed-3018_perm-0,family-interaction_mixture-0.0_n-800_p-20,interaction,800,20,0.0,3018,0,aloof,0.5012,23,0.29,4,"{""depth"": 5, ""leaf"": 5}",
family-interaction_mixture-0.0_n-800_p-20_seed-3018_perm-0,family-interaction_mixture-0.0_n-800_p-20,interaction,800,20,0.0,3018,0,lookahead,1.0,4,0.0,1,"{""depth"": 2, ""leaf"": 20}",
family-interaction_mixture-0.0_n-800_p-20_seed-3018_perm-0,family-interaction_mixture-0.0_n-800_p-20,interaction,800,20,0.0,3018,0,relative_bootstrap,1.0,8,0.15625,1,"{""depth"": 5, ""leaf"": 20, ""scale"": 0.0, ""tau"": 0.0}",
family-interaction_mixture-0.0_n-800_p-20_seed-3018_perm-0,family-interaction_mixture-0.0_n-800_p-20,interaction,800,20,0.0,3018,0,weighted_bootstrap,1.0,4,0.0,1,"{""depth"": 5, ""leaf"": 5, ""scale"": 0.3, ""tau"": 0.0}",
family-interaction_mixture-0.0_n-800_p-20_seed-3018_perm-0,family-interaction_mixture-0.0_n-800_p-20,interaction,800,20,0.0,3018,0,relative_random_bootstrap,1.0,4,0.01375,1,"{""depth"": 5, ""leaf"": 5, ""scale"": 0.0, ""tau"": 0.0}",
family-interaction_mixture-0.0_n-800_p-20_seed-3018_perm-1,family-interaction_mixture-0.0_n-800_p-20,interaction,800,20,0.0,3018,1,cart_strong,0.6569,244,0.145,5,"{""alpha"": 0.0, ""depth"": null, ""leaf"": 1}",
family-interaction_mixture-0.0_n-800_p-20_seed-3018_perm-1,family-interaction_mixture-0.0_n-800_p-20,interaction,800,20,0.0,3018,1,aloof,0.6269,24,0.29,5,"{""depth"": 5, ""leaf"": 5}",
family-interaction_mixture-0.0_n-800_p-20_seed-3018_perm-1,family-interaction_mixture-0.0_n-800_p-20,interaction,800,20,0.0,3018,1,lookahead,1.0,4,0.0,15,"{""depth"": 2, ""leaf"": 20}",
family-interaction_mixture-0.0_n-800_p-20_seed-3018_perm-1,family-interaction_mixture-0.0_n-800_p-20,interaction,800,20,0.0,3018,1,relative_bootstrap,1.0,4,0.0,15,"{""depth"": 5, ""leaf"": 5, ""scale"": 0.0, ""tau"": 0.0}",
family-interaction_mixture-0.0_n-800_p-20_seed-3018_perm-1,family-interaction_mixture-0.0_n-800_p-20,interaction,800,20,0.0,3018,1,weighted_bootstrap,1.0,4,0.0,15,"{""depth"": 5, ""leaf"": 5, ""scale"": 0.3, ""tau"": 0.0}",
family-interaction_mixture-0.0_n-800_p-20_seed-3018_perm-1,family-interaction_mixture-0.0_n-800_p-20,interaction,800,20,0.0,3018,1,relative_random_bootstrap,1.0,4,0.00875,15,"{""depth"": 5, ""leaf"": 5, ""scale"": 0.0, ""tau"": 0.0}",
family-interaction_mixture-0.0_n-800_p-20_seed-3018_perm-2,family-interaction_mixture-0.0_n-800_p-20,interaction,800,20,0.0,3018,2,cart_strong,0.6956,229,0.16375,19,"{""alpha"": 0.0, ""depth"": 10, ""leaf"": 1}",
family-interaction_mixture-0.0_n-800_p-20_seed-3018_perm-2,family-interaction_mixture-0.0_n-800_p-20,interaction,800,20,0.0,3018,2,aloof,0.5012,23,0.29,19,"{""depth"": 5, ""leaf"": 5}",
family-interaction_mixture-0.0_n-800_p-20_seed-3018_perm-2,family-interaction_mixture-0.0_n-800_p-20,interaction,800,20,0.0,3018,2,lookahead,1.0,4,0.0,13,"{""depth"": 2, ""leaf"": 20}",
family-interaction_mixture-0.0_n-800_p-20_seed-3018_perm-2,family-interaction_mixture-0.0_n-800_p-20,interaction,800,20,0.0,3018,2,relative_bootstrap,1.0,4,0.0,13,"{""depth"": 5, ""leaf"": 5, ""scale"": 0.0, ""tau"": 0.0}",
family-interaction_mixture-0.0_n-800_p-20_seed-3018_perm-2,family-interaction_mixture-0.0_n-800_p-20,interaction,800,20,0.0,3018,2,weighted_bootstrap,1.0,4,0.0,13,"{""depth"": 5, ""leaf"": 5, ""scale"": 0.3, ""tau"": 0.0}",
family-interaction_mixture-0.0_n-800_p-20_seed-3018_perm-2,family-interaction_mixture-0.0_n-800_p-20,interaction,800,20,0.0,3018,2,relative_random_bootstrap,1.0,4,0.06,13,"{""depth"": 5, ""leaf"": 5, ""scale"": 0.0, ""tau"": 0.0}",
family-interaction_mixture-0.0_n-800_p-20_seed-3019_perm-0,family-interaction_mixture-0.0_n-800_p-20,interaction,800,20,0.0,3019,0,cart_strong,0.8374,141,0.20375,13,"{""alpha"": 0.0, ""depth"": null, ""leaf"": 1}",
family-interaction_mixture-0.0_n-800_p-20_seed-3019_perm-0,family-interaction_mixture-0.0_n-800_p-20,interaction,800,20,0.0,3019,0,aloof,0.6336,19,0.40375,13,"{""depth"": 5, ""leaf"": 20}",
family-interaction_mixture-0.0_n-800_p-20_seed-3019_perm-0,family-interaction_mixture-0.0_n-800_p-20,interaction,800,20,0.0,3019,0,lookahead,1.0,4,0.0,6,"{""depth"": 2, ""leaf"": 20}",
family-interaction_mixture-0.0_n-800_p-20_seed-3019_perm-0,family-interaction_mixture-0.0_n-800_p-20,interaction,800,20,0.0,3019,0,relative_bootstrap,1.0,4,0.0,0,"{""depth"": 5, ""leaf"": 5, ""scale"": 0.0, ""tau"": 0.0}",
family-interaction_mixture-0.0_n-800_p-20_seed-3019_perm-0,family-interaction_mixture-0.0_n-800_p-20,interaction,800,20,0.0,3019,0,weighted_bootstrap,1.0,4,0.0,6,"{""depth"": 5, ""leaf"": 5, ""scale"": 0.3, ""tau"": 0.0}",
family-interaction_mixture-0.0_n-800_p-20_seed-3019_perm-0,family-interaction_mixture-0.0_n-800_p-20,interaction,800,20,0.0,3019,0,relative_random_bootstrap,1.0,4,0.0,6,"{""depth"": 5, ""leaf"": 5, ""scale"": 0.0, ""tau"": 0.0}",
family-interaction_mixture-0.0_n-800_p-20_seed-3019_perm-1,family-interaction_mixture-0.0_n-800_p-20,interaction,800,20,0.0,3019,1,cart_strong,0.8368,132,0.19125,3,"{""alpha"": 0.0, ""depth"": 10, ""leaf"": 1}",
family-interaction_mixture-0.0_n-800_p-20_seed-3019_perm-1,family-interaction_mixture-0.0_n-800_p-20,interaction,800,20,0.0,3019,1,aloof,0.6336,19,0.40375,3,"{""depth"": 5, ""leaf"": 20}",
family-interaction_mixture-0.0_n-800_p-20_seed-3019_perm-1,family-interaction_mixture-0.0_n-800_p-20,interaction,800,20,0.0,3019,1,lookahead,1.0,4,0.0,19,"{""depth"": 2, ""leaf"": 20}",
family-interaction_mixture-0.0_n-800_p-20_seed-3019_perm-1,family-interaction_mixture-0.0_n-800_p-20,interaction,800,20,0.0,3019,1,relative_bootstrap,1.0,4,0.0,10,"{""depth"": 5, ""leaf"": 5, ""scale"": 0.0, ""tau"": 0.0}",
family-interaction_mixture-0.0_n-800_p-20_seed-3019_perm-1,family-interaction_mixture-0.0_n-800_p-20,interaction,800,20,0.0,3019,1,weighted_bootstrap,1.0,4,0.0,19,"{""depth"": 5, ""leaf"": 5, ""scale"": 0.3, ""tau"": 0.0}",
family-interaction_mixture-0.0_n-800_p-20_seed-3019_perm-1,family-interaction_mixture-0.0_n-800_p-20,interaction,800,20,0.0,3019,1,relative_random_bootstrap,1.0,4,0.0,19,"{""depth"": 5, ""leaf"": 5, ""scale"": 0.0, ""tau"": 0.0}",
family-interaction_mixture-0.0_n-800_p-20_seed-3019_perm-2,family-interaction_mixture-0.0_n-800_p-20,interaction,800,20,0.0,3019,2,cart_strong,0.8441,138,0.2125,3,"{""alpha"": 0.0, ""depth"": null, ""leaf"": 1}",
family-interaction_mixture-0.0_n-800_p-20_seed-3019_perm-2,family-interaction_mixture-0.0_n-800_p-20,interaction,800,20,0.0,3019,2,aloof,0.6336,19,0.40375,3,"{""depth"": 5, ""leaf"": 20}",
family-interaction_mixture-0.0_n-800_p-20_seed-3019_perm-2,family-interaction_mixture-0.0_n-800_p-20,interaction,800,20,0.0,3019,2,lookahead,1.0,4,0.0,16,"{""depth"": 2, ""leaf"": 20}",
family-interaction_mixture-0.0_n-800_p-20_seed-3019_perm-2,family-interaction_mixture-0.0_n-800_p-20,interaction,800,20,0.0,3019,2,relative_bootstrap,1.0,4,0.0,8,"{""depth"": 5, ""leaf"": 5, ""scale"": 0.0, ""tau"": 0.0}",
family-interaction_mixture-0.0_n-800_p-20_seed-3019_perm-2,family-interaction_mixture-0.0_n-800_p-20,interaction,800,20,0.0,3019,2,weighted_bootstrap,1.0,4,0.01625,8,"{""depth"": 5, ""leaf"": 5, ""scale"": 0.3, ""tau"": 0.0}",
family-interaction_mixture-0.0_n-800_p-20_seed-3019_perm-2,family-interaction_mixture-0.0_n-800_p-20,interaction,800,20,0.0,3019,2,relative_random_bootstrap,1.0,4,0.03,16,"{""depth"": 5, ""leaf"": 5, ""scale"": 0.0, ""tau"": 0.0}",
family-noise_n-200_noise-0.4_p-20_seed-3000_perm-0,family-noise_n-200_noise-0.4_p-20,noise,200,20,,3000,0,cart_strong,0.5004,7,0.49,12,"{""alpha"": 0.0, ""depth"": 5, ""leaf"": 20}",0.4
family-noise_n-200_noise-0.4_p-20_seed-3000_perm-0,family-noise_n-200_noise-0.4_p-20,noise,200,20,,3000,0,aloof,0.498,13,0.49,2,"{""depth"": 5, ""leaf"": 5}",0.4
family-noise_n-200_noise-0.4_p-20_seed-3000_perm-0,family-noise_n-200_noise-0.4_p-20,noise,200,20,,3000,0,relative_random_bootstrap,0.5057,4,0.49,3,"{""depth"": 2, ""leaf"": 5, ""scale"": 0.0, ""tau"": 0.35}",0.4
family-noise_n-200_noise-0.4_p-20_seed-3000_perm-0,family-noise_n-200_noise-0.4_p-20,noise,200,20,,3000,0,relative_bootstrap,0.5033,18,0.47,0,"{""depth"": 5, ""leaf"": 5, ""scale"": 0.0, ""tau"": 0.35}",0.4
family-noise_n-200_noise-0.4_p-20_seed-3000_perm-0,family-noise_n-200_noise-0.4_p-20,noise,200,20,,3000,0,weighted_bootstrap,0.4951,17,0.435,2,"{""depth"": 5, ""leaf"": 5, ""scale"": 0.3, ""tau"": 0.0}",0.4
family-noise_n-200_noise-0.4_p-20_seed-3001_perm-0,family-noise_n-200_noise-0.4_p-20,noise,200,20,,3001,0,cart_strong,0.487,3,0.43,16,"{""alpha"": 0.0, ""depth"": 2, ""leaf"": 20}",0.4
family-noise_n-200_noise-0.4_p-20_seed-3001_perm-0,family-noise_n-200_noise-0.4_p-20,noise,200,20,,3001,0,aloof,0.5277,7,0.415,16,"{""depth"": 5, ""leaf"": 20}",0.4
family-noise_n-200_noise-0.4_p-20_seed-3001_perm-0,family-noise_n-200_noise-0.4_p-20,noise,200,20,,3001,0,weighted_bootstrap,0.5415,8,0.395,13,"{""depth"": 5, ""leaf"": 20, ""scale"": 0.3, ""tau"": 0.0}",0.4
family-noise_n-200_noise-0.4_p-20_seed-3001_perm-0,family-noise_n-200_noise-0.4_p-20,noise,200,20,,3001,0,relative_bootstrap,0.5856,2,0.405,13,"{""depth"": 5, ""leaf"": 5, ""scale"": 0.0, ""tau"": 0.35}",0.4
family-noise_n-200_noise-0.4_p-20_seed-3001_perm-0,family-noise_n-200_noise-0.4_p-20,noise,200,20,,3001,0,relative_random_bootstrap,0.5856,2,0.415,13,"{""depth"": 5, ""leaf"": 5, ""scale"": 0.0, ""tau"": 0.35}",0.4
family-noise_n-200_noise-0.4_p-20_seed-3002_perm-0,family-noise_n-200_noise-0.4_p-20,noise,200,20,,3002,0,cart_strong,0.5206,4,0.46,4,"{""alpha"": 0.0, ""depth"": 2, ""leaf"": 20}",0.4
family-noise_n-200_noise-0.4_p-20_seed-3002_perm-0,family-noise_n-200_noise-0.4_p-20,noise,200,20,,3002,0,aloof,0.5644,12,0.45,10,"{""depth"": 5, ""leaf"": 5}",0.4
family-noise_n-200_noise-0.4_p-20_seed-3002_perm-0,family-noise_n-200_noise-0.4_p-20,noise,200,20,,3002,0,weighted_bootstrap,0.5239,4,0.435,4,"{""depth"": 2, ""leaf"": 20, ""scale"": 0.3, ""tau"": 0.0}",0.4
family-noise_n-200_noise-0.4_p-20_seed-3002_perm-0,family-noise_n-200_noise-0.4_p-20,noise,200,20,,3002,0,relative_bootstrap,0.6056,2,0.41,4,"{""depth"": 5, ""leaf"": 20, ""scale"": 0.0, ""tau"": 0.35}",0.4
family-noise_n-200_noise-0.4_p-20_seed-3002_perm-0,family-noise_n-200_noise-0.4_p-20,noise,200,20,,3002,0,relative_random_bootstrap,0.5623,8,0.405,4,"{""depth"": 5, ""leaf"": 20, ""scale"": 0.0, ""tau"": 0.0}",0.4
family-noise_n-200_noise-0.4_p-20_seed-3003_perm-0,family-noise_n-200_noise-0.4_p-20,noise,200,20,,3003,0,cart_strong,0.5219,18,0.435,1,"{""alpha"": 0.01, ""depth"": 5, ""leaf"": 1}",0.4
family-noise_n-200_noise-0.4_p-20_seed-3003_perm-0,family-noise_n-200_noise-0.4_p-20,noise,200,20,,3003,0,aloof,0.5654,4,0.41,1,"{""depth"": 2, ""leaf"": 20}",0.4
family-noise_n-200_noise-0.4_p-20_seed-3003_perm-0,family-noise_n-200_noise-0.4_p-20,noise,200,20,,3003,0,relative_bootstrap,0.6013,2,0.365,1,"{""depth"": 5, ""leaf"": 5, ""scale"": 0.0, ""tau"": 0.5}",0.4
family-noise_n-200_noise-0.4_p-20_seed-3003_perm-0,family-noise_n-200_noise-0.4_p-20,noise,200,20,,3003,0,weighted_bootstrap,0.6013,2,0.365,1,"{""depth"": 5, ""leaf"": 5, ""scale"": 0.3, ""tau"": 0.25}",0.4
family-noise_n-200_noise-0.4_p-20_seed-3003_perm-0,family-noise_n-200_noise-0.4_p-20,noise,200,20,,3003,0,relative_random_bootstrap,0.6013,2,0.365,1,"{""depth"": 5, ""leaf"": 5, ""scale"": 0.0, ""tau"": 0.5}",0.4
family-noise_n-200_noise-0.4_p-20_seed-3004_perm-0,family-noise_n-200_noise-0.4_p-20,noise,200,20,,3004,0,cart_strong,0.504,4,0.425,14,"{""alpha"": 0.0, ""depth"": 2, ""leaf"": 20}",0.4
family-noise_n-200_noise-0.4_p-20_seed-3004_perm-0,family-noise_n-200_noise-0.4_p-20,noise,200,20,,3004,0,aloof,0.504,4,0.44,14,"{""depth"": 2, ""leaf"": 20}",0.4
family-noise_n-200_noise-0.4_p-20_seed-3004_perm-0,family-noise_n-200_noise-0.4_p-20,noise,200,20,,3004,0,weighted_bootstrap,0.5043,3,0.45,17,"{""depth"": 2, ""leaf"": 20, ""scale"": 0.3, ""tau"": 0.0}",0.4
family-noise_n-200_noise-0.4_p-20_seed-3004_perm-0,family-noise_n-200_noise-0.4_p-20,noise,200,20,,3004,0,relative_bootstrap,0.5043,4,0.5,17,"{""depth"": 2, ""leaf"": 5, ""scale"": 0.0, ""tau"": 0.0}",0.4
family-noise_n-200_noise-0.4_p-20_seed-3004_perm-0,family-noise_n-200_noise-0.4_p-20,noise,200,20,,3004,0,relative_random_bootstrap,0.5043,4,0.515,17,"{""depth"": 2, ""leaf"": 5, ""scale"": 0.0, ""tau"": 0.0}",0.4
family-noise_n-200_noise-0.4_p-20_seed-3005_perm-0,family-noise_n-200_noise-0.4_p-20,noise,200,20,,3005,0,cart_strong,0.5335,4,0.445,10,"{""alpha"": 0.0, ""depth"": 2, ""leaf"": 1}",0.4
family-noise_n-200_noise-0.4_p-20_seed-3005_perm-0,family-noise_n-200_noise-0.4_p-20,noise,200,20,,3005,0,aloof,0.5228,4,0.45,10,"{""depth"": 2, ""leaf"": 20}",0.4
family-noise_n-200_noise-0.4_p-20_seed-3005_perm-0,family-noise_n-200_noise-0.4_p-20,noise,200,20,,3005,0,relative_bootstrap,0.5971,4,0.41,10,"{""depth"": 2, ""leaf"": 5, ""scale"": 0.0, ""tau"": 0.0}",0.4
family-noise_n-200_noise-0.4_p-20_seed-3005_perm-0,family-noise_n-200_noise-0.4_p-20,noise,200,20,,3005,0,relative_random_bootstrap,0.5869,4,0.425,10,"{""depth"": 2, ""leaf"": 5, ""scale"": 0.0, ""tau"": 0.0}",0.4
family-noise_n-200_noise-0.4_p-20_seed-3005_perm-0,family-noise_n-200_noise-0.4_p-20,noise,200,20,,3005,0,weighted_bootstrap,0.6005,2,0.43,10,"{""depth"": 5, ""leaf"": 20, ""scale"": 0.3, ""tau"": 0.25}",0.4
family-noise_n-200_noise-0.4_p-20_seed-3006_perm-0,family-noise_n-200_noise-0.4_p-20,noise,200,20,,3006,0,cart_strong,0.5041,8,0.445,19,"{""alpha"": 0.0, ""depth"": 5, ""leaf"": 20}",0.4
family-noise_n-200_noise-0.4_p-20_seed-3006_perm-0,family-noise_n-200_noise-0.4_p-20,noise,200,20,,3006,0,aloof,0.5037,4,0.45,19,"{""depth"": 2, ""leaf"": 5}",0.4
family-noise_n-200_noise-0.4_p-20_seed-3006_perm-0,family-noise_n-200_noise-0.4_p-20,noise,200,20,,3006,0,relative_bootstrap,0.5813,12,0.38,17,"{""depth"": 5, ""leaf"": 5, ""scale"": 0.0, ""tau"": 0.35}",0.4
family-noise_n-200_noise-0.4_p-20_seed-3006_perm-0,family-noise_n-200_noise-0.4_p-20,noise,200,20,,3006,0,weighted_bootstrap,0.5993,2,0.43,17,"{""depth"": 5, ""leaf"": 5, ""scale"": 0.3, ""tau"": 0.25}",0.4
family-noise_n-200_noise-0.4_p-20_seed-3006_perm-0,family-noise_n-200_noise-0.4_p-20,noise,200,20,,3006,0,relative_random_bootstrap,0.5198,17,0.44,17,"{""depth"": 5, ""leaf"": 5, ""scale"": 0.0, ""tau"": 0.0}",0.4
family-noise_n-200_noise-0.4_p-20_seed-3007_perm-0,family-noise_n-200_noise-0.4_p-20,noise,200,20,,3007,0,cart_strong,0.5787,4,0.405,6,"{""alpha"": 0.0, ""depth"": 2, ""leaf"": 20}",0.4
family-noise_n-200_noise-0.4_p-20_seed-3007_perm-0,family-noise_n-200_noise-0.4_p-20,noise,200,20,,3007,0,aloof,0.5787,4,0.385,6,"{""depth"": 2, ""leaf"": 20}",0.4
family-noise_n-200_noise-0.4_p-20_seed-3007_perm-0,family-noise_n-200_noise-0.4_p-20,noise,200,20,,3007,0,relative_bootstrap,0.5991,4,0.405,6,"{""depth"": 2, ""leaf"": 20, ""scale"": 0.0, ""tau"": 0.0}",0.4
family-noise_n-200_noise-0.4_p-20_seed-3007_perm-0,family-noise_n-200_noise-0.4_p-20,noise,200,20,,3007,0,weighted_bootstrap,0.5991,4,0.42,6,"{""depth"": 2, ""leaf"": 20, ""scale"": 0.3, ""tau"": 0.0}",0.4
family-noise_n-200_noise-0.4_p-20_seed-3007_perm-0,family-noise_n-200_noise-0.4_p-20,noise,200,20,,3007,0,relative_random_bootstrap,0.5991,2,0.405,6,"{""depth"": 5, ""leaf"": 5, ""scale"": 0.0, ""tau"": 0.5}",0.4
family-noise_n-200_noise-0.4_p-20_seed-3008_perm-0,family-noise_n-200_noise-0.4_p-20,noise,200,20,,3008,0,cart_strong,0.5437,7,0.395,14,"{""alpha"": 0.0, ""depth"": 5, ""leaf"": 20}",0.4
family-noise_n-200_noise-0.4_p-20_seed-3008_perm-0,family-noise_n-200_noise-0.4_p-20,noise,200,20,,3008,0,aloof,0.5437,7,0.43,14,"{""depth"": 5, ""leaf"": 20}",0.4
family-noise_n-200_noise-0.4_p-20_seed-3008_perm-0,family-noise_n-200_noise-0.4_p-20,noise,200,20,,3008,0,relative_bootstrap,0.5431,4,0.435,14,"{""depth"": 2, ""leaf"": 20, ""scale"": 0.0, ""tau"": 0.35}",0.4
family-noise_n-200_noise-0.4_p-20_seed-3008_perm-0,family-noise_n-200_noise-0.4_p-20,noise,200,20,,3008,0,weighted_bootstrap,0.5431,4,0.425,14,"{""depth"": 2, ""leaf"": 5, ""scale"": 0.3, ""tau"": 0.0}",0.4
family-noise_n-200_noise-0.4_p-20_seed-3008_perm-0,family-noise_n-200_noise-0.4_p-20,noise,200,20,,3008,0,relative_random_bootstrap,0.5406,7,0.405,14,"{""depth"": 5, ""leaf"": 5, ""scale"": 0.0, ""tau"": 0.25}",0.4
family-noise_n-200_noise-0.4_p-20_seed-3009_perm-0,family-noise_n-200_noise-0.4_p-20,noise,200,20,,3009,0,cart_strong,0.5044,8,0.43,19,"{""alpha"": 0.0, ""depth"": 5, ""leaf"": 20}",0.4
family-noise_n-200_noise-0.4_p-20_seed-3009_perm-0,family-noise_n-200_noise-0.4_p-20,noise,200,20,,3009,0,aloof,0.5044,8,0.455,19,"{""depth"": 5, ""leaf"": 20}",0.4
family-noise_n-200_noise-0.4_p-20_seed-3009_perm-0,family-noise_n-200_noise-0.4_p-20,noise,200,20,,3009,0,weighted_bootstrap,0.504,3,0.475,9,"{""depth"": 2, ""leaf"": 5, ""scale"": 0.3, ""tau"": 0.0}",0.4
family-noise_n-200_noise-0.4_p-20_seed-3009_perm-0,family-noise_n-200_noise-0.4_p-20,noise,200,20,,3009,0,relative_bootstrap,0.496,7,0.46,4,"{""depth"": 5, ""leaf"": 20, ""scale"": 0.0, ""tau"": 0.0}",0.4
family-noise_n-200_noise-0.4_p-20_seed-3009_perm-0,family-noise_n-200_noise-0.4_p-20,noise,200,20,,3009,0,relative_random_bootstrap,0.497,7,0.47,15,"{""depth"": 5, ""leaf"": 20, ""scale"": 0.0, ""tau"": 0.0}",0.4
family-noise_n-200_noise-0.4_p-20_seed-3010_perm-0,family-noise_n-200_noise-0.4_p-20,noise,200,20,,3010,0,cart_strong,0.5046,4,0.52,16,"{""alpha"": 0.0, ""depth"": 2, ""leaf"": 5}",0.4
family-noise_n-200_noise-0.4_p-20_seed-3010_perm-0,family-noise_n-200_noise-0.4_p-20,noise,200,20,,3010,0,aloof,0.5553,16,0.53,9,"{""depth"": 5, ""leaf"": 5}",0.4
family-noise_n-200_noise-0.4_p-20_seed-3010_perm-0,family-noise_n-200_noise-0.4_p-20,noise,200,20,,3010,0,relative_bootstrap,0.5719,4,0.48,9,"{""depth"": 2, ""leaf"": 20, ""scale"": 0.0, ""tau"": 0.0}",0.4
family-noise_n-200_noise-0.4_p-20_seed-3010_perm-0,family-noise_n-200_noise-0.4_p-20,noise,200,20,,3010,0,weighted_bootstrap,0.5001,1,0.485,-1,"{""depth"": 2, ""leaf"": 20, ""scale"": 0.3, ""tau"": 0.25}",0.4
family-noise_n-200_noise-0.4_p-20_seed-3010_perm-0,family-noise_n-200_noise-0.4_p-20,noise,200,20,,3010,0,relative_random_bootstrap,0.5079,20,0.515,9,"{""depth"": 5, ""leaf"": 5, ""scale"": 0.0, ""tau"": 0.0}",0.4
family-noise_n-200_noise-0.4_p-20_seed-3011_perm-0,family-noise_n-200_noise-0.4_p-20,noise,200,20,,3011,0,cart_strong,0.5311,38,0.495,3,"{""alpha"": 0.0, ""depth"": 10, ""leaf"": 1}",0.4
family-noise_n-200_noise-0.4_p-20_seed-3011_perm-0,family-noise_n-200_noise-0.4_p-20,noise,200,20,,3011,0,aloof,0.5276,7,0.475,3,"{""depth"": 5, ""leaf"": 20}",0.4
family-noise_n-200_noise-0.4_p-20_seed-3011_perm-0,family-noise_n-200_noise-0.4_p-20,noise,200,20,,3011,0,weighted_bootstrap,0.6005,2,0.375,3,"{""depth"": 5, ""leaf"": 20, ""scale"": 0.3, ""tau"": 0.25}",0.4
family-noise_n-200_noise-0.4_p-20_seed-3011_perm-0,family-noise_n-200_noise-0.4_p-20,noise,200,20,,3011,0,relative_bootstrap,0.6005,2,0.39,3,"{""depth"": 5, ""leaf"": 5, ""scale"": 0.0, ""tau"": 0.5}",0.4
family-noise_n-200_noise-0.4_p-20_seed-3011_perm-0,family-noise_n-200_noise-0.4_p-20,noise,200,20,,3011,0,relative_random_bootstrap,0.6005,2,0.39,3,"{""depth"": 5, ""leaf"": 5, ""scale"": 0.0, ""tau"": 0.5}",0.4
family-noise_n-200_noise-0.4_p-20_seed-3012_perm-0,family-noise_n-200_noise-0.4_p-20,noise,200,20,,3012,0,cart_strong,0.5051,13,0.465,7,"{""alpha"": 0.0, ""depth"": 5, ""leaf"": 5}",0.4
family-noise_n-200_noise-0.4_p-20_seed-3012_perm-0,family-noise_n-200_noise-0.4_p-20,noise,200,20,,3012,0,aloof,0.5082,14,0.5,11,"{""depth"": 5, ""leaf"": 5}",0.4
family-noise_n-200_noise-0.4_p-20_seed-3012_perm-0,family-noise_n-200_noise-0.4_p-20,noise,200,20,,3012,0,relative_bootstrap,0.5564,6,0.455,12,"{""depth"": 5, ""leaf"": 20, ""scale"": 0.0, ""tau"": 0.35}",0.4
family-noise_n-200_noise-0.4_p-20_seed-3012_perm-0,family-noise_n-200_noise-0.4_p-20,noise,200,20,,3012,0,weighted_bootstrap,0.5965,2,0.455,12,"{""depth"": 5, ""leaf"": 5, ""scale"": 0.3, ""tau"": 0.25}",0.4
family-noise_n-200_noise-0.4_p-20_seed-3012_perm-0,family-noise_n-200_noise-0.4_p-20,noise,200,20,,3012,0,relative_random_bootstrap,0.5407,20,0.46,12,"{""depth"": 5, ""leaf"": 5, ""scale"": 0.0, ""tau"": 0.0}",0.4
family-noise_n-200_noise-0.4_p-20_seed-3013_perm-0,family-noise_n-200_noise-0.4_p-20,noise,200,20,,3013,0,cart_strong,0.53,17,0.42,2,"{""alpha"": 0.01, ""depth"": 10, ""leaf"": 5}",0.4
family-noise_n-200_noise-0.4_p-20_seed-3013_perm-0,family-noise_n-200_noise-0.4_p-20,noise,200,20,,3013,0,aloof,0.5717,4,0.41,2,"{""depth"": 2, ""leaf"": 5}",0.4
family-noise_n-200_noise-0.4_p-20_seed-3013_perm-0,family-noise_n-200_noise-0.4_p-20,noise,200,20,,3013,0,relative_bootstrap,0.595,2,0.38,2,"{""depth"": 5, ""leaf"": 5, ""scale"": 0.0, ""tau"": 0.5}",0.4
family-noise_n-200_noise-0.4_p-20_seed-3013_perm-0,family-noise_n-200_noise-0.4_p-20,noise,200,20,,3013,0,weighted_bootstrap,0.595,2,0.38,2,"{""depth"": 5, ""leaf"": 5, ""scale"": 0.3, ""tau"": 0.25}",0.4
family-noise_n-200_noise-0.4_p-20_seed-3013_perm-0,family-noise_n-200_noise-0.4_p-20,noise,200,20,,3013,0,relative_random_bootstrap,0.595,2,0.38,2,"{""depth"": 5, ""leaf"": 5, ""scale"": 0.0, ""tau"": 0.5}",0.4
family-noise_n-200_noise-0.4_p-20_seed-3014_perm-0,family-noise_n-200_noise-0.4_p-20,noise,200,20,,3014,0,cart_strong,0.5166,37,0.455,0,"{""alpha"": 0.0, ""depth"": 10, ""leaf"": 1}",0.4
family-noise_n-200_noise-0.4_p-20_seed-3014_perm-0,family-noise_n-200_noise-0.4_p-20,noise,200,20,,3014,0,aloof,0.5653,4,0.485,0,"{""depth"": 2, ""leaf"": 5}",0.4
family-noise_n-200_noise-0.4_p-20_seed-3014_perm-0,family-noise_n-200_noise-0.4_p-20,noise,200,20,,3014,0,relative_bootstrap,0.5723,4,0.45,0,"{""depth"": 2, ""leaf"": 20, ""scale"": 0.0, ""tau"": 0.0}",0.4
family-noise_n-200_noise-0.4_p-20_seed-3014_perm-0,family-noise_n-200_noise-0.4_p-20,noise,200,20,,3014,0,weighted_bootstrap,0.5723,4,0.475,0,"{""depth"": 2, ""leaf"": 20, ""scale"": 0.3, ""tau"": 0.0}",0.4
family-noise_n-200_noise-0.4_p-20_seed-3014_perm-0,family-noise_n-200_noise-0.4_p-20,noise,200,20,,3014,0,relative_random_bootstrap,0.5941,7,0.465,0,"{""depth"": 5, ""leaf"": 20, ""scale"": 0.0, ""tau"": 0.0}",0.4
family-noise_n-200_noise-0.4_p-20_seed-3015_perm-0,family-noise_n-200_noise-0.4_p-20,noise,200,20,,3015,0,cart_strong,0.4954,24,0.455,19,"{""alpha"": 0.0, ""depth"": 10, ""leaf"": 5}",0.4
family-noise_n-200_noise-0.4_p-20_seed-3015_perm-0,family-noise_n-200_noise-0.4_p-20,noise,200,20,,3015,0,aloof,0.5282,7,0.45,17,"{""depth"": 5, ""leaf"": 20}",0.4
family-noise_n-200_noise-0.4_p-20_seed-3015_perm-0,family-noise_n-200_noise-0.4_p-20,noise,200,20,,3015,0,relative_random_bootstrap,0.5989,4,0.46,18,"{""depth"": 2, ""leaf"": 5, ""scale"": 0.0, ""tau"": 0.0}",0.4
family-noise_n-200_noise-0.4_p-20_seed-3015_perm-0,family-noise_n-200_noise-0.4_p-20,noise,200,20,,3015,0,relative_bootstrap,0.5118,11,0.455,17,"{""depth"": 5, ""leaf"": 5, ""scale"": 0.0, ""tau"": 0.35}",0.4
family-noise_n-200_noise-0.4_p-20_seed-3015_perm-0,family-noise_n-200_noise-0.4_p-20,noise,200,20,,3015,0,weighted_bootstrap,0.5361,22,0.4,17,"{""depth"": 5, ""leaf"": 5, ""scale"": 0.3, ""tau"": 0.0}",0.4
family-noise_n-200_noise-0.4_p-20_seed-3016_perm-0,family-noise_n-200_noise-0.4_p-20,noise,200,20,,3016,0,cart_strong,0.5131,18,0.42,2,"{""alpha"": 0.0, ""depth"": 5, ""leaf"": 1}",0.4
family-noise_n-200_noise-0.4_p-20_seed-3016_perm-0,family-noise_n-200_noise-0.4_p-20,noise,200,20,,3016,0,aloof,0.5875,4,0.41,2,"{""depth"": 2, ""leaf"": 5}",0.4
family-noise_n-200_noise-0.4_p-20_seed-3016_perm-0,family-noise_n-200_noise-0.4_p-20,noise,200,20,,3016,0,relative_bootstrap,0.6039,2,0.4,15,"{""depth"": 5, ""leaf"": 20, ""scale"": 0.0, ""tau"": 0.35}",0.4
family-noise_n-200_noise-0.4_p-20_seed-3016_perm-0,family-noise_n-200_noise-0.4_p-20,noise,200,20,,3016,0,relative_random_bootstrap,0.6039,2,0.4,15,"{""depth"": 5, ""leaf"": 20, ""scale"": 0.0, ""tau"": 0.35}",0.4
family-noise_n-200_noise-0.4_p-20_seed-3016_perm-0,family-noise_n-200_noise-0.4_p-20,noise,200,20,,3016,0,weighted_bootstrap,0.5875,4,0.44,15,"{""depth"": 5, ""leaf"": 5, ""scale"": 0.3, ""tau"": 0.25}",0.4
family-noise_n-200_noise-0.4_p-20_seed-3017_perm-0,family-noise_n-200_noise-0.4_p-20,noise,200,20,,3017,0,cart_strong,0.5022,25,0.45,5,"{""alpha"": 0.0, ""depth"": 10, ""leaf"": 5}",0.4
family-noise_n-200_noise-0.4_p-20_seed-3017_perm-0,family-noise_n-200_noise-0.4_p-20,noise,200,20,,3017,0,aloof,0.5025,15,0.465,3,"{""depth"": 5, ""leaf"": 5}",0.4
family-noise_n-200_noise-0.4_p-20_seed-3017_perm-0,family-noise_n-200_noise-0.4_p-20,noise,200,20,,3017,0,weighted_bootstrap,0.5028,1,0.45,-1,"{""depth"": 5, ""leaf"": 20, ""scale"": 0.3, ""tau"": 0.25}",0.4
family-noise_n-200_noise-0.4_p-20_seed-3017_perm-0,family-noise_n-200_noise-0.4_p-20,noise,200,20,,3017,0,relative_random_bootstrap,0.5554,8,0.47,10,"{""depth"": 5, ""leaf"": 20, ""scale"": 0.0, ""tau"": 0.25}",0.4
family-noise_n-200_noise-0.4_p-20_seed-3017_perm-0,family-noise_n-200_noise-0.4_p-20,noise,200,20,,3017,0,relative_bootstrap,0.5074,16,0.465,0,"{""depth"": 5, ""leaf"": 5, ""scale"": 0.0, ""tau"": 0.35}",0.4
family-noise_n-200_noise-0.4_p-20_seed-3018_perm-0,family-noise_n-200_noise-0.4_p-20,noise,200,20,,3018,0,cart_strong,0.5164,25,0.415,18,"{""alpha"": 0.0, ""depth"": 10, ""leaf"": 5}",0.4
family-noise_n-200_noise-0.4_p-20_seed-3018_perm-0,family-noise_n-200_noise-0.4_p-20,noise,200,20,,3018,0,aloof,0.5662,4,0.4,18,"{""depth"": 2, ""leaf"": 20}",0.4
family-noise_n-200_noise-0.4_p-20_seed-3018_perm-0,family-noise_n-200_noise-0.4_p-20,noise,200,20,,3018,0,relative_bootstrap,0.5795,6,0.425,16,"{""depth"": 5, ""leaf"": 20, ""scale"": 0.0, ""tau"": 0.25}",0.4
family-noise_n-200_noise-0.4_p-20_seed-3018_perm-0,family-noise_n-200_noise-0.4_p-20,noise,200,20,,3018,0,weighted_bootstrap,0.5995,2,0.42,16,"{""depth"": 5, ""leaf"": 20, ""scale"": 0.3, ""tau"": 0.25}",0.4
family-noise_n-200_noise-0.4_p-20_seed-3018_perm-0,family-noise_n-200_noise-0.4_p-20,noise,200,20,,3018,0,relative_random_bootstrap,0.5995,2,0.425,16,"{""depth"": 5, ""leaf"": 20, ""scale"": 0.0, ""tau"": 0.35}",0.4
family-noise_n-200_noise-0.4_p-20_seed-3019_perm-0,family-noise_n-200_noise-0.4_p-20,noise,200,20,,3019,0,cart_strong,0.521,15,0.485,19,"{""alpha"": 0.0, ""depth"": 5, ""leaf"": 5}",0.4
family-noise_n-200_noise-0.4_p-20_seed-3019_perm-0,family-noise_n-200_noise-0.4_p-20,noise,200,20,,3019,0,aloof,0.5936,4,0.47,19,"{""depth"": 2, ""leaf"": 5}",0.4
family-noise_n-200_noise-0.4_p-20_seed-3019_perm-0,family-noise_n-200_noise-0.4_p-20,noise,200,20,,3019,0,relative_random_bootstrap,0.5938,4,0.395,0,"{""depth"": 2, ""leaf"": 5, ""scale"": 0.0, ""tau"": 0.0}",0.4
family-noise_n-200_noise-0.4_p-20_seed-3019_perm-0,family-noise_n-200_noise-0.4_p-20,noise,200,20,,3019,0,relative_bootstrap,0.5733,7,0.395,0,"{""depth"": 5, ""leaf"": 20, ""scale"": 0.0, ""tau"": 0.25}",0.4
family-noise_n-200_noise-0.4_p-20_seed-3019_perm-0,family-noise_n-200_noise-0.4_p-20,noise,200,20,,3019,0,weighted_bootstrap,0.5412,8,0.4,0,"{""depth"": 5, ""leaf"": 20, ""scale"": 0.3, ""tau"": 0.0}",0.4
