scenario,method,perturbation,difference,low,high,datasets,passed
family-interaction_mixture-0.0_n-800_p-20,weighted_bootstrap,deeper,0.1987783333333333,0.14309887229650733,0.25445779437015925,20,True
family-interaction_mixture-0.0_n-800_p-20,weighted_bootstrap,fewer_resamples,0.11468166666666665,0.023035911287784358,0.20632742204554894,20,True
family-interaction_mixture-0.0_n-800_p-20,weighted_bootstrap,larger_leaves,0.18539166666666665,0.1268399111634545,0.2439434221698788,20,True
family-interaction_mixture-0.0_n-800_p-20,weighted_bootstrap,more_resamples,0.20469166666666666,0.1479195470865478,0.2614637862467855,20,True
family-interaction_mixture-0.0_n-800_p-20,weighted_bootstrap,shallower,0.054656666666666666,-0.07722775638698157,0.18654108972031488,20,True
family-interaction_mixture-0.0_n-800_p-20,weighted_bootstrap,smaller_leaves,0.1878,0.13062261905390674,0.24497738094609325,20,True
family-noise_n-200_noise-0.4_p-20,relative_bootstrap,deeper,0.047805000000000014,0.0328950208607796,0.06271497913922043,20,True
family-noise_n-200_noise-0.4_p-20,relative_bootstrap,fewer_resamples,0.04018500000000001,0.02319806013369907,0.05717193986630095,20,True
family-noise_n-200_noise-0.4_p-20,relative_bootstrap,larger_leaves,0.055425,0.04042625657023728,0.07042374342976272,20,True
family-noise_n-200_noise-0.4_p-20,relative_bootstrap,more_resamples,0.054215,0.04089260767765779,0.06753739232234221,20,True
family-noise_n-200_noise-0.4_p-20,relative_bootstrap,shallower,0.05394000000000002,0.037778588382370096,0.07010141161762995,20,True
family-noise_n-200_noise-0.4_p-20,relative_bootstrap,smaller_leaves,0.04353000000000001,0.027711644343342987,0.05934835565665704,20,True
family-noise_n-200_noise-0.4_p-20,relative_random_bootstrap,deeper,0.04710000000000001,0.030471065833506294,0.06372893416649372,20,True
family-noise_n-200_noise-0.4_p-20,relative_random_bootstrap,fewer_resamples,0.041675000000000004,0.025933333160650746,0.05741666683934926,20,True
family-noise_n-200_noise-0.4_p-20,relative_random_bootstrap,larger_leaves,0.049045000000000005,0.03233093238415072,0.06575906761584929,20,True
family-noise_n-200_noise-0.4_p-20,relative_random_bootstrap,more_resamples,0.047005,0.03199379017215549,0.062016209827844504,20,True
family-noise_n-200_noise-0.4_p-20,relative_random_bootstrap,shallower,0.04214500000000001,0.024997648947480345,0.059292351052519676,20,True
family-noise_n-200_noise-0.4_p-20,relative_random_bootstrap,smaller_leaves,0.04617000000000002,0.03000351959857887,0.06233648040142116,20,True
