condition,context,n,eta,delta,cap,arm,family,proportion
0,gaussian,200,0.4,0.25,2,cart,cart,0.815
0,gaussian,200,0.4,0.25,2,cart,constant,0.185
0,gaussian,200,0.4,0.25,2,constant,constant,1.0
0,gaussian,200,0.4,0.25,2,fixed_mixed,mixed,1.0
0,gaussian,200,0.4,0.25,2,fixed_raw,raw,1.0
0,gaussian,200,0.4,0.25,2,mixed,constant,0.195
0,gaussian,200,0.4,0.25,2,mixed,mixed,0.805
0,gaussian,200,0.4,0.25,2,raw,constant,0.185
0,gaussian,200,0.4,0.25,2,raw,raw,0.815
0,gaussian,200,0.4,0.25,2,selected,cart,0.4
0,gaussian,200,0.4,0.25,2,selected,constant,0.11
0,gaussian,200,0.4,0.25,2,selected,mixed,0.265
0,gaussian,200,0.4,0.25,2,selected,raw,0.225
0,gaussian,200,0.4,0.25,5,cart,cart,0.87
0,gaussian,200,0.4,0.25,5,cart,constant,0.13
0,gaussian,200,0.4,0.25,5,constant,constant,1.0
0,gaussian,200,0.4,0.25,5,fixed_mixed,mixed,1.0
0,gaussian,200,0.4,0.25,5,fixed_raw,raw,1.0
0,gaussian,200,0.4,0.25,5,mixed,constant,0.15
0,gaussian,200,0.4,0.25,5,mixed,mixed,0.85
0,gaussian,200,0.4,0.25,5,raw,constant,0.17
0,gaussian,200,0.4,0.25,5,raw,raw,0.83
0,gaussian,200,0.4,0.25,5,selected,cart,0.4
0,gaussian,200,0.4,0.25,5,selected,constant,0.08
0,gaussian,200,0.4,0.25,5,selected,mixed,0.31
0,gaussian,200,0.4,0.25,5,selected,raw,0.21
1,gaussian,800,0.4,0.25,2,cart,cart,0.995
1,gaussian,800,0.4,0.25,2,cart,constant,0.005
1,gaussian,800,0.4,0.25,2,constant,constant,1.0
1,gaussian,800,0.4,0.25,2,fixed_mixed,mixed,1.0
1,gaussian,800,0.4,0.25,2,fixed_raw,raw,1.0
1,gaussian,800,0.4,0.25,2,mixed,constant,0.005
1,gaussian,800,0.4,0.25,2,mixed,mixed,0.995
1,gaussian,800,0.4,0.25,2,raw,raw,1.0
1,gaussian,800,0.4,0.25,2,selected,cart,0.255
1,gaussian,800,0.4,0.25,2,selected,mixed,0.6
1,gaussian,800,0.4,0.25,2,selected,raw,0.145
1,gaussian,800,0.4,0.25,5,cart,cart,0.995
1,gaussian,800,0.4,0.25,5,cart,constant,0.005
1,gaussian,800,0.4,0.25,5,constant,constant,1.0
1,gaussian,800,0.4,0.25,5,fixed_mixed,mixed,1.0
1,gaussian,800,0.4,0.25,5,fixed_raw,raw,1.0
1,gaussian,800,0.4,0.25,5,mixed,constant,0.005
1,gaussian,800,0.4,0.25,5,mixed,mixed,0.995
1,gaussian,800,0.4,0.25,5,raw,raw,1.0
1,gaussian,800,0.4,0.25,5,selected,cart,0.245
1,gaussian,800,0.4,0.25,5,selected,mixed,0.59
1,gaussian,800,0.4,0.25,5,selected,raw,0.165
2,binary,200,0.4,0.25,2,cart,cart,0.76
2,binary,200,0.4,0.25,2,cart,constant,0.24
2,binary,200,0.4,0.25,2,constant,constant,1.0
2,binary,200,0.4,0.25,2,fixed_mixed,mixed,1.0
2,binary,200,0.4,0.25,2,fixed_raw,raw,1.0
2,binary,200,0.4,0.25,2,mixed,constant,0.21
2,binary,200,0.4,0.25,2,mixed,mixed,0.79
2,binary,200,0.4,0.25,2,raw,constant,0.185
2,binary,200,0.4,0.25,2,raw,raw,0.815
2,binary,200,0.4,0.25,2,selected,cart,0.25
2,binary,200,0.4,0.25,2,selected,constant,0.1
2,binary,200,0.4,0.25,2,selected,mixed,0.435
2,binary,200,0.4,0.25,2,selected,raw,0.215
2,binary,200,0.4,0.25,5,cart,cart,0.835
2,binary,200,0.4,0.25,5,cart,constant,0.165
2,binary,200,0.4,0.25,5,constant,constant,1.0
2,binary,200,0.4,0.25,5,fixed_mixed,mixed,1.0
2,binary,200,0.4,0.25,5,fixed_raw,raw,1.0
2,binary,200,0.4,0.25,5,mixed,constant,0.175
2,binary,200,0.4,0.25,5,mixed,mixed,0.825
2,binary,200,0.4,0.25,5,raw,constant,0.14
2,binary,200,0.4,0.25,5,raw,raw,0.86
2,binary,200,0.4,0.25,5,selected,cart,0.255
2,binary,200,0.4,0.25,5,selected,constant,0.055
2,binary,200,0.4,0.25,5,selected,mixed,0.44
2,binary,200,0.4,0.25,5,selected,raw,0.25
3,binary,800,0.4,0.25,2,cart,cart,0.995
3,binary,800,0.4,0.25,2,cart,constant,0.005
3,binary,800,0.4,0.25,2,constant,constant,1.0
3,binary,800,0.4,0.25,2,fixed_mixed,mixed,1.0
3,binary,800,0.4,0.25,2,fixed_raw,raw,1.0
3,binary,800,0.4,0.25,2,mixed,mixed,1.0
3,binary,800,0.4,0.25,2,raw,constant,0.005
3,binary,800,0.4,0.25,2,raw,raw,0.995
3,binary,800,0.4,0.25,2,selected,cart,0.17
3,binary,800,0.4,0.25,2,selected,mixed,0.665
3,binary,800,0.4,0.25,2,selected,raw,0.165
3,binary,800,0.4,0.25,5,cart,cart,0.995
3,binary,800,0.4,0.25,5,cart,constant,0.005
3,binary,800,0.4,0.25,5,constant,constant,1.0
3,binary,800,0.4,0.25,5,fixed_mixed,mixed,1.0
3,binary,800,0.4,0.25,5,fixed_raw,raw,1.0
3,binary,800,0.4,0.25,5,mixed,mixed,1.0
3,binary,800,0.4,0.25,5,raw,raw,1.0
3,binary,800,0.4,0.25,5,selected,cart,0.17
3,binary,800,0.4,0.25,5,selected,mixed,0.66
3,binary,800,0.4,0.25,5,selected,raw,0.17
4,mixed,200,0.4,0.25,2,cart,cart,0.795
4,mixed,200,0.4,0.25,2,cart,constant,0.205
4,mixed,200,0.4,0.25,2,constant,constant,1.0
4,mixed,200,0.4,0.25,2,fixed_mixed,mixed,1.0
4,mixed,200,0.4,0.25,2,fixed_raw,raw,1.0
4,mixed,200,0.4,0.25,2,mixed,constant,0.205
4,mixed,200,0.4,0.25,2,mixed,mixed,0.795
4,mixed,200,0.4,0.25,2,raw,constant,0.195
4,mixed,200,0.4,0.25,2,raw,raw,0.805
4,mixed,200,0.4,0.25,2,selected,cart,0.33
4,mixed,200,0.4,0.25,2,selected,constant,0.11
4,mixed,200,0.4,0.25,2,selected,mixed,0.31
4,mixed,200,0.4,0.25,2,selected,raw,0.25
4,mixed,200,0.4,0.25,5,cart,cart,0.835
4,mixed,200,0.4,0.25,5,cart,constant,0.165
4,mixed,200,0.4,0.25,5,constant,constant,1.0
4,mixed,200,0.4,0.25,5,fixed_mixed,mixed,1.0
4,mixed,200,0.4,0.25,5,fixed_raw,raw,1.0
4,mixed,200,0.4,0.25,5,mixed,constant,0.135
4,mixed,200,0.4,0.25,5,mixed,mixed,0.865
4,mixed,200,0.4,0.25,5,raw,constant,0.17
4,mixed,200,0.4,0.25,5,raw,raw,0.83
4,mixed,200,0.4,0.25,5,selected,cart,0.32
4,mixed,200,0.4,0.25,5,selected,constant,0.075
4,mixed,200,0.4,0.25,5,selected,mixed,0.375
4,mixed,200,0.4,0.25,5,selected,raw,0.23
5,mixed,800,0.4,0.25,2,cart,cart,0.995
5,mixed,800,0.4,0.25,2,cart,constant,0.005
5,mixed,800,0.4,0.25,2,constant,constant,1.0
5,mixed,800,0.4,0.25,2,fixed_mixed,mixed,1.0
5,mixed,800,0.4,0.25,2,fixed_raw,raw,1.0
5,mixed,800,0.4,0.25,2,mixed,mixed,1.0
5,mixed,800,0.4,0.25,2,raw,constant,0.005
5,mixed,800,0.4,0.25,2,raw,raw,0.995
5,mixed,800,0.4,0.25,2,selected,cart,0.18
5,mixed,800,0.4,0.25,2,selected,mixed,0.675
5,mixed,800,0.4,0.25,2,selected,raw,0.145
5,mixed,800,0.4,0.25,5,cart,cart,1.0
5,mixed,800,0.4,0.25,5,constant,constant,1.0
5,mixed,800,0.4,0.25,5,fixed_mixed,mixed,1.0
5,mixed,800,0.4,0.25,5,fixed_raw,raw,1.0
5,mixed,800,0.4,0.25,5,mixed,mixed,1.0
5,mixed,800,0.4,0.25,5,raw,constant,0.005
5,mixed,800,0.4,0.25,5,raw,raw,0.995
5,mixed,800,0.4,0.25,5,selected,cart,0.18
5,mixed,800,0.4,0.25,5,selected,mixed,0.67
5,mixed,800,0.4,0.25,5,selected,raw,0.15
6,correlated,200,0.4,0.25,2,cart,cart,0.88
6,correlated,200,0.4,0.25,2,cart,constant,0.12
6,correlated,200,0.4,0.25,2,constant,constant,1.0
6,correlated,200,0.4,0.25,2,fixed_mixed,mixed,1.0
6,correlated,200,0.4,0.25,2,fixed_raw,raw,1.0
6,correlated,200,0.4,0.25,2,mixed,constant,0.165
6,correlated,200,0.4,0.25,2,mixed,mixed,0.835
6,correlated,200,0.4,0.25,2,raw,constant,0.15
6,correlated,200,0.4,0.25,2,raw,raw,0.85
6,correlated,200,0.4,0.25,2,selected,cart,0.39
6,correlated,200,0.4,0.25,2,selected,constant,0.065
6,correlated,200,0.4,0.25,2,selected,mixed,0.315
6,correlated,200,0.4,0.25,2,selected,raw,0.23
6,correlated,200,0.4,0.25,5,cart,cart,0.9
6,correlated,200,0.4,0.25,5,cart,constant,0.1
6,correlated,200,0.4,0.25,5,constant,constant,1.0
6,correlated,200,0.4,0.25,5,fixed_mixed,mixed,1.0
6,correlated,200,0.4,0.25,5,fixed_raw,raw,1.0
6,correlated,200,0.4,0.25,5,mixed,constant,0.095
6,correlated,200,0.4,0.25,5,mixed,mixed,0.905
6,correlated,200,0.4,0.25,5,raw,constant,0.095
6,correlated,200,0.4,0.25,5,raw,raw,0.905
6,correlated,200,0.4,0.25,5,selected,cart,0.385
6,correlated,200,0.4,0.25,5,selected,constant,0.045
6,correlated,200,0.4,0.25,5,selected,mixed,0.295
6,correlated,200,0.4,0.25,5,selected,raw,0.275
7,correlated,800,0.4,0.25,2,cart,cart,0.99
7,correlated,800,0.4,0.25,2,cart,constant,0.01
7,correlated,800,0.4,0.25,2,constant,constant,1.0
7,correlated,800,0.4,0.25,2,fixed_mixed,mixed,1.0
7,correlated,800,0.4,0.25,2,fixed_raw,raw,1.0
7,correlated,800,0.4,0.25,2,mixed,mixed,1.0
7,correlated,800,0.4,0.25,2,raw,raw,1.0
7,correlated,800,0.4,0.25,2,selected,cart,0.2
7,correlated,800,0.4,0.25,2,selected,mixed,0.65
7,correlated,800,0.4,0.25,2,selected,raw,0.15
7,correlated,800,0.4,0.25,5,cart,cart,1.0
7,correlated,800,0.4,0.25,5,constant,constant,1.0
7,correlated,800,0.4,0.25,5,fixed_mixed,mixed,1.0
7,correlated,800,0.4,0.25,5,fixed_raw,raw,1.0
7,correlated,800,0.4,0.25,5,mixed,mixed,1.0
7,correlated,800,0.4,0.25,5,raw,raw,1.0
7,correlated,800,0.4,0.25,5,selected,cart,0.19
7,correlated,800,0.4,0.25,5,selected,mixed,0.65
7,correlated,800,0.4,0.25,5,selected,raw,0.16
8,xor,200,0.4,0.25,2,cart,cart,0.675
8,xor,200,0.4,0.25,2,cart,constant,0.325
8,xor,200,0.4,0.25,2,constant,constant,1.0
8,xor,200,0.4,0.25,2,fixed_mixed,mixed,1.0
8,xor,200,0.4,0.25,2,fixed_raw,raw,1.0
8,xor,200,0.4,0.25,2,mixed,constant,0.35
8,xor,200,0.4,0.25,2,mixed,mixed,0.65
8,xor,200,0.4,0.25,2,raw,constant,0.335
8,xor,200,0.4,0.25,2,raw,raw,0.665
8,xor,200,0.4,0.25,2,selected,cart,0.355
8,xor,200,0.4,0.25,2,selected,constant,0.255
8,xor,200,0.4,0.25,2,selected,mixed,0.125
8,xor,200,0.4,0.25,2,selected,raw,0.265
8,xor,200,0.4,0.25,5,cart,cart,0.73
8,xor,200,0.4,0.25,5,cart,constant,0.27
8,xor,200,0.4,0.25,5,constant,constant,1.0
8,xor,200,0.4,0.25,5,fixed_mixed,mixed,1.0
8,xor,200,0.4,0.25,5,fixed_raw,raw,1.0
8,xor,200,0.4,0.25,5,mixed,constant,0.28
8,xor,200,0.4,0.25,5,mixed,mixed,0.72
8,xor,200,0.4,0.25,5,raw,constant,0.285
8,xor,200,0.4,0.25,5,raw,raw,0.715
8,xor,200,0.4,0.25,5,selected,cart,0.42
8,xor,200,0.4,0.25,5,selected,constant,0.17
8,xor,200,0.4,0.25,5,selected,mixed,0.17
8,xor,200,0.4,0.25,5,selected,raw,0.24
9,xor,800,0.4,0.25,2,cart,cart,0.615
9,xor,800,0.4,0.25,2,cart,constant,0.385
9,xor,800,0.4,0.25,2,constant,constant,1.0
9,xor,800,0.4,0.25,2,fixed_mixed,mixed,1.0
9,xor,800,0.4,0.25,2,fixed_raw,raw,1.0
9,xor,800,0.4,0.25,2,mixed,constant,0.34
9,xor,800,0.4,0.25,2,mixed,mixed,0.66
9,xor,800,0.4,0.25,2,raw,constant,0.33
9,xor,800,0.4,0.25,2,raw,raw,0.67
9,xor,800,0.4,0.25,2,selected,cart,0.265
9,xor,800,0.4,0.25,2,selected,constant,0.235
9,xor,800,0.4,0.25,2,selected,mixed,0.16
9,xor,800,0.4,0.25,2,selected,raw,0.34
9,xor,800,0.4,0.25,5,cart,cart,0.73
9,xor,800,0.4,0.25,5,cart,constant,0.27
9,xor,800,0.4,0.25,5,constant,constant,1.0
9,xor,800,0.4,0.25,5,fixed_mixed,mixed,1.0
9,xor,800,0.4,0.25,5,fixed_raw,raw,1.0
9,xor,800,0.4,0.25,5,mixed,constant,0.225
9,xor,800,0.4,0.25,5,mixed,mixed,0.775
9,xor,800,0.4,0.25,5,raw,constant,0.235
9,xor,800,0.4,0.25,5,raw,raw,0.765
9,xor,800,0.4,0.25,5,selected,cart,0.28
9,xor,800,0.4,0.25,5,selected,constant,0.11
9,xor,800,0.4,0.25,5,selected,mixed,0.305
9,xor,800,0.4,0.25,5,selected,raw,0.305
10,majority,200,0.4,0.25,2,cart,cart,0.725
10,majority,200,0.4,0.25,2,cart,constant,0.275
10,majority,200,0.4,0.25,2,constant,constant,1.0
10,majority,200,0.4,0.25,2,fixed_mixed,mixed,1.0
10,majority,200,0.4,0.25,2,fixed_raw,raw,1.0
10,majority,200,0.4,0.25,2,mixed,constant,0.25
10,majority,200,0.4,0.25,2,mixed,mixed,0.75
10,majority,200,0.4,0.25,2,raw,constant,0.285
10,majority,200,0.4,0.25,2,raw,raw,0.715
10,majority,200,0.4,0.25,2,selected,cart,0.34
10,majority,200,0.4,0.25,2,selected,constant,0.175
10,majority,200,0.4,0.25,2,selected,mixed,0.28
10,majority,200,0.4,0.25,2,selected,raw,0.205
10,majority,200,0.4,0.25,5,cart,cart,0.795
10,majority,200,0.4,0.25,5,cart,constant,0.205
10,majority,200,0.4,0.25,5,constant,constant,1.0
10,majority,200,0.4,0.25,5,fixed_mixed,mixed,1.0
10,majority,200,0.4,0.25,5,fixed_raw,raw,1.0
10,majority,200,0.4,0.25,5,mixed,constant,0.18
10,majority,200,0.4,0.25,5,mixed,mixed,0.82
10,majority,200,0.4,0.25,5,raw,constant,0.2
10,majority,200,0.4,0.25,5,raw,raw,0.8
10,majority,200,0.4,0.25,5,selected,cart,0.36
10,majority,200,0.4,0.25,5,selected,constant,0.08
10,majority,200,0.4,0.25,5,selected,mixed,0.345
10,majority,200,0.4,0.25,5,selected,raw,0.215
11,majority,800,0.4,0.25,2,cart,cart,0.885
11,majority,800,0.4,0.25,2,cart,constant,0.115
11,majority,800,0.4,0.25,2,constant,constant,1.0
11,majority,800,0.4,0.25,2,fixed_mixed,mixed,1.0
11,majority,800,0.4,0.25,2,fixed_raw,raw,1.0
11,majority,800,0.4,0.25,2,mixed,constant,0.105
11,majority,800,0.4,0.25,2,mixed,mixed,0.895
11,majority,800,0.4,0.25,2,raw,constant,0.115
11,majority,800,0.4,0.25,2,raw,raw,0.885
11,majority,800,0.4,0.25,2,selected,cart,0.34
11,majority,800,0.4,0.25,2,selected,constant,0.04
11,majority,800,0.4,0.25,2,selected,mixed,0.375
11,majority,800,0.4,0.25,2,selected,raw,0.245
11,majority,800,0.4,0.25,5,cart,cart,0.925
11,majority,800,0.4,0.25,5,cart,constant,0.075
11,majority,800,0.4,0.25,5,constant,constant,1.0
11,majority,800,0.4,0.25,5,fixed_mixed,mixed,1.0
11,majority,800,0.4,0.25,5,fixed_raw,raw,1.0
11,majority,800,0.4,0.25,5,mixed,constant,0.015
11,majority,800,0.4,0.25,5,mixed,mixed,0.985
11,majority,800,0.4,0.25,5,raw,constant,0.07
11,majority,800,0.4,0.25,5,raw,raw,0.93
11,majority,800,0.4,0.25,5,selected,cart,0.23
11,majority,800,0.4,0.25,5,selected,constant,0.005
11,majority,800,0.4,0.25,5,selected,mixed,0.565
11,majority,800,0.4,0.25,5,selected,raw,0.2
12,breast_cancer,200,0.4,0.25,2,cart,cart,0.83
12,breast_cancer,200,0.4,0.25,2,cart,constant,0.17
12,breast_cancer,200,0.4,0.25,2,constant,constant,1.0
12,breast_cancer,200,0.4,0.25,2,fixed_mixed,mixed,1.0
12,breast_cancer,200,0.4,0.25,2,fixed_raw,raw,1.0
12,breast_cancer,200,0.4,0.25,2,mixed,constant,0.155
12,breast_cancer,200,0.4,0.25,2,mixed,mixed,0.845
12,breast_cancer,200,0.4,0.25,2,raw,constant,0.13
12,breast_cancer,200,0.4,0.25,2,raw,raw,0.87
12,breast_cancer,200,0.4,0.25,2,selected,cart,0.36
12,breast_cancer,200,0.4,0.25,2,selected,constant,0.095
12,breast_cancer,200,0.4,0.25,2,selected,mixed,0.29
12,breast_cancer,200,0.4,0.25,2,selected,raw,0.255
12,breast_cancer,200,0.4,0.25,5,cart,cart,0.905
12,breast_cancer,200,0.4,0.25,5,cart,constant,0.095
12,breast_cancer,200,0.4,0.25,5,constant,constant,1.0
12,breast_cancer,200,0.4,0.25,5,fixed_mixed,mixed,1.0
12,breast_cancer,200,0.4,0.25,5,fixed_raw,raw,1.0
12,breast_cancer,200,0.4,0.25,5,mixed,constant,0.1
12,breast_cancer,200,0.4,0.25,5,mixed,mixed,0.9
12,breast_cancer,200,0.4,0.25,5,raw,constant,0.1
12,breast_cancer,200,0.4,0.25,5,raw,raw,0.9
12,breast_cancer,200,0.4,0.25,5,selected,cart,0.4
12,breast_cancer,200,0.4,0.25,5,selected,constant,0.045
12,breast_cancer,200,0.4,0.25,5,selected,mixed,0.335
12,breast_cancer,200,0.4,0.25,5,selected,raw,0.22
13,breast_cancer,800,0.4,0.25,2,cart,cart,0.99
13,breast_cancer,800,0.4,0.25,2,cart,constant,0.01
13,breast_cancer,800,0.4,0.25,2,constant,constant,1.0
13,breast_cancer,800,0.4,0.25,2,fixed_mixed,mixed,1.0
13,breast_cancer,800,0.4,0.25,2,fixed_raw,raw,1.0
13,breast_cancer,800,0.4,0.25,2,mixed,constant,0.005
13,breast_cancer,800,0.4,0.25,2,mixed,mixed,0.995
13,breast_cancer,800,0.4,0.25,2,raw,constant,0.015
13,breast_cancer,800,0.4,0.25,2,raw,raw,0.985
13,breast_cancer,800,0.4,0.25,2,selected,cart,0.22
13,breast_cancer,800,0.4,0.25,2,selected,constant,0.005
13,breast_cancer,800,0.4,0.25,2,selected,mixed,0.67
13,breast_cancer,800,0.4,0.25,2,selected,raw,0.105
13,breast_cancer,800,0.4,0.25,5,cart,cart,0.995
13,breast_cancer,800,0.4,0.25,5,cart,constant,0.005
13,breast_cancer,800,0.4,0.25,5,constant,constant,1.0
13,breast_cancer,800,0.4,0.25,5,fixed_mixed,mixed,1.0
13,breast_cancer,800,0.4,0.25,5,fixed_raw,raw,1.0
13,breast_cancer,800,0.4,0.25,5,mixed,mixed,1.0
13,breast_cancer,800,0.4,0.25,5,raw,constant,0.005
13,breast_cancer,800,0.4,0.25,5,raw,raw,0.995
13,breast_cancer,800,0.4,0.25,5,selected,cart,0.22
13,breast_cancer,800,0.4,0.25,5,selected,mixed,0.67
13,breast_cancer,800,0.4,0.25,5,selected,raw,0.11
14,wine,200,0.4,0.25,2,cart,cart,0.82
14,wine,200,0.4,0.25,2,cart,constant,0.18
14,wine,200,0.4,0.25,2,constant,constant,1.0
14,wine,200,0.4,0.25,2,fixed_mixed,mixed,1.0
14,wine,200,0.4,0.25,2,fixed_raw,raw,1.0
14,wine,200,0.4,0.25,2,mixed,constant,0.18
14,wine,200,0.4,0.25,2,mixed,mixed,0.82
14,wine,200,0.4,0.25,2,raw,constant,0.155
14,wine,200,0.4,0.25,2,raw,raw,0.845
14,wine,200,0.4,0.25,2,selected,cart,0.36
14,wine,200,0.4,0.25,2,selected,constant,0.085
14,wine,200,0.4,0.25,2,selected,mixed,0.3
14,wine,200,0.4,0.25,2,selected,raw,0.255
14,wine,200,0.4,0.25,5,cart,cart,0.87
14,wine,200,0.4,0.25,5,cart,constant,0.13
14,wine,200,0.4,0.25,5,constant,constant,1.0
14,wine,200,0.4,0.25,5,fixed_mixed,mixed,1.0
14,wine,200,0.4,0.25,5,fixed_raw,raw,1.0
14,wine,200,0.4,0.25,5,mixed,constant,0.1
14,wine,200,0.4,0.25,5,mixed,mixed,0.9
14,wine,200,0.4,0.25,5,raw,constant,0.105
14,wine,200,0.4,0.25,5,raw,raw,0.895
14,wine,200,0.4,0.25,5,selected,cart,0.355
14,wine,200,0.4,0.25,5,selected,constant,0.035
14,wine,200,0.4,0.25,5,selected,mixed,0.355
14,wine,200,0.4,0.25,5,selected,raw,0.255
15,wine,800,0.4,0.25,2,cart,cart,1.0
15,wine,800,0.4,0.25,2,constant,constant,1.0
15,wine,800,0.4,0.25,2,fixed_mixed,mixed,1.0
15,wine,800,0.4,0.25,2,fixed_raw,raw,1.0
15,wine,800,0.4,0.25,2,mixed,mixed,1.0
15,wine,800,0.4,0.25,2,raw,raw,1.0
15,wine,800,0.4,0.25,2,selected,cart,0.235
15,wine,800,0.4,0.25,2,selected,mixed,0.61
15,wine,800,0.4,0.25,2,selected,raw,0.155
15,wine,800,0.4,0.25,5,cart,cart,1.0
15,wine,800,0.4,0.25,5,constant,constant,1.0
15,wine,800,0.4,0.25,5,fixed_mixed,mixed,1.0
15,wine,800,0.4,0.25,5,fixed_raw,raw,1.0
15,wine,800,0.4,0.25,5,mixed,mixed,1.0
15,wine,800,0.4,0.25,5,raw,raw,1.0
15,wine,800,0.4,0.25,5,selected,cart,0.215
15,wine,800,0.4,0.25,5,selected,mixed,0.625
15,wine,800,0.4,0.25,5,selected,raw,0.16
16,digits,200,0.4,0.25,2,cart,cart,0.845
16,digits,200,0.4,0.25,2,cart,constant,0.155
16,digits,200,0.4,0.25,2,constant,constant,1.0
16,digits,200,0.4,0.25,2,fixed_mixed,mixed,1.0
16,digits,200,0.4,0.25,2,fixed_raw,raw,1.0
16,digits,200,0.4,0.25,2,mixed,constant,0.245
16,digits,200,0.4,0.25,2,mixed,mixed,0.755
16,digits,200,0.4,0.25,2,raw,constant,0.21
16,digits,200,0.4,0.25,2,raw,raw,0.79
16,digits,200,0.4,0.25,2,selected,cart,0.4
16,digits,200,0.4,0.25,2,selected,constant,0.125
16,digits,200,0.4,0.25,2,selected,mixed,0.16
16,digits,200,0.4,0.25,2,selected,raw,0.315
16,digits,200,0.4,0.25,5,cart,cart,0.855
16,digits,200,0.4,0.25,5,cart,constant,0.145
16,digits,200,0.4,0.25,5,constant,constant,1.0
16,digits,200,0.4,0.25,5,fixed_mixed,mixed,1.0
16,digits,200,0.4,0.25,5,fixed_raw,raw,1.0
16,digits,200,0.4,0.25,5,mixed,constant,0.195
16,digits,200,0.4,0.25,5,mixed,mixed,0.805
16,digits,200,0.4,0.25,5,raw,constant,0.185
16,digits,200,0.4,0.25,5,raw,raw,0.815
16,digits,200,0.4,0.25,5,selected,cart,0.395
16,digits,200,0.4,0.25,5,selected,constant,0.1
16,digits,200,0.4,0.25,5,selected,mixed,0.235
16,digits,200,0.4,0.25,5,selected,raw,0.27
17,digits,800,0.4,0.25,2,cart,cart,0.995
17,digits,800,0.4,0.25,2,cart,constant,0.005
17,digits,800,0.4,0.25,2,constant,constant,1.0
17,digits,800,0.4,0.25,2,fixed_mixed,mixed,1.0
17,digits,800,0.4,0.25,2,fixed_raw,raw,1.0
17,digits,800,0.4,0.25,2,mixed,mixed,1.0
17,digits,800,0.4,0.25,2,raw,constant,0.02
17,digits,800,0.4,0.25,2,raw,raw,0.98
17,digits,800,0.4,0.25,2,selected,cart,0.27
17,digits,800,0.4,0.25,2,selected,mixed,0.64
17,digits,800,0.4,0.25,2,selected,raw,0.09
17,digits,800,0.4,0.25,5,cart,cart,1.0
17,digits,800,0.4,0.25,5,constant,constant,1.0
17,digits,800,0.4,0.25,5,fixed_mixed,mixed,1.0
17,digits,800,0.4,0.25,5,fixed_raw,raw,1.0
17,digits,800,0.4,0.25,5,mixed,mixed,1.0
17,digits,800,0.4,0.25,5,raw,constant,0.02
17,digits,800,0.4,0.25,5,raw,raw,0.98
17,digits,800,0.4,0.25,5,selected,cart,0.26
17,digits,800,0.4,0.25,5,selected,mixed,0.645
17,digits,800,0.4,0.25,5,selected,raw,0.095
18,gaussian,200,0.1,0.25,2,cart,cart,1.0
18,gaussian,200,0.1,0.25,2,constant,constant,1.0
18,gaussian,200,0.1,0.25,2,fixed_mixed,mixed,1.0
18,gaussian,200,0.1,0.25,2,fixed_raw,raw,1.0
18,gaussian,200,0.1,0.25,2,mixed,mixed,1.0
18,gaussian,200,0.1,0.25,2,raw,raw,1.0
18,gaussian,200,0.1,0.25,2,selected,cart,0.615
18,gaussian,200,0.1,0.25,2,selected,mixed,0.28
18,gaussian,200,0.1,0.25,2,selected,raw,0.105
18,gaussian,200,0.1,0.25,5,cart,cart,1.0
18,gaussian,200,0.1,0.25,5,constant,constant,1.0
18,gaussian,200,0.1,0.25,5,fixed_mixed,mixed,1.0
18,gaussian,200,0.1,0.25,5,fixed_raw,raw,1.0
18,gaussian,200,0.1,0.25,5,mixed,mixed,1.0
18,gaussian,200,0.1,0.25,5,raw,raw,1.0
18,gaussian,200,0.1,0.25,5,selected,cart,0.615
18,gaussian,200,0.1,0.25,5,selected,mixed,0.28
18,gaussian,200,0.1,0.25,5,selected,raw,0.105
19,xor,200,0.1,0.25,2,cart,cart,0.73
19,xor,200,0.1,0.25,2,cart,constant,0.27
19,xor,200,0.1,0.25,2,constant,constant,1.0
19,xor,200,0.1,0.25,2,fixed_mixed,mixed,1.0
19,xor,200,0.1,0.25,2,fixed_raw,raw,1.0
19,xor,200,0.1,0.25,2,mixed,constant,0.315
19,xor,200,0.1,0.25,2,mixed,mixed,0.685
19,xor,200,0.1,0.25,2,raw,constant,0.29
19,xor,200,0.1,0.25,2,raw,raw,0.71
19,xor,200,0.1,0.25,2,selected,cart,0.375
19,xor,200,0.1,0.25,2,selected,constant,0.2
19,xor,200,0.1,0.25,2,selected,mixed,0.105
19,xor,200,0.1,0.25,2,selected,raw,0.32
19,xor,200,0.1,0.25,5,cart,cart,0.86
19,xor,200,0.1,0.25,5,cart,constant,0.14
19,xor,200,0.1,0.25,5,constant,constant,1.0
19,xor,200,0.1,0.25,5,fixed_mixed,mixed,1.0
19,xor,200,0.1,0.25,5,fixed_raw,raw,1.0
19,xor,200,0.1,0.25,5,mixed,constant,0.075
19,xor,200,0.1,0.25,5,mixed,mixed,0.925
19,xor,200,0.1,0.25,5,raw,constant,0.045
19,xor,200,0.1,0.25,5,raw,raw,0.955
19,xor,200,0.1,0.25,5,selected,cart,0.16
19,xor,200,0.1,0.25,5,selected,constant,0.01
19,xor,200,0.1,0.25,5,selected,mixed,0.245
19,xor,200,0.1,0.25,5,selected,raw,0.585
20,majority,200,0.1,0.25,2,cart,cart,1.0
20,majority,200,0.1,0.25,2,constant,constant,1.0
20,majority,200,0.1,0.25,2,fixed_mixed,mixed,1.0
20,majority,200,0.1,0.25,2,fixed_raw,raw,1.0
20,majority,200,0.1,0.25,2,mixed,mixed,1.0
20,majority,200,0.1,0.25,2,raw,raw,1.0
20,majority,200,0.1,0.25,2,selected,cart,0.37
20,majority,200,0.1,0.25,2,selected,mixed,0.35
20,majority,200,0.1,0.25,2,selected,raw,0.28
20,majority,200,0.1,0.25,5,cart,cart,1.0
20,majority,200,0.1,0.25,5,constant,constant,1.0
20,majority,200,0.1,0.25,5,fixed_mixed,mixed,1.0
20,majority,200,0.1,0.25,5,fixed_raw,raw,1.0
20,majority,200,0.1,0.25,5,mixed,mixed,1.0
20,majority,200,0.1,0.25,5,raw,raw,1.0
20,majority,200,0.1,0.25,5,selected,cart,0.01
20,majority,200,0.1,0.25,5,selected,mixed,0.94
20,majority,200,0.1,0.25,5,selected,raw,0.05
21,gaussian,200,0.4,0.0,2,cart,cart,0.765
21,gaussian,200,0.4,0.0,2,cart,constant,0.235
21,gaussian,200,0.4,0.0,2,constant,constant,1.0
21,gaussian,200,0.4,0.0,2,fixed_mixed,mixed,1.0
21,gaussian,200,0.4,0.0,2,fixed_raw,raw,1.0
21,gaussian,200,0.4,0.0,2,mixed,constant,0.22
21,gaussian,200,0.4,0.0,2,mixed,mixed,0.78
21,gaussian,200,0.4,0.0,2,raw,constant,0.22
21,gaussian,200,0.4,0.0,2,raw,raw,0.78
21,gaussian,200,0.4,0.0,2,selected,cart,0.41
21,gaussian,200,0.4,0.0,2,selected,constant,0.155
21,gaussian,200,0.4,0.0,2,selected,raw,0.435
21,gaussian,200,0.4,0.0,5,cart,cart,0.815
21,gaussian,200,0.4,0.0,5,cart,constant,0.185
21,gaussian,200,0.4,0.0,5,constant,constant,1.0
21,gaussian,200,0.4,0.0,5,fixed_mixed,mixed,1.0
21,gaussian,200,0.4,0.0,5,fixed_raw,raw,1.0
21,gaussian,200,0.4,0.0,5,mixed,constant,0.15
21,gaussian,200,0.4,0.0,5,mixed,mixed,0.85
21,gaussian,200,0.4,0.0,5,raw,constant,0.15
21,gaussian,200,0.4,0.0,5,raw,raw,0.85
21,gaussian,200,0.4,0.0,5,selected,cart,0.385
21,gaussian,200,0.4,0.0,5,selected,constant,0.095
21,gaussian,200,0.4,0.0,5,selected,raw,0.52
22,gaussian,200,0.4,0.1,2,cart,cart,0.795
22,gaussian,200,0.4,0.1,2,cart,constant,0.205
22,gaussian,200,0.4,0.1,2,constant,constant,1.0
22,gaussian,200,0.4,0.1,2,fixed_mixed,mixed,1.0
22,gaussian,200,0.4,0.1,2,fixed_raw,raw,1.0
22,gaussian,200,0.4,0.1,2,mixed,constant,0.19
22,gaussian,200,0.4,0.1,2,mixed,mixed,0.81
22,gaussian,200,0.4,0.1,2,raw,constant,0.16
22,gaussian,200,0.4,0.1,2,raw,raw,0.84
22,gaussian,200,0.4,0.1,2,selected,cart,0.355
22,gaussian,200,0.4,0.1,2,selected,constant,0.1
22,gaussian,200,0.4,0.1,2,selected,mixed,0.28
22,gaussian,200,0.4,0.1,2,selected,raw,0.265
22,gaussian,200,0.4,0.1,5,cart,cart,0.835
22,gaussian,200,0.4,0.1,5,cart,constant,0.165
22,gaussian,200,0.4,0.1,5,constant,constant,1.0
22,gaussian,200,0.4,0.1,5,fixed_mixed,mixed,1.0
22,gaussian,200,0.4,0.1,5,fixed_raw,raw,1.0
22,gaussian,200,0.4,0.1,5,mixed,constant,0.11
22,gaussian,200,0.4,0.1,5,mixed,mixed,0.89
22,gaussian,200,0.4,0.1,5,raw,constant,0.11
22,gaussian,200,0.4,0.1,5,raw,raw,0.89
22,gaussian,200,0.4,0.1,5,selected,cart,0.335
22,gaussian,200,0.4,0.1,5,selected,constant,0.065
22,gaussian,200,0.4,0.1,5,selected,mixed,0.305
22,gaussian,200,0.4,0.1,5,selected,raw,0.295
23,gaussian,200,0.4,0.4,2,cart,cart,0.765
23,gaussian,200,0.4,0.4,2,cart,constant,0.235
23,gaussian,200,0.4,0.4,2,constant,constant,1.0
23,gaussian,200,0.4,0.4,2,fixed_mixed,mixed,1.0
23,gaussian,200,0.4,0.4,2,fixed_raw,raw,1.0
23,gaussian,200,0.4,0.4,2,mixed,constant,0.235
23,gaussian,200,0.4,0.4,2,mixed,mixed,0.765
23,gaussian,200,0.4,0.4,2,raw,constant,0.235
23,gaussian,200,0.4,0.4,2,raw,raw,0.765
23,gaussian,200,0.4,0.4,2,selected,cart,0.395
23,gaussian,200,0.4,0.4,2,selected,constant,0.165
23,gaussian,200,0.4,0.4,2,selected,raw,0.44
23,gaussian,200,0.4,0.4,5,cart,cart,0.82
23,gaussian,200,0.4,0.4,5,cart,constant,0.18
23,gaussian,200,0.4,0.4,5,constant,constant,1.0
23,gaussian,200,0.4,0.4,5,fixed_mixed,mixed,1.0
23,gaussian,200,0.4,0.4,5,fixed_raw,raw,1.0
23,gaussian,200,0.4,0.4,5,mixed,constant,0.185
23,gaussian,200,0.4,0.4,5,mixed,mixed,0.815
23,gaussian,200,0.4,0.4,5,raw,constant,0.185
23,gaussian,200,0.4,0.4,5,raw,raw,0.815
23,gaussian,200,0.4,0.4,5,selected,cart,0.445
23,gaussian,200,0.4,0.4,5,selected,constant,0.12
23,gaussian,200,0.4,0.4,5,selected,raw,0.435
24,gaussian,200,0.4,0.6,2,cart,cart,0.72
24,gaussian,200,0.4,0.6,2,cart,constant,0.28
24,gaussian,200,0.4,0.6,2,constant,constant,1.0
24,gaussian,200,0.4,0.6,2,fixed_mixed,mixed,1.0
24,gaussian,200,0.4,0.6,2,fixed_raw,raw,1.0
24,gaussian,200,0.4,0.6,2,mixed,constant,0.32
24,gaussian,200,0.4,0.6,2,mixed,mixed,0.68
24,gaussian,200,0.4,0.6,2,raw,constant,0.32
24,gaussian,200,0.4,0.6,2,raw,raw,0.68
24,gaussian,200,0.4,0.6,2,selected,cart,0.455
24,gaussian,200,0.4,0.6,2,selected,constant,0.22
24,gaussian,200,0.4,0.6,2,selected,raw,0.325
24,gaussian,200,0.4,0.6,5,cart,cart,0.78
24,gaussian,200,0.4,0.6,5,cart,constant,0.22
24,gaussian,200,0.4,0.6,5,constant,constant,1.0
24,gaussian,200,0.4,0.6,5,fixed_mixed,mixed,1.0
24,gaussian,200,0.4,0.6,5,fixed_raw,raw,1.0
24,gaussian,200,0.4,0.6,5,mixed,constant,0.255
24,gaussian,200,0.4,0.6,5,mixed,mixed,0.745
24,gaussian,200,0.4,0.6,5,raw,constant,0.255
24,gaussian,200,0.4,0.6,5,raw,raw,0.745
24,gaussian,200,0.4,0.6,5,selected,cart,0.485
24,gaussian,200,0.4,0.6,5,selected,constant,0.16
24,gaussian,200,0.4,0.6,5,selected,raw,0.355
25,continuous,200,0.1,0.25,2,cart,cart,1.0
25,continuous,200,0.1,0.25,2,constant,constant,1.0
25,continuous,200,0.1,0.25,2,fixed_mixed,mixed,1.0
25,continuous,200,0.1,0.25,2,fixed_raw,raw,1.0
25,continuous,200,0.1,0.25,2,mixed,mixed,1.0
25,continuous,200,0.1,0.25,2,raw,raw,1.0
25,continuous,200,0.1,0.25,2,selected,cart,0.9
25,continuous,200,0.1,0.25,2,selected,raw,0.1
25,continuous,200,0.1,0.25,5,cart,cart,1.0
25,continuous,200,0.1,0.25,5,constant,constant,1.0
25,continuous,200,0.1,0.25,5,fixed_mixed,mixed,1.0
25,continuous,200,0.1,0.25,5,fixed_raw,raw,1.0
25,continuous,200,0.1,0.25,5,mixed,mixed,1.0
25,continuous,200,0.1,0.25,5,raw,raw,1.0
25,continuous,200,0.1,0.25,5,selected,cart,0.885
25,continuous,200,0.1,0.25,5,selected,raw,0.115
26,continuous,200,0.4,0.25,2,cart,cart,0.795
26,continuous,200,0.4,0.25,2,cart,constant,0.205
26,continuous,200,0.4,0.25,2,constant,constant,1.0
26,continuous,200,0.4,0.25,2,fixed_mixed,mixed,1.0
26,continuous,200,0.4,0.25,2,fixed_raw,raw,1.0
26,continuous,200,0.4,0.25,2,mixed,constant,0.165
26,continuous,200,0.4,0.25,2,mixed,mixed,0.835
26,continuous,200,0.4,0.25,2,raw,constant,0.165
26,continuous,200,0.4,0.25,2,raw,raw,0.835
26,continuous,200,0.4,0.25,2,selected,cart,0.45
26,continuous,200,0.4,0.25,2,selected,constant,0.115
26,continuous,200,0.4,0.25,2,selected,raw,0.435
26,continuous,200,0.4,0.25,5,cart,cart,0.85
26,continuous,200,0.4,0.25,5,cart,constant,0.15
26,continuous,200,0.4,0.25,5,constant,constant,1.0
26,continuous,200,0.4,0.25,5,fixed_mixed,mixed,1.0
26,continuous,200,0.4,0.25,5,fixed_raw,raw,1.0
26,continuous,200,0.4,0.25,5,mixed,constant,0.12
26,continuous,200,0.4,0.25,5,mixed,mixed,0.88
26,continuous,200,0.4,0.25,5,raw,constant,0.12
26,continuous,200,0.4,0.25,5,raw,raw,0.88
26,continuous,200,0.4,0.25,5,selected,cart,0.475
26,continuous,200,0.4,0.25,5,selected,constant,0.08
26,continuous,200,0.4,0.25,5,selected,raw,0.445
27,within_cluster,200,0.1,0.25,2,cart,cart,1.0
27,within_cluster,200,0.1,0.25,2,constant,constant,1.0
27,within_cluster,200,0.1,0.25,2,fixed_mixed,mixed,1.0
27,within_cluster,200,0.1,0.25,2,fixed_raw,raw,1.0
27,within_cluster,200,0.1,0.25,2,mixed,mixed,1.0
27,within_cluster,200,0.1,0.25,2,raw,raw,1.0
27,within_cluster,200,0.1,0.25,2,selected,cart,0.165
27,within_cluster,200,0.1,0.25,2,selected,mixed,0.18
27,within_cluster,200,0.1,0.25,2,selected,raw,0.655
27,within_cluster,200,0.1,0.25,5,cart,cart,1.0
27,within_cluster,200,0.1,0.25,5,constant,constant,1.0
27,within_cluster,200,0.1,0.25,5,fixed_mixed,mixed,1.0
27,within_cluster,200,0.1,0.25,5,fixed_raw,raw,1.0
27,within_cluster,200,0.1,0.25,5,mixed,mixed,1.0
27,within_cluster,200,0.1,0.25,5,raw,raw,1.0
27,within_cluster,200,0.1,0.25,5,selected,cart,0.585
27,within_cluster,200,0.1,0.25,5,selected,mixed,0.095
27,within_cluster,200,0.1,0.25,5,selected,raw,0.32
28,within_cluster,200,0.4,0.25,2,cart,cart,0.68
28,within_cluster,200,0.4,0.25,2,cart,constant,0.32
28,within_cluster,200,0.4,0.25,2,constant,constant,1.0
28,within_cluster,200,0.4,0.25,2,fixed_mixed,mixed,1.0
28,within_cluster,200,0.4,0.25,2,fixed_raw,raw,1.0
28,within_cluster,200,0.4,0.25,2,mixed,constant,0.38
28,within_cluster,200,0.4,0.25,2,mixed,mixed,0.62
28,within_cluster,200,0.4,0.25,2,raw,constant,0.355
28,within_cluster,200,0.4,0.25,2,raw,raw,0.645
28,within_cluster,200,0.4,0.25,2,selected,cart,0.41
28,within_cluster,200,0.4,0.25,2,selected,constant,0.255
28,within_cluster,200,0.4,0.25,2,selected,mixed,0.11
28,within_cluster,200,0.4,0.25,2,selected,raw,0.225
28,within_cluster,200,0.4,0.25,5,cart,cart,0.77
28,within_cluster,200,0.4,0.25,5,cart,constant,0.23
28,within_cluster,200,0.4,0.25,5,constant,constant,1.0
28,within_cluster,200,0.4,0.25,5,fixed_mixed,mixed,1.0
28,within_cluster,200,0.4,0.25,5,fixed_raw,raw,1.0
28,within_cluster,200,0.4,0.25,5,mixed,constant,0.295
28,within_cluster,200,0.4,0.25,5,mixed,mixed,0.705
28,within_cluster,200,0.4,0.25,5,raw,constant,0.275
28,within_cluster,200,0.4,0.25,5,raw,raw,0.725
28,within_cluster,200,0.4,0.25,5,selected,cart,0.485
28,within_cluster,200,0.4,0.25,5,selected,constant,0.15
28,within_cluster,200,0.4,0.25,5,selected,mixed,0.12
28,within_cluster,200,0.4,0.25,5,selected,raw,0.245
29,imbalanced,200,0.1,0.25,2,cart,cart,1.0
29,imbalanced,200,0.1,0.25,2,constant,constant,1.0
29,imbalanced,200,0.1,0.25,2,fixed_mixed,mixed,1.0
29,imbalanced,200,0.1,0.25,2,fixed_raw,raw,1.0
29,imbalanced,200,0.1,0.25,2,mixed,mixed,1.0
29,imbalanced,200,0.1,0.25,2,raw,raw,1.0
29,imbalanced,200,0.1,0.25,2,selected,cart,0.67
29,imbalanced,200,0.1,0.25,2,selected,mixed,0.22
29,imbalanced,200,0.1,0.25,2,selected,raw,0.11
29,imbalanced,200,0.1,0.25,5,cart,cart,1.0
29,imbalanced,200,0.1,0.25,5,constant,constant,1.0
29,imbalanced,200,0.1,0.25,5,fixed_mixed,mixed,1.0
29,imbalanced,200,0.1,0.25,5,fixed_raw,raw,1.0
29,imbalanced,200,0.1,0.25,5,mixed,mixed,1.0
29,imbalanced,200,0.1,0.25,5,raw,raw,1.0
29,imbalanced,200,0.1,0.25,5,selected,cart,0.66
29,imbalanced,200,0.1,0.25,5,selected,mixed,0.225
29,imbalanced,200,0.1,0.25,5,selected,raw,0.115
30,imbalanced,200,0.4,0.25,2,cart,cart,0.525
30,imbalanced,200,0.4,0.25,2,cart,constant,0.475
30,imbalanced,200,0.4,0.25,2,constant,constant,1.0
30,imbalanced,200,0.4,0.25,2,fixed_mixed,mixed,1.0
30,imbalanced,200,0.4,0.25,2,fixed_raw,raw,1.0
30,imbalanced,200,0.4,0.25,2,mixed,constant,0.475
30,imbalanced,200,0.4,0.25,2,mixed,mixed,0.525
30,imbalanced,200,0.4,0.25,2,raw,constant,0.465
30,imbalanced,200,0.4,0.25,2,raw,raw,0.535
30,imbalanced,200,0.4,0.25,2,selected,cart,0.27
30,imbalanced,200,0.4,0.25,2,selected,constant,0.34
30,imbalanced,200,0.4,0.25,2,selected,mixed,0.155
30,imbalanced,200,0.4,0.25,2,selected,raw,0.235
30,imbalanced,200,0.4,0.25,5,cart,cart,0.59
30,imbalanced,200,0.4,0.25,5,cart,constant,0.41
30,imbalanced,200,0.4,0.25,5,constant,constant,1.0
30,imbalanced,200,0.4,0.25,5,fixed_mixed,mixed,1.0
30,imbalanced,200,0.4,0.25,5,fixed_raw,raw,1.0
30,imbalanced,200,0.4,0.25,5,mixed,constant,0.41
30,imbalanced,200,0.4,0.25,5,mixed,mixed,0.59
30,imbalanced,200,0.4,0.25,5,raw,constant,0.425
30,imbalanced,200,0.4,0.25,5,raw,raw,0.575
30,imbalanced,200,0.4,0.25,5,selected,cart,0.31
30,imbalanced,200,0.4,0.25,5,selected,constant,0.285
30,imbalanced,200,0.4,0.25,5,selected,mixed,0.165
30,imbalanced,200,0.4,0.25,5,selected,raw,0.24
31,contaminated,200,0.1,0.25,2,cart,cart,1.0
31,contaminated,200,0.1,0.25,2,constant,constant,1.0
31,contaminated,200,0.1,0.25,2,fixed_mixed,mixed,1.0
31,contaminated,200,0.1,0.25,2,fixed_raw,raw,1.0
31,contaminated,200,0.1,0.25,2,mixed,mixed,1.0
31,contaminated,200,0.1,0.25,2,raw,raw,1.0
31,contaminated,200,0.1,0.25,2,selected,cart,0.785
31,contaminated,200,0.1,0.25,2,selected,mixed,0.045
31,contaminated,200,0.1,0.25,2,selected,raw,0.17
31,contaminated,200,0.1,0.25,5,cart,cart,1.0
31,contaminated,200,0.1,0.25,5,constant,constant,1.0
31,contaminated,200,0.1,0.25,5,fixed_mixed,mixed,1.0
31,contaminated,200,0.1,0.25,5,fixed_raw,raw,1.0
31,contaminated,200,0.1,0.25,5,mixed,mixed,1.0
31,contaminated,200,0.1,0.25,5,raw,raw,1.0
31,contaminated,200,0.1,0.25,5,selected,cart,0.77
31,contaminated,200,0.1,0.25,5,selected,mixed,0.045
31,contaminated,200,0.1,0.25,5,selected,raw,0.185
32,contaminated,200,0.4,0.25,2,cart,cart,0.78
32,contaminated,200,0.4,0.25,2,cart,constant,0.22
32,contaminated,200,0.4,0.25,2,constant,constant,1.0
32,contaminated,200,0.4,0.25,2,fixed_mixed,mixed,1.0
32,contaminated,200,0.4,0.25,2,fixed_raw,raw,1.0
32,contaminated,200,0.4,0.25,2,mixed,constant,0.22
32,contaminated,200,0.4,0.25,2,mixed,mixed,0.78
32,contaminated,200,0.4,0.25,2,raw,constant,0.21
32,contaminated,200,0.4,0.25,2,raw,raw,0.79
32,contaminated,200,0.4,0.25,2,selected,cart,0.43
32,contaminated,200,0.4,0.25,2,selected,constant,0.155
32,contaminated,200,0.4,0.25,2,selected,mixed,0.04
32,contaminated,200,0.4,0.25,2,selected,raw,0.375
32,contaminated,200,0.4,0.25,5,cart,cart,0.835
32,contaminated,200,0.4,0.25,5,cart,constant,0.165
32,contaminated,200,0.4,0.25,5,constant,constant,1.0
32,contaminated,200,0.4,0.25,5,fixed_mixed,mixed,1.0
32,contaminated,200,0.4,0.25,5,fixed_raw,raw,1.0
32,contaminated,200,0.4,0.25,5,mixed,constant,0.17
32,contaminated,200,0.4,0.25,5,mixed,mixed,0.83
32,contaminated,200,0.4,0.25,5,raw,constant,0.17
32,contaminated,200,0.4,0.25,5,raw,raw,0.83
32,contaminated,200,0.4,0.25,5,selected,cart,0.455
32,contaminated,200,0.4,0.25,5,selected,constant,0.105
32,contaminated,200,0.4,0.25,5,selected,mixed,0.07
32,contaminated,200,0.4,0.25,5,selected,raw,0.37
33,gaussian,200,0.5,0.25,2,cart,cart,0.68
33,gaussian,200,0.5,0.25,2,cart,constant,0.32
33,gaussian,200,0.5,0.25,2,constant,constant,1.0
33,gaussian,200,0.5,0.25,2,fixed_mixed,mixed,1.0
33,gaussian,200,0.5,0.25,2,fixed_raw,raw,1.0
33,gaussian,200,0.5,0.25,2,mixed,constant,0.335
33,gaussian,200,0.5,0.25,2,mixed,mixed,0.665
33,gaussian,200,0.5,0.25,2,raw,constant,0.33
33,gaussian,200,0.5,0.25,2,raw,raw,0.67
33,gaussian,200,0.5,0.25,2,selected,cart,0.41
33,gaussian,200,0.5,0.25,2,selected,constant,0.235
33,gaussian,200,0.5,0.25,2,selected,mixed,0.07
33,gaussian,200,0.5,0.25,2,selected,raw,0.285
33,gaussian,200,0.5,0.25,5,cart,cart,0.75
33,gaussian,200,0.5,0.25,5,cart,constant,0.25
33,gaussian,200,0.5,0.25,5,constant,constant,1.0
33,gaussian,200,0.5,0.25,5,fixed_mixed,mixed,1.0
33,gaussian,200,0.5,0.25,5,fixed_raw,raw,1.0
33,gaussian,200,0.5,0.25,5,mixed,constant,0.285
33,gaussian,200,0.5,0.25,5,mixed,mixed,0.715
33,gaussian,200,0.5,0.25,5,raw,constant,0.275
33,gaussian,200,0.5,0.25,5,raw,raw,0.725
33,gaussian,200,0.5,0.25,5,selected,cart,0.445
33,gaussian,200,0.5,0.25,5,selected,constant,0.18
33,gaussian,200,0.5,0.25,5,selected,mixed,0.115
33,gaussian,200,0.5,0.25,5,selected,raw,0.26
