condition,context,n,eta,delta,cap,contrast,mean,mcse,lower,upper,repetitions,simultaneous_lower,simultaneous_upper
0,gaussian,200,0.4,0.25,2,cart,0.29941999999999974,0.1724466478356385,-0.04063729573335839,0.6394772957333579,200,-0.3680788826090224,0.9669188826090218
0,gaussian,200,0.4,0.25,2,fixed_mixed,-0.09916000000000011,0.21323491957611712,-0.5196499951206177,0.32132999512061744,200,-0.924540326824002,0.7262203268240017
0,gaussian,200,0.4,0.25,2,fixed_raw,-0.03218000000000028,0.23130407370073003,-0.4883015818456992,0.4239415818456987,200,-0.9275016120809065,0.8631416120809059
0,gaussian,200,0.4,0.25,2,mixed,0.35887999999999975,0.18465858793593234,-0.0052587109321143855,0.7230187109321139,200,-0.3558883220196609,1.0736483220196604
0,gaussian,200,0.4,0.25,2,raw,0.5506599999999996,0.19988901700090456,0.1564875448014873,0.9448324551985119,200,-0.22306159545304538,1.3243815954530445
0,gaussian,200,0.4,0.25,5,cart,0.23957999999999965,0.18568894376668182,-0.12659052785546646,0.6057505278554658,200,-0.4791765779489412,0.9583365779489406
0,gaussian,200,0.4,0.25,5,fixed_mixed,0.49867999999999957,0.21412183843896537,0.07644103942357017,0.920918960576429,200,-0.33013337326095216,1.3274933732609513
0,gaussian,200,0.4,0.25,5,fixed_raw,0.9857799999999992,0.23481078570503758,0.5227433344686081,1.4488166655313903,200,0.07688476167651204,1.8946752383234864
0,gaussian,200,0.4,0.25,5,mixed,0.11150000000000006,0.20943696128851952,-0.30150058642060323,0.5245005864206034,200,-0.6991793573068481,0.9221793573068482
0,gaussian,200,0.4,0.25,5,raw,0.6564399999999995,0.18368725177409995,0.2942167217688768,1.0186632782311222,200,-0.054568516823106594,1.3674485168231056
1,gaussian,800,0.4,0.25,2,cart,0.3944999999999999,0.0987095773127731,0.1998490030379854,0.5891509969620145,200,0.012419319476222601,0.7765806805237772
1,gaussian,800,0.4,0.25,2,fixed_mixed,0.4679399999999998,0.07274503683358471,0.32448994855434915,0.6113900514456505,200,0.18636171818816327,0.7495182818118363
1,gaussian,800,0.4,0.25,2,fixed_raw,0.8356399999999995,0.11803404394346675,0.6028819946014596,1.0683980053985394,200,0.37875902590775784,1.2925209740922412
1,gaussian,800,0.4,0.25,2,mixed,-0.03710000000000008,0.07454799101802892,-0.18410539874864731,0.10990539874864716,200,-0.3256570773907383,0.25145707739073814
1,gaussian,800,0.4,0.25,2,raw,0.43227999999999966,0.11234537741774549,0.21073979778490826,0.6538202022150911,200,-0.0025815344735986012,0.867141534473598
1,gaussian,800,0.4,0.25,5,cart,0.31868,0.10886671435970398,0.10399957016745218,0.5333604298325478,200,-0.1027164788557638,0.7400764788557639
1,gaussian,800,0.4,0.25,5,fixed_mixed,2.1688199999999997,0.11043257584171062,1.951051759370621,2.386588240629379,200,1.741362453546354,2.5962775464536456
1,gaussian,800,0.4,0.25,5,fixed_raw,2.6721399999999993,0.12734590531304882,2.421019408634569,2.9232605913654295,200,2.179215083406014,3.1650649165939844
1,gaussian,800,0.4,0.25,5,mixed,-0.13101999999999983,0.08709479383733472,-0.3027671486775839,0.04072714867758423,200,-0.468142688652632,0.20610268865263234
1,gaussian,800,0.4,0.25,5,raw,0.4875799999999998,0.09794256299602924,0.2944415219394213,0.6807184780605783,200,0.10846824468177146,0.8666917553182281
2,binary,200,0.4,0.25,2,cart,1.3440999999999996,0.245368432952259,0.8602441128875736,1.8279558871124255,200,0.3943386861166249,2.293861313883374
2,binary,200,0.4,0.25,2,fixed_mixed,-0.6738799999999998,0.24317397359745518,-1.1534085086266312,-0.1943514913733685,200,-1.6151470973494666,0.2673870973494671
2,binary,200,0.4,0.25,2,fixed_raw,1.2320599999999995,0.2521782483217637,0.7347754529045485,1.7293445470954505,200,0.2559395529762081,2.208180447023791
2,binary,200,0.4,0.25,2,mixed,-0.28121999999999986,0.1871026379924093,-0.6501782714354569,0.08773827143545715,200,-1.0054486432390897,0.4430086432390899
2,binary,200,0.4,0.25,2,raw,1.3034800000000002,0.23258201006317122,0.8448383831812512,1.7621216168187492,200,0.40321180818164404,2.2037481918183564
2,binary,200,0.4,0.25,5,cart,1.0532399999999995,0.23919254520239963,0.5815626951524584,1.5249173048475406,200,0.12738404017186278,1.9790959598281361
2,binary,200,0.4,0.25,5,fixed_mixed,0.6869399999999996,0.20863293047935166,0.275524927395313,1.098355072604686,200,-0.12062715029419446,1.4945071502941936
2,binary,200,0.4,0.25,5,fixed_raw,1.5103999999999997,0.22541515646428717,1.0658911070372474,1.954908892962752,200,0.6378729491612997,2.3829270508387
2,binary,200,0.4,0.25,5,mixed,-0.45836,0.17349992296350358,-0.8004943085146468,-0.11622569148535322,200,-1.1299358535432436,0.21321585354324357
2,binary,200,0.4,0.25,5,raw,1.0215799999999995,0.2294014793142314,0.5692102516058086,1.4739497483941904,200,0.13362286639974463,1.9095371336002542
3,binary,800,0.4,0.25,2,cart,0.6313199999999997,0.11902723343629172,0.3966034680814038,0.8660365319185955,200,0.17059463180094098,1.0920453681990583
3,binary,800,0.4,0.25,2,fixed_mixed,-0.12316000000000005,0.09185873616072243,-0.3043014359186152,0.0579814359186151,200,-0.47872274659278985,0.23240274659278976
3,binary,800,0.4,0.25,2,fixed_raw,1.1876999999999998,0.17259166656253763,0.8473567336390941,1.5280432663609054,200,0.5196397852956457,1.855760214704354
3,binary,800,0.4,0.25,2,mixed,-0.3393399999999999,0.06602625198933217,-0.46954089970262314,-0.20913910029737673,200,-0.5949115056157371,-0.0837684943842627
3,binary,800,0.4,0.25,2,raw,0.7573199999999999,0.1589905268439936,0.44379759011632763,1.0708424098836722,200,0.14190647734958717,1.3727335226504125
3,binary,800,0.4,0.25,5,cart,0.6171999999999997,0.11953715765527265,0.3814779196807132,0.8529220803192863,200,0.1545008396127075,1.079899160387292
3,binary,800,0.4,0.25,5,fixed_mixed,4.317839999999999,0.2140579583187646,3.8957270082446467,4.7399529917553505,200,3.489273891092342,5.146406108907655
3,binary,800,0.4,0.25,5,fixed_raw,3.0259599999999995,0.16162598922812457,2.707240572820817,3.344679427179182,200,2.4003452457301573,3.651574754269842
3,binary,800,0.4,0.25,5,mixed,-0.30777999999999994,0.06834026718262784,-0.44254403710653506,-0.17301596289346483,200,-0.572308493618991,-0.04325150638100883
3,binary,800,0.4,0.25,5,raw,0.7823399999999998,0.15334991753515945,0.4799406265564371,1.0847393734435626,200,0.1887598992115732,1.3759201007884263
4,mixed,200,0.4,0.25,2,cart,0.40208,0.20508475994526998,-0.002338234499891345,0.8064982344998913,200,-0.39175304820214785,1.1959130482021478
4,mixed,200,0.4,0.25,2,fixed_mixed,-0.2995599999999998,0.23101946628153436,-0.7551203483828739,0.1560003483828743,200,-1.1937799662288138,0.5946599662288141
4,mixed,200,0.4,0.25,2,fixed_raw,0.3124200000000002,0.25013266252593147,-0.18083074079853573,0.8056707407985362,200,-0.6557824836992716,1.2806224836992721
4,mixed,200,0.4,0.25,2,mixed,0.07716000000000005,0.18223723582905071,-0.2822039097990168,0.43652390979901695,200,-0.628235859022949,0.782555859022949
4,mixed,200,0.4,0.25,2,raw,0.6947399999999996,0.18702095457259924,0.3259428047187937,1.0635371952812054,200,-0.029172466658476726,1.4186524666584759
4,mixed,200,0.4,0.25,5,cart,0.5070999999999997,0.18226338319660187,0.1476845287284254,0.8665154712715739,200,-0.19839706910063204,1.2125970691006314
4,mixed,200,0.4,0.25,5,fixed_mixed,0.06368000000000054,0.23385578059691606,-0.3974734369586388,0.5248334369586398,200,-0.8415186466497268,0.9688786466497278
4,mixed,200,0.4,0.25,5,fixed_raw,0.9130400000000001,0.2269124095328415,0.46557858905031446,1.3605014109496856,200,0.034717447985797234,1.791362552014203
4,mixed,200,0.4,0.25,5,mixed,-0.2492399999999997,0.1737586829817657,-0.5918845720260485,0.0934045720260491,200,-0.921817450415213,0.42333745041521365
4,mixed,200,0.4,0.25,5,raw,0.6468399999999999,0.19563801172101175,0.2610503424828109,1.0326296575171887,200,-0.11042699160943781,1.4041069916094375
5,mixed,800,0.4,0.25,2,cart,0.26818000000000003,0.0735865199448101,0.12307058042629315,0.4132894195737069,200,-0.016655457544313856,0.5530154575443139
5,mixed,800,0.4,0.25,2,fixed_mixed,0.3660999999999995,0.10115109127602952,0.1666344436002652,0.5655655563997337,200,-0.025431185145365354,0.7576311851453643
5,mixed,800,0.4,0.25,2,fixed_raw,0.9596999999999994,0.13343351025245287,0.6965749162355063,1.2228250837644925,200,0.44321145056178357,1.4761885494382154
5,mixed,800,0.4,0.25,2,mixed,-0.2428999999999999,0.05753053416933523,-0.3563477133493839,-0.12945228665061587,200,-0.46558665558829837,-0.020213344411701417
5,mixed,800,0.4,0.25,2,raw,0.47103999999999985,0.09466419142256718,0.2843663282181911,0.6577136717818086,200,0.10461802085039157,0.8374619791496081
5,mixed,800,0.4,0.25,5,cart,0.1743000000000002,0.0847949862815748,0.007087971882511118,0.34151202811748926,200,-0.15392069494644708,0.5025206949464475
5,mixed,800,0.4,0.25,5,fixed_mixed,2.5182999999999995,0.108530031737509,2.304283493667624,2.732316506332375,200,2.0982067373965068,2.9383932626034923
5,mixed,800,0.4,0.25,5,fixed_raw,2.6188599999999997,0.12858284505411693,2.365300217217328,2.8724197827826714,200,2.1211471915833533,3.116572808416646
5,mixed,800,0.4,0.25,5,mixed,-0.2830399999999998,0.0659661752216,-0.4131224309273362,-0.1529575690726634,200,-0.5383789631115175,-0.02770103688848219
5,mixed,800,0.4,0.25,5,raw,0.5415399999999998,0.10498188090614952,0.3345202929195077,0.7485597070804919,200,0.13518076322412437,0.9478992367758752
6,correlated,200,0.4,0.25,2,cart,0.2540199999999998,0.20079468250081475,-0.14193838820796129,0.6499783882079608,200,-0.5232072055463407,1.0312472055463404
6,correlated,200,0.4,0.25,2,fixed_mixed,0.24033999999999991,0.24715301431384984,-0.24703500400716064,0.7277150040071605,200,-0.7163289927494907,1.1970089927494905
6,correlated,200,0.4,0.25,2,fixed_raw,0.24457999999999985,0.241636085689902,-0.23191586050300994,0.7210758605030096,200,-0.6907343086304418,1.1798943086304416
6,correlated,200,0.4,0.25,2,mixed,0.42162,0.19268577090576178,0.0416520330786434,0.8015879669213566,200,-0.3242195880031331,1.167459588003133
6,correlated,200,0.4,0.25,2,raw,0.5304199999999997,0.22920960085393033,0.07842862759130004,0.9824113724086994,200,-0.35679441891455266,1.417634418914552
6,correlated,200,0.4,0.25,5,cart,0.20533999999999974,0.2083283671630537,-0.20547448697997472,0.6161544869799742,200,-0.6010482600352989,1.0117282600352984
6,correlated,200,0.4,0.25,5,fixed_mixed,1.4365599999999998,0.21517399301110182,1.012246236329484,1.8608737636705157,200,0.6036739932025446,2.2694460067974553
6,correlated,200,0.4,0.25,5,fixed_raw,1.4821399999999993,0.23269263593006198,1.0232802337790718,1.9409997662209268,200,0.5814436024527175,2.382836397547281
6,correlated,200,0.4,0.25,5,mixed,0.25493999999999994,0.216690575729657,-0.1723643988872663,0.6822443988872662,200,-0.5838163283300872,1.0936963283300871
6,correlated,200,0.4,0.25,5,raw,0.20814000000000007,0.20273524855593109,-0.1916451001398959,0.6079251001398961,200,-0.5765986630880013,0.9928786630880015
7,correlated,800,0.4,0.25,2,cart,0.3822199999999999,0.08852633232873641,0.20764991962595133,0.5567900803740484,200,0.03955617526026217,0.7248838247397376
7,correlated,800,0.4,0.25,2,fixed_mixed,0.32165999999999967,0.07487352566983306,0.1740126610643473,0.469307338935652,200,0.031842857429352056,0.6114771425706473
7,correlated,800,0.4,0.25,2,fixed_raw,0.9431399999999996,0.14102304135482546,0.6650486907103985,1.2212313092896008,200,0.397274228134192,1.4890057718658074
7,correlated,800,0.4,0.25,2,mixed,-0.1704200000000001,0.05094172370533169,-0.2708748654360735,-0.06996513456392674,200,-0.3676029784937063,0.026762978493706124
7,correlated,800,0.4,0.25,2,raw,0.55526,0.11187886154364242,0.33463974681584235,0.7758802531841575,200,0.12220423460681878,0.9883157653931811
7,correlated,800,0.4,0.25,5,cart,0.19127999999999992,0.10747709915238246,-0.020660169030481762,0.40322016903048163,200,-0.22473761756860397,0.6072976175686038
7,correlated,800,0.4,0.25,5,fixed_mixed,2.2462999999999997,0.13785181305231003,1.9744622151148528,2.5181377848851465,200,1.7127092788527465,2.779890721147253
7,correlated,800,0.4,0.25,5,fixed_raw,2.67188,0.14225898361826042,2.3913514662757036,2.952408533724296,200,2.1212301973039818,3.222529802696018
7,correlated,800,0.4,0.25,5,mixed,-0.26116,0.08629967928808384,-0.4313392173387609,-0.0909807826612391,200,-0.5952049943058161,0.07288499430581608
7,correlated,800,0.4,0.25,5,raw,0.59362,0.11796732397417577,0.3609935634815356,0.8262464365184645,200,0.1369972826237248,1.0502427173762752
8,xor,200,0.4,0.25,2,cart,-0.0015999999999998793,0.0071454100247718595,-0.01569043805969398,0.01249043805969422,200,-0.029258138138263105,0.026058138138263347
8,xor,200,0.4,0.25,2,fixed_mixed,0.009460000000000164,0.010263157604757931,-0.010778500803365185,0.029698500803365516,200,-0.030266178033600474,0.0491861780336008
8,xor,200,0.4,0.25,2,fixed_raw,-0.0220199999999996,0.01792323098788903,-0.05736383264066092,0.013323832640661722,200,-0.09139645241189075,0.047356452411891556
8,xor,200,0.4,0.25,2,mixed,0.009099999999999856,0.007344005862644239,-0.005382060421847374,0.023582060421847087,200,-0.01932685415295194,0.03752685415295166
8,xor,200,0.4,0.25,2,raw,0.0068600000000000605,0.008154260347146492,-0.009219847055068807,0.022939847055068928,200,-0.024703151493736752,0.03842315149373687
8,xor,200,0.4,0.25,5,cart,0.03073999999999991,0.04131548022875517,-0.050732331615900336,0.11221233161590015,200,-0.1291821395908738,0.1906621395908736
8,xor,200,0.4,0.25,5,fixed_mixed,-0.13723999999999992,0.07135087278538485,-0.2779408205270456,0.0034608205270457992,200,-0.4134218130719277,0.13894181307192788
8,xor,200,0.4,0.25,5,fixed_raw,-0.023940000000000235,0.03751258391205265,-0.09791318533707703,0.050033185337076555,200,-0.16914205616834022,0.12126205616833974
8,xor,200,0.4,0.25,5,mixed,0.012379999999999865,0.033977652691321365,-0.05462245458288437,0.0793824545828841,200,-0.11913920022679222,0.14389920022679195
8,xor,200,0.4,0.25,5,raw,0.07199999999999991,0.045821967038927734,-0.0183589277727937,0.16235892777279354,200,-0.10536565007969191,0.24936565007969175
9,xor,800,0.4,0.25,2,cart,-0.05725999999999983,0.04716534438072899,-0.15026800951335478,0.035748009513355126,200,-0.23982553587526406,0.12530553587526438
9,xor,800,0.4,0.25,2,fixed_mixed,0.003780000000000089,0.011357584763420948,-0.018616663601095065,0.026176663601095242,200,-0.04018243843456125,0.04774243843456143
9,xor,800,0.4,0.25,2,fixed_raw,-0.029519999999999956,0.0361306680517998,-0.1007681073128491,0.0417281073128492,200,-0.16937299717440898,0.11033299717440906
9,xor,800,0.4,0.25,2,mixed,-0.009999999999999898,0.00797382653107896,-0.025724039410670505,0.0057240394106707095,200,-0.04086473623242788,0.02086473623242809
9,xor,800,0.4,0.25,2,raw,-0.00833999999999993,0.00750952641214298,-0.02314845975263896,0.006468459752639098,200,-0.037407543799436165,0.020727543799436303
9,xor,800,0.4,0.25,5,cart,0.10851999999999996,0.09811735076225313,-0.08496315194003844,0.30200315194003835,200,-0.2712683160986929,0.4883083160986928
9,xor,800,0.4,0.25,5,fixed_mixed,-0.1556200000000004,0.09415695907745518,-0.3412934316394106,0.030053431639409822,200,-0.5200786065480831,0.2088386065480823
9,xor,800,0.4,0.25,5,fixed_raw,0.05397999999999956,0.08995115144472113,-0.12339976175418668,0.2313597617541858,200,-0.2941989517646847,0.40215895176468386
9,xor,800,0.4,0.25,5,mixed,-0.03660000000000021,0.051285675412463504,-0.1377331232558579,0.06453312325585747,200,-0.23511433159951325,0.16191433159951282
9,xor,800,0.4,0.25,5,raw,0.1592,0.08417378051764794,-0.006787037345988067,0.3251870373459881,200,-0.16661615905957594,0.48501615905957596
10,majority,200,0.4,0.25,2,cart,0.15417999999999984,0.08617281128653696,-0.015749039152854832,0.3241090391528545,200,-0.17937391923805326,0.487733919238053
10,majority,200,0.4,0.25,2,fixed_mixed,-0.052960000000000146,0.10753256836089914,-0.2650095518992206,0.15908955189922033,200,-0.46919232533572386,0.3632723253357235
10,majority,200,0.4,0.25,2,fixed_raw,-0.07334000000000017,0.13187101137172264,-0.333383903871255,0.18670390387125463,200,-0.5837804976491239,0.4371004976491235
10,majority,200,0.4,0.25,2,mixed,0.22086000000000003,0.0961164447781123,0.03132254770981588,0.4103974522901842,200,-0.1511832974196827,0.5929032974196827
10,majority,200,0.4,0.25,2,raw,0.18402000000000016,0.10290997967927083,-0.018914007897110202,0.38695400789711054,200,-0.2143194128409042,0.5823594128409045
10,majority,200,0.4,0.25,5,cart,0.3467599999999993,0.0924544658373316,0.16444381104699113,0.5290761889530075,200,-0.011108670763915363,0.704628670763914
10,majority,200,0.4,0.25,5,fixed_mixed,-0.3481399999999995,0.11187093201160755,-0.5687446164915682,-0.12753538350843086,200,-0.7811650721101316,0.08488507211013263
10,majority,200,0.4,0.25,5,fixed_raw,-0.04155999999999981,0.11892146402153449,-0.2760679592289837,0.19294795922898408,200,-0.5018759606109681,0.4187559606109685
10,majority,200,0.4,0.25,5,mixed,0.13439999999999974,0.0925748481638658,-0.048153577669629494,0.31695357766962895,200,-0.2239346413667418,0.4927346413667413
10,majority,200,0.4,0.25,5,raw,0.2546,0.09437297437008796,0.06850059559062463,0.4406994044093754,200,-0.11069474902036941,0.6198947490203695
11,majority,800,0.4,0.25,2,cart,0.16381999999999994,0.1207631255826981,-0.07431963579681311,0.401959635796813,200,-0.30362458299736794,0.6312645829973678
11,majority,800,0.4,0.25,2,fixed_mixed,-0.3650799999999997,0.1254219321863876,-0.6124065999673506,-0.11775340003264881,200,-0.8505576862283346,0.12039768622833519
11,majority,800,0.4,0.25,2,fixed_raw,0.027260000000000294,0.1468617510846792,-0.2623449911513585,0.3168649911513591,200,-0.5412059921047673,0.5957259921047678
11,majority,800,0.4,0.25,2,mixed,0.10233999999999988,0.11462615758198492,-0.1236978015859577,0.3283778015859574,200,-0.3413498777914557,0.5460298777914554
11,majority,800,0.4,0.25,2,raw,0.4062400000000002,0.12272170957907179,0.16423812167407595,0.6482418783259245,200,-0.0687857835917765,0.881265783591777
11,majority,800,0.4,0.25,5,cart,0.9748199999999996,0.1502895478032137,0.67845554267717,1.2711844573228293,200,0.39308584346205944,1.5565541565379397
11,majority,800,0.4,0.25,5,fixed_mixed,-0.7368999999999992,0.1393168383839025,-1.011626751175271,-0.46217324882472743,200,-1.2761614766191935,-0.1976385233808048
11,majority,800,0.4,0.25,5,fixed_raw,0.9364599999999998,0.15862299712869643,0.6236623427436139,1.2492576572563858,200,0.3224690951700292,1.5504509048299706
11,majority,800,0.4,0.25,5,mixed,-0.4315999999999997,0.10670160901708164,-0.6420109361831741,-0.22118906381682532,200,-0.8446158845382173,-0.01858411546178207
11,majority,800,0.4,0.25,5,raw,1.0782199999999997,0.15342582696501744,0.7756709364594583,1.3807690635405412,200,0.4843460723367359,1.6720939276632636
12,breast_cancer,200,0.4,0.25,2,cart,0.3492399999999998,0.20215333329632246,-0.049397588535512404,0.747877588535512,200,-0.43324621115323214,1.1317262111532318
12,breast_cancer,200,0.4,0.25,2,fixed_mixed,-0.01718000000000013,0.2339580683084752,-0.4785351438808448,0.4441751438808445,200,-0.9227745774145599,0.8884145774145598
12,breast_cancer,200,0.4,0.25,2,fixed_raw,0.06542000000000005,0.25684815043114384,-0.44107339112104715,0.5719133911210472,200,-0.9287764982490709,1.059616498249071
12,breast_cancer,200,0.4,0.25,2,mixed,0.35255999999999976,0.18477796435874813,-0.011814116050315071,0.7169341160503147,200,-0.3626703990147171,1.0677903990147166
12,breast_cancer,200,0.4,0.25,2,raw,0.23495999999999997,0.18785576898703038,-0.13548341302897712,0.605403413028977,200,-0.4921838294933737,0.9621038294933736
12,breast_cancer,200,0.4,0.25,5,cart,0.27007999999999976,0.16798718534519527,-0.06118342949149408,0.6013434294914937,200,-0.3801573917840756,0.9203173917840751
12,breast_cancer,200,0.4,0.25,5,fixed_mixed,0.4900599999999999,0.2186566312599959,0.05887862504332414,0.9212413749566757,200,-0.3563064494088068,1.3364264494088065
12,breast_cancer,200,0.4,0.25,5,fixed_raw,0.8056199999999994,0.22972762390256762,0.3526071086504675,1.2586328913495315,200,-0.08359955969560584,1.6948395596956047
12,breast_cancer,200,0.4,0.25,5,mixed,-0.01570000000000036,0.18128198071695736,-0.37318018822929705,0.3417801882292963,200,-0.7173982996448361,0.6859982996448354
12,breast_cancer,200,0.4,0.25,5,raw,0.06442000000000006,0.17665836068525026,-0.2839426104496492,0.41278261044964937,200,-0.6193813950455955,0.7482213950455956
13,breast_cancer,800,0.4,0.25,2,cart,0.3607999999999999,0.10972866672619118,0.14441983755752638,0.5771801624424734,200,-0.06393288607917819,0.7855328860791779
13,breast_cancer,800,0.4,0.25,2,fixed_mixed,0.3844799999999995,0.11200140185770201,0.16361810264159768,0.6053418973584013,200,-0.049050089038992994,0.818010089038992
13,breast_cancer,800,0.4,0.25,2,fixed_raw,1.1064599999999998,0.17313951774515576,0.7650363949142556,1.447883605085744,200,0.43627918708847047,1.7766408129115292
13,breast_cancer,800,0.4,0.25,2,mixed,-0.12816000000000022,0.04293213848124577,-0.2128203114367141,-0.04349968856328634,200,-0.2943398290887101,0.038019829088709656
13,breast_cancer,800,0.4,0.25,2,raw,0.8534800000000001,0.15056125833212458,0.5565797413215433,1.150380258678457,200,0.2706941183243584,1.436265881675642
13,breast_cancer,800,0.4,0.25,5,cart,0.32437999999999995,0.09509493631399524,0.1368569180106376,0.5119030819893623,200,-0.04370928748715169,0.6924692874871516
13,breast_cancer,800,0.4,0.25,5,fixed_mixed,1.9966799999999996,0.11874152532785624,1.7625268720555782,2.230833127944421,200,1.5370605381524218,2.4562994618475775
13,breast_cancer,800,0.4,0.25,5,fixed_raw,2.7549,0.1687330380829537,2.422165781321237,3.087634218678763,200,2.101775594317463,3.408024405682537
13,breast_cancer,800,0.4,0.25,5,mixed,-0.1697800000000001,0.05944210103011475,-0.28699724013026856,-0.05256275986973162,200,-0.39986586432686977,0.060305864326869574
13,breast_cancer,800,0.4,0.25,5,raw,0.8614400000000003,0.1459857638547033,0.5735624175994714,1.1493175824005293,200,0.2963647406495511,1.4265152593504495
14,wine,200,0.4,0.25,2,cart,0.4450399999999998,0.18261016552967102,0.08494068903729979,0.8051393109626999,200,-0.2617993788685366,1.1518793788685362
14,wine,200,0.4,0.25,2,fixed_mixed,-0.2040800000000005,0.23703420266740158,-0.6715011471609205,0.2633411471609194,200,-1.1215815426882236,0.7134215426882226
14,wine,200,0.4,0.25,2,fixed_raw,0.2524999999999997,0.24456658977499524,-0.2297746872115593,0.7347746872115588,200,-0.6941575746598595,1.1991575746598588
14,wine,200,0.4,0.25,2,mixed,0.46851999999999955,0.1981743089597091,0.07772887454479965,0.8593111254551995,200,-0.2985643791553441,1.2356043791553433
14,wine,200,0.4,0.25,2,raw,0.6675599999999997,0.22158693572142749,0.23060019198396076,1.1045198080160388,200,-0.1901489427437547,1.5252689427437542
14,wine,200,0.4,0.25,5,cart,0.6978399999999998,0.17634271301692855,0.35009983303557457,1.0455801669644251,200,0.01526040003449003,1.3804195999655096
14,wine,200,0.4,0.25,5,fixed_mixed,0.5840599999999998,0.22830907637185344,0.1338444227369885,1.0342755772630112,200,-0.29966870844645854,1.467788708446458
14,wine,200,0.4,0.25,5,fixed_raw,1.1357399999999993,0.22047581086797124,0.7009712819102115,1.570508718089787,200,0.2823319503581395,1.9891480496418592
14,wine,200,0.4,0.25,5,mixed,0.11013999999999957,0.20490463501162243,-0.29392303595820296,0.5142030359582022,200,-0.6829958285492945,0.9032758285492937
14,wine,200,0.4,0.25,5,raw,0.7516999999999997,0.20507786963264785,0.3472953528971755,1.1561046471028238,200,-0.04210637748379076,1.54550637748379
15,wine,800,0.4,0.25,2,cart,0.2118600000000001,0.07795801151773303,0.05813018901093675,0.36558981098906346,200,-0.08989643441967743,0.5136164344196776
15,wine,800,0.4,0.25,2,fixed_mixed,0.2386800000000002,0.10101423397386446,0.03948432025289861,0.4378756797471018,200,-0.1523214439331195,0.6296814439331199
15,wine,800,0.4,0.25,2,fixed_raw,1.56822,0.18773146264902343,1.1980217136677473,1.9384182863322525,200,0.8415573300000828,2.294882669999917
15,wine,800,0.4,0.25,2,mixed,-0.2538799999999997,0.07032961825589629,-0.39256695097427613,-0.1151930490257233,200,-0.5261087860583624,0.018348786058362987
15,wine,800,0.4,0.25,2,raw,0.56054,0.13718075279237754,0.2900255167860127,0.8310544832139874,200,0.029546789325059386,1.0915332106749407
15,wine,800,0.4,0.25,5,cart,0.1841200000000002,0.08832185504387893,0.009953139945976713,0.35828686005402366,200,-0.15775234307932637,0.5259923430793267
15,wine,800,0.4,0.25,5,fixed_mixed,2.16,0.12137932899607613,1.9206452378495875,2.3993547621504128,200,1.6901702439937505,2.6298297560062496
15,wine,800,0.4,0.25,5,fixed_raw,3.8245999999999984,0.2184195432749141,3.3938861522470676,4.255313847752929,200,2.979151260312479,4.670048739687518
15,wine,800,0.4,0.25,5,mixed,-0.22619999999999968,0.07909925956873179,-0.3821803025518419,-0.07021969744815745,200,-0.5323739270667216,0.0799739270667223
15,wine,800,0.4,0.25,5,raw,0.5379,0.14157197842573532,0.2587262106610371,0.817073789338963,200,-0.010090573281514081,1.0858905732815143
16,digits,200,0.4,0.25,2,cart,-0.32517999999999986,0.18470203149992964,-0.6894043797524441,0.03904437975244429,200,-1.040116481452092,0.38975648145209235
16,digits,200,0.4,0.25,2,fixed_mixed,0.05509999999999993,0.24798447420601993,-0.43391460678280636,0.5441146067828062,200,-0.9047873710474946,1.0149873710474946
16,digits,200,0.4,0.25,2,fixed_raw,0.2712199999999995,0.2300346780892352,-0.1823983888623707,0.7248383888623697,200,-0.6191880915057246,1.1616280915057235
16,digits,200,0.4,0.25,2,mixed,0.3796999999999997,0.24837109686675288,-0.11007700986879404,0.8694770098687934,200,-0.5816838929994701,1.3410838929994695
16,digits,200,0.4,0.25,2,raw,0.7816599999999998,0.18920354257947467,0.4085588360152357,1.154761163984764,200,0.04929926789786132,1.5140207321021384
16,digits,200,0.4,0.25,5,cart,0.04890000000000022,0.18776701576969065,-0.3213683955412206,0.41916839554122104,200,-0.6779002874521347,0.775700287452135
16,digits,200,0.4,0.25,5,fixed_mixed,0.5852599999999994,0.22547623672716197,0.14063065941314662,1.0298893405868523,200,-0.28750347762768214,1.458023477627681
16,digits,200,0.4,0.25,5,fixed_raw,1.4602599999999994,0.23936904175929638,0.9882346516120483,1.9322853483879507,200,0.533720865079789,2.38679913492021
16,digits,200,0.4,0.25,5,mixed,0.2954399999999998,0.21094704861313643,-0.1205384130027698,0.7114184130027694,200,-0.5210845367549554,1.111964536754955
16,digits,200,0.4,0.25,5,raw,0.8955599999999998,0.20255793546067363,0.49612455357867785,1.2949954464213218,200,0.1115076726247638,1.679612327375236
17,digits,800,0.4,0.25,2,cart,0.2497800000000003,0.09147589713571502,0.06939350600214259,0.430166493997858,200,-0.10430087017118958,0.6038608701711902
17,digits,800,0.4,0.25,2,fixed_mixed,0.5585999999999999,0.12680172073717905,0.30855251697023545,0.8086474830297643,200,0.06778148907342074,1.049418510926579
17,digits,800,0.4,0.25,2,fixed_raw,2.3483599999999996,0.2382547535516337,1.8785319795353288,2.8181880204646705,200,1.4261340027536984,3.2705859972463007
17,digits,800,0.4,0.25,2,mixed,-0.14331999999999995,0.09488891833143927,-0.330436823480428,0.0437968234804281,200,-0.5106118421620065,0.2239718421620066
17,digits,800,0.4,0.25,2,raw,0.9590000000000001,0.17554667005339109,0.6128295951670262,1.305170404832974,200,0.2795016880464004,1.6384983119535996
17,digits,800,0.4,0.25,5,cart,0.1796000000000003,0.1020976220198617,-0.0217320738943671,0.3809320738943677,200,-0.21559497462340213,0.5747949746234027
17,digits,800,0.4,0.25,5,fixed_mixed,2.663919999999999,0.13063280990285545,2.4063177756183762,2.921522224381622,200,2.158272278013882,3.1695677219861165
17,digits,800,0.4,0.25,5,fixed_raw,6.310599999999999,0.24436594643872628,5.828720972728456,6.7924790272715425,200,5.364719066721364,7.256480933278635
17,digits,800,0.4,0.25,5,mixed,-0.15760000000000007,0.09353146999484709,-0.3420399943496047,0.026839994349604546,200,-0.5196374909800783,0.20443749098007818
17,digits,800,0.4,0.25,5,raw,0.9431,0.18589097455796647,0.5765310762035203,1.3096689237964798,200,0.22356141017012288,1.6626385898298772
18,gaussian,200,0.1,0.25,2,cart,0.17144000000000006,0.04809496502027532,0.07659881898282242,0.2662811810171777,200,-0.014723870467067246,0.3576038704670674
18,gaussian,200,0.1,0.25,2,fixed_mixed,0.03304000000000006,0.0746307613837861,-0.11412861831307197,0.1802086183130721,200,-0.2558374612738086,0.3219174612738087
18,gaussian,200,0.1,0.25,2,fixed_raw,0.44136000000000025,0.1959433339068022,0.05496826040043734,0.8277517395995632,200,-0.3170888192669115,1.199808819266912
18,gaussian,200,0.1,0.25,2,mixed,-0.15447999999999995,0.03160084675412811,-0.21679549656062513,-0.09216450343937477,200,-0.2767991645800155,-0.032160835419984365
18,gaussian,200,0.1,0.25,2,raw,0.07224000000000003,0.03493476637259134,0.0033501588297448343,0.14112984117025523,200,-0.06298395367254436,0.20746395367254442
18,gaussian,200,0.1,0.25,5,cart,0.17144000000000006,0.04809496502027532,0.07659881898282242,0.2662811810171777,200,-0.014723870467067246,0.3576038704670674
18,gaussian,200,0.1,0.25,5,fixed_mixed,0.32720000000000005,0.10590160978367548,0.11836662754053542,0.5360333724594647,200,-0.08271928277130097,0.7371192827713011
18,gaussian,200,0.1,0.25,5,fixed_raw,0.5297600000000001,0.10879466673301473,0.3152216449563998,0.7442983550436004,200,0.10864239992160485,0.9508776000783954
18,gaussian,200,0.1,0.25,5,mixed,-0.15447999999999995,0.03160084675412811,-0.21679549656062513,-0.09216450343937477,200,-0.2767991645800155,-0.032160835419984365
18,gaussian,200,0.1,0.25,5,raw,0.07224000000000003,0.03493476637259134,0.0033501588297448343,0.14112984117025523,200,-0.06298395367254436,0.20746395367254442
19,xor,200,0.1,0.25,2,cart,-0.5492000000000001,0.3806375556138919,-1.2998007187799074,0.20140071877990706,200,-2.0225550709171527,0.9241550709171522
19,xor,200,0.1,0.25,2,fixed_mixed,0.5261600000000004,0.4410894897430782,-0.3436493058984891,1.3959693058984899,200,-1.1811897526882107,2.2335097526882115
19,xor,200,0.1,0.25,2,fixed_raw,0.22192000000000042,0.47765198993140096,-0.7199889674189718,1.1638289674189726,200,-1.6269542666605483,2.070794266660549
19,xor,200,0.1,0.25,2,mixed,0.48200000000000015,0.47782757891929956,-0.4602552212727568,1.424255221272757,200,-1.3675539287745517,2.331553928774552
19,xor,200,0.1,0.25,2,raw,0.43832000000000015,0.309319091863006,-0.17164380746053431,1.0482838074605345,200,-0.7589787053073002,1.6356187053073006
19,xor,200,0.1,0.25,5,cart,9.253120000000001,1.1405583667078756,7.0039884646720045,11.502251535327996,200,4.8382969525058845,13.667943047494116
19,xor,200,0.1,0.25,5,fixed_mixed,3.8560800000000004,1.1432767464454152,1.6015879379588078,6.110572062041193,200,-0.5692652319499372,8.281425231949939
19,xor,200,0.1,0.25,5,fixed_raw,0.39959999999999973,1.0495125618530905,-1.6699931646181498,2.469193164618149,200,-3.6628069595645227,4.462006959564522
19,xor,200,0.1,0.25,5,mixed,3.5499200000000006,1.088562776767061,1.4033215085279016,5.6965184914721,200,-0.6636408100328777,7.763480810032879
19,xor,200,0.1,0.25,5,raw,-0.6695999999999998,0.6770874925464316,-2.004787111956349,0.6655871119563495,200,-3.290440418620679,1.9512404186206795
20,majority,200,0.1,0.25,2,cart,0.19440000000000013,0.06574277880363838,0.06475809710102501,0.3240419028989753,200,-0.06007425010468437,0.4488742501046846
20,majority,200,0.1,0.25,2,fixed_mixed,-0.3185600000000001,0.07034563364462873,-0.45727853262489615,-0.1798414673751041,200,-0.5908507777190743,-0.04626922228092595
20,majority,200,0.1,0.25,2,fixed_raw,0.2676800000000001,0.08291281785601141,0.10417952622668028,0.4311804737733199,200,-0.05325528037496202,0.5886152803749622
20,majority,200,0.1,0.25,2,mixed,-0.36840000000000017,0.05860841862453161,-0.4839732546547534,-0.25282674534524696,200,-0.59525888322192,-0.14154111677808034
20,majority,200,0.1,0.25,2,raw,0.22120000000000017,0.05336435864759691,0.11596780373519966,0.3264321962648007,200,0.014639592966929765,0.4277604070330706
20,majority,200,0.1,0.25,5,cart,4.80696,0.28841447735113546,4.23821918393116,5.37570081606884,200,3.690577955023178,5.923342044976822
20,majority,200,0.1,0.25,5,fixed_mixed,-0.09736000000000006,0.040795432200703696,-0.1778068195036602,-0.016913180496339913,200,-0.25526916060877003,0.060549160608769914
20,majority,200,0.1,0.25,5,fixed_raw,1.7099999999999997,0.1931441599755564,1.3291281097526493,2.0908718902473504,200,0.962386099792319,2.4576139002076802
20,majority,200,0.1,0.25,5,mixed,-0.011359999999999981,0.006479496227083095,-0.024137284988435752,0.001417284988435791,200,-0.036440548365136174,0.013720548365136212
20,majority,200,0.1,0.25,5,raw,1.83832,0.18757796821267145,1.4684243980260177,2.2082156019739823,200,1.1122514694979366,2.5643885305020633
21,gaussian,200,0.4,0.0,2,cart,0.66208,0.19720782591217062,0.27319473711529974,1.0509652628847004,200,-0.10126335917966178,1.425423359179662
21,gaussian,200,0.4,0.0,2,fixed_mixed,-1.0883199999999993,0.2625351890996288,-1.6060279842407648,-0.5706120157592338,200,-2.1045296368296826,-0.07211036317031572
21,gaussian,200,0.4,0.0,2,fixed_raw,-1.0883199999999993,0.2625351890996288,-1.6060279842407648,-0.5706120157592338,200,-2.1045296368296826,-0.07211036317031572
21,gaussian,200,0.4,0.0,2,mixed,-0.30503999999999987,0.1384071431624537,-0.5779728717300634,-0.03210712826993639,200,-0.8407802684574063,0.23070026845740654
21,gaussian,200,0.4,0.0,2,raw,-0.30503999999999987,0.1384071431624537,-0.5779728717300634,-0.03210712826993639,200,-0.8407802684574063,0.23070026845740654
21,gaussian,200,0.4,0.0,5,cart,1.08818,0.2125200737500664,0.6690996497841925,1.5072603502158075,200,0.26556666688747543,1.9107933331125244
21,gaussian,200,0.4,0.0,5,fixed_mixed,0.25048,0.24290399461722526,-0.22851612180975717,0.7294761218097572,200,-0.689742074614069,1.1907020746140689
21,gaussian,200,0.4,0.0,5,fixed_raw,0.25048,0.24290399461722526,-0.22851612180975717,0.7294761218097572,200,-0.689742074614069,1.1907020746140689
21,gaussian,200,0.4,0.0,5,mixed,-0.3426599999999997,0.1343383002593933,-0.6075692903398505,-0.07775070966014885,200,-0.8626507707119175,0.1773307707119181
21,gaussian,200,0.4,0.0,5,raw,-0.3426599999999997,0.1343383002593933,-0.6075692903398505,-0.07775070966014885,200,-0.8626507707119175,0.1773307707119181
22,gaussian,200,0.4,0.1,2,cart,-0.05781999999999964,0.20107135921228902,-0.45432398265979385,0.33868398265979455,200,-0.8361181535645877,0.7204781535645884
22,gaussian,200,0.4,0.1,2,fixed_mixed,-0.0787799999999999,0.22466476054592038,-0.5218091448207509,0.36424914482075105,200,-0.9484024513970128,0.7908424513970131
22,gaussian,200,0.4,0.1,2,fixed_raw,0.0704000000000002,0.23279580717701068,-0.38866321543652627,0.5294632154365266,200,-0.8306957482619517,0.9714957482619522
22,gaussian,200,0.4,0.1,2,mixed,0.20877999999999997,0.216383409385485,-0.21791868020470312,0.635478680204703,200,-0.6287873623856444,1.0463473623856443
22,gaussian,200,0.4,0.1,2,raw,0.22845999999999989,0.19275785977366158,-0.15165012303617925,0.6085701230361791,200,-0.5176586264151616,0.9745786264151614
22,gaussian,200,0.4,0.1,5,cart,0.1771599999999999,0.18920107851849788,-0.19593630496359563,0.5502563049635955,200,-0.555191194323531,0.9095111943235308
22,gaussian,200,0.4,0.1,5,fixed_mixed,0.4766999999999997,0.22865025045946452,0.0258116422621954,0.9275883577378039,200,-0.40834931006506836,1.3617493100650677
22,gaussian,200,0.4,0.1,5,fixed_raw,0.8444600000000002,0.2077901244551952,0.43470690425018177,1.2542130957498188,200,0.04015514611134019,1.6487648538886601
22,gaussian,200,0.4,0.1,5,mixed,0.34709999999999996,0.18718371796541697,-0.022018157618837075,0.716218157618837,200,-0.3774424840244216,1.0716424840244216
22,gaussian,200,0.4,0.1,5,raw,0.36033999999999994,0.16853954942565558,0.027987332545234056,0.6926926674547658,200,-0.29203545831727945,1.0127154583172793
23,gaussian,200,0.4,0.4,2,cart,0.13115999999999997,0.152564091061452,-0.16968975778609088,0.43200975778609085,200,-0.45937835831498497,0.7216983583149849
23,gaussian,200,0.4,0.4,2,fixed_mixed,-0.10786000000000001,0.15381621972095857,-0.41117890109044714,0.1954589010904471,200,-0.7032450427335766,0.4875250427335766
23,gaussian,200,0.4,0.4,2,fixed_raw,-0.10786000000000001,0.15381621972095857,-0.41117890109044714,0.1954589010904471,200,-0.7032450427335766,0.4875250427335766
23,gaussian,200,0.4,0.4,2,mixed,0.2582599999999996,0.13121240160010914,-0.00048515402201537716,0.5170051540220146,200,-0.24963117997815143,0.7661511799781506
23,gaussian,200,0.4,0.4,2,raw,0.2582599999999996,0.13121240160010914,-0.00048515402201537716,0.5170051540220146,200,-0.24963117997815143,0.7661511799781506
23,gaussian,200,0.4,0.4,5,cart,0.15919999999999987,0.14858778566978922,-0.13380865634706743,0.4522086563470672,200,-0.4159470506893542,0.734347050689354
23,gaussian,200,0.4,0.4,5,fixed_mixed,0.60698,0.19674164064533742,0.2190140342030641,0.9949459657969358,200,-0.154558869799291,1.368518869799291
23,gaussian,200,0.4,0.4,5,fixed_raw,0.60698,0.19674164064533742,0.2190140342030641,0.9949459657969358,200,-0.154558869799291,1.368518869799291
23,gaussian,200,0.4,0.4,5,mixed,0.0031399999999996674,0.13101435535292572,-0.25521461542881796,0.26149461542881725,200,-0.5039845912948745,0.5102645912948739
23,gaussian,200,0.4,0.4,5,raw,0.0031399999999996674,0.13101435535292572,-0.25521461542881796,0.26149461542881725,200,-0.5039845912948745,0.5102645912948739
24,gaussian,200,0.4,0.6,2,cart,-0.017439999999999872,0.12445514148967915,-0.2628601307260571,0.22798013072605733,200,-0.4991754754178076,0.4642954754178078
24,gaussian,200,0.4,0.6,2,fixed_mixed,0.0776200000000007,0.200313441014966,-0.3173894009105767,0.4726294009105781,200,-0.6977444372171154,0.8529844372171168
24,gaussian,200,0.4,0.6,2,fixed_raw,0.0776200000000007,0.200313441014966,-0.3173894009105767,0.4726294009105781,200,-0.6977444372171154,0.8529844372171168
24,gaussian,200,0.4,0.6,2,mixed,0.2624400000000001,0.15418386410957136,-0.041603879848528535,0.5664838798485288,200,-0.3343681044264336,0.8592481044264338
24,gaussian,200,0.4,0.6,2,raw,0.2624400000000001,0.15418386410957136,-0.041603879848528535,0.5664838798485288,200,-0.3343681044264336,0.8592481044264338
24,gaussian,200,0.4,0.6,5,cart,0.18537999999999982,0.12827342842615924,-0.06756962663827126,0.4383296266382709,200,-0.3111351321729238,0.6818951321729234
24,gaussian,200,0.4,0.6,5,fixed_mixed,0.5293599999999999,0.1849574400372302,0.16463196571096883,0.894088034289031,200,-0.18656510555929673,1.2452851055592966
24,gaussian,200,0.4,0.6,5,fixed_raw,0.5293599999999999,0.1849574400372302,0.16463196571096883,0.894088034289031,200,-0.18656510555929673,1.2452851055592966
24,gaussian,200,0.4,0.6,5,mixed,0.38971999999999984,0.14301363609300582,0.10770332438949554,0.6717366756105041,200,-0.16385087822849687,0.9432908782284966
24,gaussian,200,0.4,0.6,5,raw,0.38971999999999984,0.14301363609300582,0.10770332438949554,0.6717366756105041,200,-0.16385087822849687,0.9432908782284966
25,continuous,200,0.1,0.25,2,cart,-0.04231999999999991,0.020557346875332973,-0.08285819470321762,-0.0017818052967822073,200,-0.12189247207130095,0.037252472071301126
25,continuous,200,0.1,0.25,2,fixed_mixed,0.029759999999999957,0.043545986920546675,-0.05611079388377062,0.11563079388377052,200,-0.13879588656774647,0.19831588656774637
25,continuous,200,0.1,0.25,2,fixed_raw,0.029759999999999957,0.043545986920546675,-0.05611079388377062,0.11563079388377052,200,-0.13879588656774647,0.19831588656774637
25,continuous,200,0.1,0.25,2,mixed,-0.0017600000000000393,0.02651500214394614,-0.05404643199854137,0.05052643199854129,200,-0.10439310145830617,0.1008731014583061
25,continuous,200,0.1,0.25,2,raw,-0.0017600000000000393,0.02651500214394614,-0.05404643199854137,0.05052643199854129,200,-0.10439310145830617,0.1008731014583061
25,continuous,200,0.1,0.25,5,cart,-0.07663999999999999,0.0327915351253856,-0.14130348228648804,-0.01197651771351195,200,-0.20356802863927786,0.05028802863927789
25,continuous,200,0.1,0.25,5,fixed_mixed,0.24839999999999995,0.09707392199585989,0.05697444424430875,0.43982555575569116,200,-0.12734945802640707,0.624149458026407
25,continuous,200,0.1,0.25,5,fixed_raw,0.24839999999999995,0.09707392199585989,0.05697444424430875,0.43982555575569116,200,-0.12734945802640707,0.624149458026407
25,continuous,200,0.1,0.25,5,mixed,-0.014720000000000066,0.03041319153090446,-0.07469349207087739,0.045253492070877255,200,-0.13244204109645485,0.10300204109645471
25,continuous,200,0.1,0.25,5,raw,-0.014720000000000066,0.03041319153090446,-0.07469349207087739,0.045253492070877255,200,-0.13244204109645485,0.10300204109645471
26,continuous,200,0.4,0.25,2,cart,0.15999999999999998,0.1860894322198861,-0.20696027368165865,0.5269602736816585,200,-0.5603067709991791,0.880306770999179
26,continuous,200,0.4,0.25,2,fixed_mixed,0.28734000000000004,0.2208190432715366,-0.14810555747419685,0.7227855574741969,200,-0.56739661849913,1.14207661849913
26,continuous,200,0.4,0.25,2,fixed_raw,0.28734000000000004,0.2208190432715366,-0.14810555747419685,0.7227855574741969,200,-0.56739661849913,1.14207661849913
26,continuous,200,0.4,0.25,2,mixed,0.3947600000000003,0.15269695646794293,0.09364823740607525,0.6958717625939252,200,-0.19629264787342598,0.9858126478734266
26,continuous,200,0.4,0.25,2,raw,0.3947600000000003,0.15269695646794293,0.09364823740607525,0.6958717625939252,200,-0.19629264787342598,0.9858126478734266
26,continuous,200,0.4,0.25,5,cart,0.09076000000000006,0.17165368756386018,-0.247733612536095,0.4292536125360951,200,-0.5736695269444813,0.7551895269444814
26,continuous,200,0.4,0.25,5,fixed_mixed,1.0219000000000003,0.21123820641457408,0.6053474364652764,1.438452563534724,200,0.2042484624621259,1.8395515375378746
26,continuous,200,0.4,0.25,5,fixed_raw,1.0219000000000003,0.21123820641457408,0.6053474364652764,1.438452563534724,200,0.2042484624621259,1.8395515375378746
26,continuous,200,0.4,0.25,5,mixed,0.38096,0.13290481799101986,0.1188774744003337,0.6430425255996663,200,-0.133482110738596,0.8954021107385961
26,continuous,200,0.4,0.25,5,raw,0.38096,0.13290481799101986,0.1188774744003337,0.6430425255996663,200,-0.133482110738596,0.8954021107385961
27,within_cluster,200,0.1,0.25,2,cart,5.37664,0.6278039942753955,4.138637804982724,6.614642195017276,200,2.9465639739602345,7.806716026039766
27,within_cluster,200,0.1,0.25,2,fixed_mixed,3.22336,0.7054693650878023,1.8322050687476426,4.614514931252358,200,0.49266028028247755,5.954059719717522
27,within_cluster,200,0.1,0.25,2,fixed_raw,-0.11559999999999988,0.4891038631463911,-1.0800915637491861,0.8488915637491864,200,-2.008801672676998,1.7776016726769985
27,within_cluster,200,0.1,0.25,2,mixed,2.96824,0.5722513301305476,1.8397852445936458,4.096694755406355,200,0.753194777446673,5.1832852225533275
27,within_cluster,200,0.1,0.25,2,raw,-0.4846400000000001,0.27458991836617325,-1.0261193865070826,0.05683938650708237,200,-1.5475105514752496,0.5782305514752493
27,within_cluster,200,0.1,0.25,5,cart,-0.06464000000000009,0.1250484752317634,-0.3112301590816843,0.18195015908168413,200,-0.5486721255111917,0.4193921255111916
27,within_cluster,200,0.1,0.25,5,fixed_mixed,0.4323200000000002,0.2243510805069214,-0.010090581415046318,0.8747305814150468,200,-0.43608827252977195,1.3007282725297724
27,within_cluster,200,0.1,0.25,5,fixed_raw,0.03256000000000004,0.1510366670912403,-0.2652777440921885,0.3303977440921886,200,-0.5520660729433475,0.6171860729433476
27,within_cluster,200,0.1,0.25,5,mixed,0.6764000000000003,0.2412785758325403,0.2006091333998486,1.1521908666001521,200,-0.2575304752343984,1.6103304752343992
27,within_cluster,200,0.1,0.25,5,raw,0.1716800000000002,0.15654076447594592,-0.13701158495014457,0.480371584950145,200,-0.43425109046716703,0.7776110904671674
28,within_cluster,200,0.4,0.25,2,cart,-0.050060000000000146,0.05434852706348028,-0.15723293361314544,0.057112933613145137,200,-0.26042988275293133,0.160309882752931
28,within_cluster,200,0.4,0.25,2,fixed_mixed,0.2705199999999997,0.09669503553692625,0.07984159187653017,0.46119840812346924,200,-0.10376288102332787,0.6448028810233273
28,within_cluster,200,0.4,0.25,2,fixed_raw,-0.2649599999999999,0.10126427434338063,-0.46464874849009546,-0.06527125150990437,200,-0.6569292891731051,0.12700928917310533
28,within_cluster,200,0.4,0.25,2,mixed,0.45293999999999984,0.08564113498786693,0.2840594034037298,0.6218205965962699,200,0.12144406994136064,0.784435930058639
28,within_cluster,200,0.4,0.25,2,raw,0.08709999999999987,0.07405254382012239,-0.05892839840440556,0.2331283984044053,200,-0.19953932221750012,0.37373932221749984
28,within_cluster,200,0.4,0.25,5,cart,-0.04500000000000011,0.040257610161053996,-0.12438625781293147,0.034386257812931253,200,-0.20082738276609002,0.11082738276608982
28,within_cluster,200,0.4,0.25,5,fixed_mixed,0.3661599999999996,0.0956269419785073,0.17758782595892494,0.5547321740410742,200,-0.003988551561348086,0.7363085515613472
28,within_cluster,200,0.4,0.25,5,fixed_raw,-0.1777200000000002,0.09216394616586421,-0.35946329678562505,0.0040232967856246304,200,-0.5344641400263546,0.17902414002635408
28,within_cluster,200,0.4,0.25,5,mixed,0.4032999999999997,0.07821667335005848,0.24906011911793466,0.5575398808820647,200,0.10054234876214779,0.7060576512378516
28,within_cluster,200,0.4,0.25,5,raw,0.008819999999999835,0.07845237353045993,-0.14588467139528863,0.16352467139528828,200,-0.29484998910595994,0.3124899891059596
29,imbalanced,200,0.1,0.25,2,cart,0.15823999999999994,0.04282476754843962,0.07379141937689532,0.24268858062310456,200,-0.007524222415154297,0.32400422241515414
29,imbalanced,200,0.1,0.25,2,fixed_mixed,0.03600000000000001,0.0746194418736005,-0.11114629673088383,0.18314629673088384,200,-0.2528336462127715,0.32483364621277155
29,imbalanced,200,0.1,0.25,2,fixed_raw,0.13200000000000006,0.07095521129593126,-0.007920593263610165,0.2719205932636103,200,-0.1426503040201924,0.40665030402019253
29,imbalanced,200,0.1,0.25,2,mixed,-0.12736000000000003,0.03608442852408154,-0.19851692497356216,-0.05620307502643791,200,-0.26703401524885884,0.01231401524885875
29,imbalanced,200,0.1,0.25,2,raw,0.08120000000000005,0.051904442543763966,-0.02115330514979201,0.18355330514979212,200,-0.11970942813471447,0.28210942813471457
29,imbalanced,200,0.1,0.25,5,cart,0.14415999999999995,0.04423971103161504,0.056921212315504524,0.2313987876844954,200,-0.027081123275962543,0.3154011232759625
29,imbalanced,200,0.1,0.25,5,fixed_mixed,0.03784000000000003,0.08033202876954595,-0.12057126984493677,0.19625126984493685,200,-0.27310567574601524,0.3487856757460153
29,imbalanced,200,0.1,0.25,5,fixed_raw,0.20288000000000012,0.08770081695441818,0.02993780007071689,0.37582219992928334,200,-0.13658845621938703,0.5423484562193872
29,imbalanced,200,0.1,0.25,5,mixed,-0.12736000000000003,0.03608442852408154,-0.19851692497356216,-0.05620307502643791,200,-0.26703401524885884,0.01231401524885875
29,imbalanced,200,0.1,0.25,5,raw,0.09192000000000006,0.05250240452019327,-0.01161246018242408,0.19545246018242418,200,-0.11130399299357835,0.29514399299357846
30,imbalanced,200,0.4,0.25,2,cart,-0.45236,0.152128388491184,-0.7523505712513046,-0.15236942874869536,200,-1.0412118600127336,0.1364918600127335
30,imbalanced,200,0.4,0.25,2,fixed_mixed,1.0253999999999999,0.22913458466466213,0.5735565562566523,1.4772434437433475,200,0.13847595044398586,1.9123240495560139
30,imbalanced,200,0.4,0.25,2,fixed_raw,0.8209599999999998,0.22153060110996112,0.3841112813897097,1.25780871861029,200,-0.03653088521304604,1.6784508852130458
30,imbalanced,200,0.4,0.25,2,mixed,-0.03523999999999994,0.13811190100056528,-0.3075906670167892,0.23711066701678934,200,-0.5698374581121022,0.4993574581121023
30,imbalanced,200,0.4,0.25,2,raw,-0.028119999999999857,0.13278988854766954,-0.2899758897317246,0.23373588973172488,200,-0.5421172469156218,0.4858772469156221
30,imbalanced,200,0.4,0.25,5,cart,-0.41621999999999987,0.16446151802948553,-0.7405309667554337,-0.09190903324456601,200,-1.0528103941577112,0.22037039415771137
30,imbalanced,200,0.4,0.25,5,fixed_mixed,1.3275599999999994,0.20878650640855945,0.9158420823366724,1.7392779176633264,200,0.5193983947689976,2.135721605231001
30,imbalanced,200,0.4,0.25,5,fixed_raw,1.4892999999999992,0.21123772112035433,1.0727483934443878,1.9058516065556106,200,0.6716503409175979,2.3069496590824006
30,imbalanced,200,0.4,0.25,5,mixed,-0.29944000000000004,0.15711238506145364,-0.6092587959045644,0.010378795904564364,200,-0.9075836942312392,0.3087036942312391
30,imbalanced,200,0.4,0.25,5,raw,-0.13653999999999994,0.1548582199413937,-0.4419136802442434,0.1688336802442435,200,-0.7359583712531412,0.4628783712531414
31,contaminated,200,0.1,0.25,2,cart,0.014080000000000037,0.014357305776005773,-0.014231983082784182,0.04239198308278426,200,-0.0414936262956765,0.06965362629567658
31,contaminated,200,0.1,0.25,2,fixed_mixed,0.049040000000000014,0.06601765099741189,-0.08114393892031894,0.17922393892031896,200,-0.2064982132753631,0.30457821327536316
31,contaminated,200,0.1,0.25,2,fixed_raw,0.07912000000000001,0.06916887881833074,-0.05727802324420066,0.21551802324420066,200,-0.18861584701141937,0.3468558470114194
31,contaminated,200,0.1,0.25,2,mixed,-0.08135999999999989,0.030703541969082905,-0.14190605051756888,-0.020813949482430906,200,-0.20020591677326038,0.03748591677326059
31,contaminated,200,0.1,0.25,2,raw,-0.0759999999999999,0.030985060429975692,-0.13710119268885343,-0.014898807311146366,200,-0.19593560602172203,0.04393560602172222
31,contaminated,200,0.1,0.25,5,cart,-0.00567999999999996,0.024482361366715676,-0.0539581527157735,0.04259815271577357,200,-0.10044524514114508,0.08908524514114516
31,contaminated,200,0.1,0.25,5,fixed_mixed,0.3572000000000001,0.13147024196605506,0.09794639598098637,0.6164536040190138,200,-0.15168921710047556,0.8660892171004757
31,contaminated,200,0.1,0.25,5,fixed_raw,0.3849600000000001,0.13131984427152465,0.12600297369895563,0.6439170263010445,200,-0.12334706433435338,0.8932670643343535
31,contaminated,200,0.1,0.25,5,mixed,-0.1709599999999999,0.05375085080079241,-0.2769543419955953,-0.06496565800440447,200,-0.3790164238222226,0.037096423822222835
31,contaminated,200,0.1,0.25,5,raw,-0.16559999999999991,0.05395690072343289,-0.2720006634889883,-0.059199336511011516,200,-0.37445399277963887,0.04325399277963907
32,contaminated,200,0.4,0.25,2,cart,-0.031800000000000356,0.16891066355119952,-0.364884488383296,0.30128448838329525,200,-0.6856119505148962,0.6220119505148954
32,contaminated,200,0.4,0.25,2,fixed_mixed,0.16783999999999977,0.20713422024858646,-0.24061968115719584,0.5762996811571954,200,-0.6339260087994406,0.9696060087994401
32,contaminated,200,0.4,0.25,2,fixed_raw,0.2555799999999998,0.21531302891395235,-0.16900793642902773,0.6801679364290274,200,-0.5778441808411964,1.0890041808411959
32,contaminated,200,0.4,0.25,2,mixed,0.36157999999999996,0.19817852547082118,-0.029219440231881277,0.7523794402318812,200,-0.40552070024068304,1.128680700240683
32,contaminated,200,0.4,0.25,2,raw,0.3377799999999999,0.19434590247040234,-0.04546167422456465,0.7210216742245645,200,-0.4144855520812388,1.0900455520812387
32,contaminated,200,0.4,0.25,5,cart,0.20977999999999958,0.1535553083472142,-0.09302439519952321,0.5125843951995224,200,-0.3845951184896432,0.8041551184896423
32,contaminated,200,0.4,0.25,5,fixed_mixed,0.5070199999999994,0.21278466997620948,0.08741787752446534,0.9266221224755333,200,-0.3166175205206875,1.330657520520686
32,contaminated,200,0.4,0.25,5,fixed_raw,0.6172399999999993,0.20993606567322282,0.20325520142171688,1.0312247985782819,200,-0.19537126855752296,1.4298512685575218
32,contaminated,200,0.4,0.25,5,mixed,0.17364000000000018,0.1743021766817038,-0.17007631798439993,0.5173563179844003,200,-0.501041181870518,0.8483211818705185
32,contaminated,200,0.4,0.25,5,raw,0.1523200000000001,0.16757820071469276,-0.17813692957287694,0.4827769295728771,200,-0.49633431210528145,0.8009743121052817
33,gaussian,200,0.5,0.25,2,cart,0.0,0.0,0.0,0.0,200,0.0,0.0
33,gaussian,200,0.5,0.25,2,fixed_mixed,0.0,0.0,0.0,0.0,200,0.0,0.0
33,gaussian,200,0.5,0.25,2,fixed_raw,0.0,0.0,0.0,0.0,200,0.0,0.0
33,gaussian,200,0.5,0.25,2,mixed,0.0,0.0,0.0,0.0,200,0.0,0.0
33,gaussian,200,0.5,0.25,2,raw,0.0,0.0,0.0,0.0,200,0.0,0.0
33,gaussian,200,0.5,0.25,5,cart,0.0,0.0,0.0,0.0,200,0.0,0.0
33,gaussian,200,0.5,0.25,5,fixed_mixed,0.0,0.0,0.0,0.0,200,0.0,0.0
33,gaussian,200,0.5,0.25,5,fixed_raw,0.0,0.0,0.0,0.0,200,0.0,0.0
33,gaussian,200,0.5,0.25,5,mixed,0.0,0.0,0.0,0.0,200,0.0,0.0
33,gaussian,200,0.5,0.25,5,raw,0.0,0.0,0.0,0.0,200,0.0,0.0
