condition,context,n,eta,delta,cap,switched,gain_vs_cart,helped,harmed,harmful_switch,best_observed_family_accuracy,gap_to_best_observed,cv_gain_vs_cart,fold_test_gain_vs_cart,refit_gain_change,fold_to_full_reversal,oof_disagreement
0,gaussian,200,0.4,0.25,2,0.49,0.0029941999999999968,0.006378599999999996,0.0033843999999999996,0.165,0.5498624,0.009106999999999999,0.015675,0.004327439999999999,-0.0013332400000000027,0.12,0.135925
0,gaussian,200,0.4,0.25,5,0.52,0.002395799999999997,0.007563999999999998,0.0051681999999999995,0.18,0.5512954,0.012416999999999997,0.015050000000000001,0.004545280000000002,-0.0021494800000000057,0.13,0.1482
1,gaussian,800,0.4,0.25,2,0.745,0.003944999999999999,0.005035199999999998,0.0010902000000000002,0.085,0.596747,0.0031424,0.006475,0.004210760000000001,-0.00026576000000000323,0.085,0.0404125
1,gaussian,800,0.4,0.25,5,0.755,0.0031868,0.0053289999999999995,0.0021421999999999986,0.115,0.5971354,0.004707199999999997,0.006875,0.003841800000000004,-0.0006550000000000042,0.08,0.05005
2,binary,200,0.4,0.25,2,0.65,0.013440999999999996,0.016288399999999995,0.0028473999999999995,0.11,0.5586116,0.010877199999999998,0.020975,0.01204731999999999,0.0013936800000000074,0.095,0.166175
2,binary,200,0.4,0.25,5,0.69,0.010532399999999997,0.014937199999999994,0.004404799999999999,0.185,0.5569073999999999,0.013738399999999994,0.020975,0.012014359999999991,-0.0014819599999999944,0.13,0.19977499999999998
3,binary,800,0.4,0.25,2,0.83,0.006313199999999996,0.006831799999999998,0.0005186000000000007,0.06,0.599599,0.0042054,0.00839375,0.006761839999999999,-0.00044864000000000183,0.04,0.04760625
3,binary,800,0.4,0.25,5,0.83,0.006171999999999998,0.006817999999999998,0.0006460000000000007,0.07,0.5988844,0.004283400000000001,0.008225,0.006627559999999999,-0.00045556000000000177,0.045,0.0515875
4,mixed,200,0.4,0.25,2,0.56,0.0040208,0.008359199999999997,0.004338399999999998,0.185,0.5501198,0.010507800000000001,0.015375000000000002,0.003641399999999997,0.0003794000000000025,0.13,0.153975
4,mixed,200,0.4,0.25,5,0.605,0.0050709999999999965,0.009131199999999996,0.004060199999999999,0.21,0.5513376,0.013570599999999997,0.015675,0.006443079999999999,-0.0013720800000000025,0.16,0.179875
5,mixed,800,0.4,0.25,2,0.82,0.0026818000000000002,0.0038613999999999996,0.0011795999999999996,0.14,0.5988046,0.0035119999999999995,0.00749375,0.004946000000000005,-0.0022642000000000053,0.075,0.04018125
5,mixed,800,0.4,0.25,5,0.82,0.0017430000000000017,0.0039148,0.002171799999999999,0.155,0.598395,0.004542599999999998,0.0075625,0.004230120000000004,-0.002487120000000002,0.06,0.0436
6,correlated,200,0.4,0.25,2,0.545,0.002540199999999998,0.007542599999999997,0.005002399999999998,0.175,0.5634414,0.011981199999999994,0.01575,0.006313399999999998,-0.0037732,0.155,0.11805
6,correlated,200,0.4,0.25,5,0.57,0.0020533999999999973,0.008615599999999996,0.006562199999999999,0.18,0.5637084,0.016429999999999993,0.01525,0.006195879999999996,-0.004142479999999999,0.11,0.13290000000000002
7,correlated,800,0.4,0.25,2,0.8,0.003822199999999999,0.004654199999999998,0.0008319999999999994,0.11,0.5972748,0.003052599999999999,0.0078375,0.004990520000000009,-0.0011683200000000102,0.06,0.043425000000000005
7,correlated,800,0.4,0.25,5,0.81,0.0019127999999999992,0.004369199999999998,0.0024563999999999996,0.15,0.5972876,0.004714799999999998,0.0079875,0.004208280000000011,-0.0022954800000000116,0.05,0.0476375
8,xor,200,0.4,0.25,2,0.39,-1.5999999999998793e-05,0.0002023999999999998,0.0002183999999999986,0.21,0.5004460000000001,0.0004707999999999979,0.010549999999999999,9.571999999999608e-05,-0.00011171999999999488,0.14,0.12525
8,xor,200,0.4,0.25,5,0.41,0.00030739999999999907,0.0006375999999999979,0.0003301999999999988,0.215,0.5018944,0.0011061999999999977,0.010575000000000001,0.00028403999999999653,2.3360000000002544e-05,0.175,0.149775
9,xor,800,0.4,0.25,2,0.5,-0.0005725999999999984,0.0002670000000000011,0.0008395999999999995,0.225,0.501196,0.001140199999999999,0.00641875,-0.0001928000000000002,-0.0003797999999999982,0.17,0.15865625
9,xor,800,0.4,0.25,5,0.61,0.0010851999999999997,0.0024483999999999994,0.0013631999999999997,0.26,0.5053025999999999,0.0028436000000000017,0.0085,0.0034162799999999938,-0.002331079999999994,0.235,0.22771249999999998
10,majority,200,0.4,0.25,2,0.485,0.0015417999999999986,0.003301799999999997,0.0017599999999999985,0.19,0.517426,0.004604799999999999,0.0152,0.0013640800000000006,0.00017771999999999789,0.15,0.15115
10,majority,200,0.4,0.25,5,0.56,0.003467599999999994,0.005138999999999994,0.0016714000000000006,0.205,0.520088,0.005624800000000003,0.016075,0.0026348799999999987,0.0008327199999999948,0.16,0.194925
11,majority,800,0.4,0.25,2,0.62,0.0016381999999999994,0.005090600000000001,0.003452400000000001,0.23,0.5404094,0.007594199999999996,0.008731250000000001,0.0032168799999999975,-0.001578679999999998,0.21,0.15624375000000001
11,majority,800,0.4,0.25,5,0.765,0.009748199999999995,0.012196399999999998,0.0024482000000000024,0.235,0.548915,0.008716599999999996,0.01379375,0.0094762,0.0002719999999999959,0.22,0.22684374999999998
12,breast_cancer,200,0.4,0.25,2,0.545,0.0034923999999999984,0.008250999999999998,0.004758599999999999,0.19,0.559715,0.011408199999999997,0.0167,0.004441400000000005,-0.0009490000000000068,0.18,0.13855
12,breast_cancer,200,0.4,0.25,5,0.555,0.002700799999999997,0.007744199999999996,0.0050434,0.21,0.5596926,0.014109999999999998,0.016425000000000002,0.004703320000000003,-0.002002520000000006,0.17,0.144775
13,breast_cancer,800,0.4,0.25,2,0.775,0.003607999999999999,0.0051995999999999995,0.0015916000000000003,0.11,0.5976754,0.0031882000000000017,0.00796875,0.005235440000000003,-0.0016274400000000039,0.075,0.04753125
13,breast_cancer,800,0.4,0.25,5,0.78,0.0032437999999999994,0.004825799999999999,0.0015819999999999994,0.13,0.5968327999999999,0.0036168000000000007,0.00816875,0.004811880000000003,-0.0015680800000000034,0.085,0.05524375
14,wine,200,0.4,0.25,2,0.555,0.0044503999999999985,0.008237799999999997,0.0037874,0.18,0.5569248,0.009341599999999999,0.012975,0.005404720000000003,-0.0009543200000000051,0.155,0.129475
14,wine,200,0.4,0.25,5,0.61,0.006978399999999998,0.010648599999999994,0.003670199999999998,0.185,0.5603933999999999,0.012284999999999997,0.015050000000000001,0.007060880000000003,-8.24800000000045e-05,0.14,0.15825
15,wine,800,0.4,0.25,2,0.765,0.002118600000000001,0.003727800000000001,0.0016092,0.12,0.5986047999999999,0.004283599999999998,0.0069375,0.0038943600000000056,-0.0017757600000000045,0.07,0.033937499999999995
15,wine,800,0.4,0.25,5,0.785,0.0018412000000000018,0.0039596000000000015,0.0021184,0.145,0.5983035999999999,0.004970799999999997,0.007106250000000001,0.0037496400000000063,-0.0019084400000000045,0.075,0.04088125
16,digits,200,0.4,0.25,2,0.475,-0.003251799999999999,0.0036588,0.006910599999999998,0.205,0.5492066,0.012665799999999998,0.011000000000000001,-0.0010040400000000027,-0.0022477599999999962,0.145,0.1201
16,digits,200,0.4,0.25,5,0.505,0.0004890000000000025,0.0062282,0.005739199999999996,0.23,0.549427,0.012793799999999998,0.01125,-0.0003660800000000039,0.0008550800000000064,0.175,0.1433
17,digits,800,0.4,0.25,2,0.73,0.0024978000000000027,0.004137200000000002,0.0016393999999999998,0.07,0.5987904,0.0038753999999999993,0.00609375,0.0037545200000000025,-0.0012567199999999996,0.075,0.03786875
17,digits,800,0.4,0.25,5,0.74,0.0017960000000000027,0.004167000000000002,0.002371,0.085,0.5985862,0.004864,0.00609375,0.0033126800000000036,-0.0015166800000000007,0.07,0.04198125
18,gaussian,200,0.1,0.25,2,0.385,0.0017144000000000005,0.0020111999999999994,0.0002967999999999993,0.015,0.9,0.0016511999999999994,0.0039250000000000005,0.0028475200000000036,-0.001133120000000003,0.005,0.004675
18,gaussian,200,0.1,0.25,5,0.385,0.0017144000000000005,0.0020111999999999994,0.0002967999999999993,0.015,0.9,0.0016511999999999994,0.00395,0.0028408000000000027,-0.0011264000000000024,0.005,0.0047
19,xor,200,0.1,0.25,2,0.425,-0.005492000000000002,0.0029360000000000015,0.008428000000000005,0.23,0.5278231999999999,0.0140312,0.014775,0.008208800000000002,-0.013700800000000006,0.185,0.136325
19,xor,200,0.1,0.25,5,0.83,0.09253120000000001,0.10152800000000001,0.008996800000000003,0.275,0.6912688,0.0465808,0.08155,0.098536,-0.006004799999999994,0.285,0.31355
20,majority,200,0.1,0.25,2,0.63,0.0019440000000000013,0.0032800000000000034,0.0013360000000000021,0.16,0.7011136,0.004560800000000004,0.014150000000000001,0.0033500800000000027,-0.0014060800000000012,0.14,0.09210000000000002
20,majority,200,0.1,0.25,5,0.99,0.048069600000000004,0.04834320000000001,0.0002736000000000005,0.02,0.8991880000000001,0.0005296000000000006,0.056675,0.0626016,-0.014531999999999995,0.025,0.075075
21,gaussian,200,0.4,0.0,2,0.435,0.006620799999999999,0.009338199999999998,0.0027173999999999987,0.115,0.5460788,0.006846799999999998,0.013600000000000001,0.009862480000000002,-0.0032416800000000024,0.1,0.11964999999999999
21,gaussian,200,0.4,0.0,5,0.52,0.010881799999999999,0.014105599999999998,0.003223799999999999,0.11,0.5486352,0.007875999999999998,0.01455,0.013627239999999999,-0.002745439999999999,0.095,0.1671
22,gaussian,200,0.4,0.1,2,0.545,-0.0005781999999999962,0.006198600000000001,0.006776799999999997,0.24,0.5506164,0.013829599999999996,0.0146,0.0026113999999999994,-0.0031895999999999956,0.2,0.14475
22,gaussian,200,0.4,0.1,5,0.6,0.001771599999999999,0.007756,0.005984400000000001,0.245,0.5498594,0.0122768,0.013975,0.0028798400000000003,-0.0011082400000000014,0.205,0.181925
23,gaussian,200,0.4,0.4,2,0.44,0.0013115999999999994,0.004962399999999998,0.0036507999999999983,0.19,0.5390444,0.005535799999999999,0.0104,0.0019867600000000023,-0.000675160000000003,0.165,0.12195
23,gaussian,200,0.4,0.4,5,0.435,0.001591999999999999,0.005604399999999996,0.0040123999999999976,0.18,0.5407502,0.007969799999999999,0.010425,0.0024482400000000043,-0.0008562400000000053,0.135,0.129025
24,gaussian,200,0.4,0.6,2,0.325,-0.0001743999999999987,0.0025789999999999993,0.002753399999999998,0.115,0.5337354,0.005837999999999997,0.009300000000000001,0.0015290800000000047,-0.0017034800000000033,0.09,0.08234999999999999
24,gaussian,200,0.4,0.6,5,0.355,0.001853799999999998,0.0044557999999999985,0.002602000000000001,0.14,0.534204,0.004886000000000001,0.0096,0.001554800000000003,0.0002989999999999948,0.09,0.10769999999999999
25,continuous,200,0.1,0.25,2,0.1,-0.0004231999999999991,5.039999999999989e-05,0.00047359999999999904,0.04,0.8965936000000001,0.0009455999999999992,0.0008500000000000001,0.0002127999999999991,-0.0006359999999999982,0.025,0.0009
25,continuous,200,0.1,0.25,5,0.115,-0.0007663999999999999,5.039999999999989e-05,0.0008167999999999998,0.05,0.8965728,0.0014184000000000002,0.0009750000000000001,6.287999999999905e-05,-0.0008292799999999989,0.025,0.001225
26,continuous,200,0.4,0.25,2,0.435,0.0015999999999999994,0.006467999999999998,0.004867999999999999,0.19,0.5489067999999999,0.006783999999999997,0.010025,0.0019299200000000019,-0.0003299200000000024,0.16,0.125125
26,continuous,200,0.4,0.25,5,0.445,0.0009076000000000004,0.006358399999999999,0.005450799999999999,0.235,0.5470898,0.007318799999999999,0.010150000000000001,0.0029004400000000015,-0.001992840000000001,0.155,0.1321
27,within_cluster,200,0.1,0.25,2,0.835,0.0537664,0.055768000000000005,0.0020016000000000022,0.155,0.7587272,0.011071200000000003,0.062275,0.06471903999999999,-0.010952639999999996,0.13,0.157775
27,within_cluster,200,0.1,0.25,5,0.415,-0.0006464000000000009,0.002071999999999999,0.0027184,0.12,0.8902856,0.0052696,0.0046500000000000005,0.002416640000000005,-0.0030630400000000056,0.115,0.00755
28,within_cluster,200,0.4,0.25,2,0.335,-0.0005006000000000013,0.0008979999999999991,0.0013986000000000005,0.165,0.5099589999999999,0.0029338,0.009275,-0.0004624399999999973,-3.8160000000004026e-05,0.105,0.102925
28,within_cluster,200,0.4,0.25,5,0.365,-0.00045000000000000096,0.0007340000000000005,0.0011840000000000015,0.18,0.5106272,0.003691800000000001,0.0092,-0.0002055199999999935,-0.00024448000000000747,0.13,0.12325
29,imbalanced,200,0.1,0.25,2,0.33,0.0015823999999999994,0.0015831999999999997,8.00000000000245e-07,0.005,0.8998592000000001,0.0012744000000000006,0.003125,0.00235488,-0.000772480000000001,0.005,0.003675
29,imbalanced,200,0.1,0.25,5,0.34,0.0014415999999999995,0.0015831999999999997,0.00014160000000000005,0.015,0.8998592000000001,0.0014152000000000004,0.0032,0.00217824,-0.0007366400000000006,0.005,0.0038
30,imbalanced,200,0.4,0.25,2,0.39,-0.0045236,0.002873599999999998,0.007397199999999997,0.22,0.5640844,0.011159599999999999,0.0085,-0.0029747599999999943,-0.0015488400000000058,0.11,0.09015000000000001
30,imbalanced,200,0.4,0.25,5,0.405,-0.0041622,0.003845599999999999,0.008007799999999999,0.225,0.5633562,0.013910799999999996,0.009550000000000001,-0.0025230799999999974,-0.0016391200000000017,0.11,0.09965
31,contaminated,200,0.1,0.25,2,0.215,0.00014080000000000036,0.00026639999999999997,0.0001255999999999996,0.015,0.8943896000000001,0.0010367999999999987,0.001925,0.0010262400000000077,-0.0008854400000000073,0.015,0.0023750000000000004
31,contaminated,200,0.1,0.25,5,0.23,-5.6799999999999626e-05,0.00026639999999999997,0.0003231999999999996,0.02,0.8943896000000001,0.002130399999999999,0.0020250000000000003,0.0007596800000000076,-0.0008164800000000072,0.015,0.002725
32,contaminated,200,0.4,0.25,2,0.415,-0.000318000000000003,0.004286599999999998,0.004604600000000001,0.17,0.5424364,0.0085444,0.0095,0.00034955999999999876,-0.0006675600000000017,0.12,0.11025
32,contaminated,200,0.4,0.25,5,0.44,0.0020977999999999956,0.005443399999999996,0.0033456000000000007,0.165,0.5432798,0.0084812,0.010575000000000001,0.001302639999999994,0.0007951600000000017,0.145,0.12862500000000002
33,gaussian,200,0.5,0.25,2,0.355,0.0,0.0,0.0,0.0,0.5,0.0,0.008375,0.0,0.0,0.0,0.113675
33,gaussian,200,0.5,0.25,5,0.375,0.0,0.0,0.0,0.0,0.5,0.0,0.008425,0.0,0.0,0.0,0.129975
