condition,context,n,eta,delta,cap,arm,accuracy,mcse,observed_accuracy,leaves,cv_accuracy
0,gaussian,200,0.4,0.25,2,cart,0.5377611999999999,0.002924356300394719,0.5372359999999999,2.32,0.56525
0,gaussian,200,0.4,0.25,2,constant,0.500022,8.652242861400937e-05,0.499368,1.0,0.49777499999999997
0,gaussian,200,0.4,0.25,2,fixed_mixed,0.541747,0.0029228783079380963,0.541635,3.955,0.5288
0,gaussian,200,0.4,0.25,2,fixed_raw,0.5410772,0.002737417210753348,0.5408339999999999,3.96,0.5279
0,gaussian,200,0.4,0.25,2,mixed,0.5371665999999999,0.0031294444322391085,0.536859,2.665,0.56785
0,gaussian,200,0.4,0.25,2,raw,0.5352488,0.0028723256930989175,0.53466,2.62,0.56495
0,gaussian,200,0.4,0.25,2,selected,0.5407554,0.0030193971001579445,0.540225,2.72,0.580925
0,gaussian,200,0.4,0.25,5,cart,0.5364826,0.002770029915880759,0.535905,4.485,0.5746249999999999
0,gaussian,200,0.4,0.25,5,constant,0.500022,8.652242861400937e-05,0.499368,1.0,0.49777499999999997
0,gaussian,200,0.4,0.25,5,fixed_mixed,0.5338916,0.0018494835696952982,0.5336120000000001,13.865,0.527625
0,gaussian,200,0.4,0.25,5,fixed_raw,0.5290206,0.001729406601748372,0.528579,13.68,0.52625
0,gaussian,200,0.4,0.25,5,mixed,0.5377634,0.0028932357608809204,0.537261,5.5,0.574975
0,gaussian,200,0.4,0.25,5,raw,0.532314,0.0026229437105173854,0.531986,5.34,0.5710999999999999
0,gaussian,200,0.4,0.25,5,selected,0.5388784,0.00279458466762462,0.538366,5.915,0.5896750000000001
1,gaussian,800,0.4,0.25,2,cart,0.5896596,0.0013106010432902021,0.589116,2.22,0.59216875
1,gaussian,800,0.4,0.25,2,constant,0.5000118,9.417947049817469e-05,0.500499,1.0,0.49930625
1,gaussian,800,0.4,0.25,2,fixed_mixed,0.5889251999999999,0.0012130101205525092,0.588484,3.995,0.58383125
1,gaussian,800,0.4,0.25,2,fixed_raw,0.5852482,0.0014364706972718247,0.584705,3.985,0.5783312500000001
1,gaussian,800,0.4,0.25,2,mixed,0.5939755999999999,0.00131512970229911,0.593162,2.46,0.59605
1,gaussian,800,0.4,0.25,2,raw,0.5892818,0.001331001883495792,0.588541,2.54,0.59068125
1,gaussian,800,0.4,0.25,2,selected,0.5936045999999999,0.0010800263602775962,0.593051,2.365,0.59864375
1,gaussian,800,0.4,0.25,5,cart,0.5892414,0.001310136450065009,0.588671,2.515,0.5924499999999999
1,gaussian,800,0.4,0.25,5,constant,0.5000118,9.417947049817469e-05,0.500499,1.0,0.49930625
1,gaussian,800,0.4,0.25,5,fixed_mixed,0.57074,0.0010189724255445288,0.570462,22.485,0.5631125
1,gaussian,800,0.4,0.25,5,fixed_raw,0.5657068,0.0014438401645973564,0.56511,21.565,0.55920625
1,gaussian,800,0.4,0.25,5,mixed,0.5937384,0.0011837663710827964,0.5929059999999999,3.825,0.5968374999999999
1,gaussian,800,0.4,0.25,5,raw,0.5875524,0.0014352219274751646,0.586966,4.05,0.59155
1,gaussian,800,0.4,0.25,5,selected,0.5924282,0.0011342215464281696,0.591857,3.7,0.599325
2,binary,200,0.4,0.25,2,cart,0.5342933999999999,0.00286759122248909,0.534175,2.195,0.5694250000000001
2,binary,200,0.4,0.25,2,constant,0.499776,9.390169134893658e-05,0.499816,1.0,0.498675
2,binary,200,0.4,0.25,2,fixed_mixed,0.5544732,0.002756869262305928,0.554662,4.0,0.5454249999999999
2,binary,200,0.4,0.25,2,fixed_raw,0.5354137999999999,0.00270626457456356,0.535349,3.935,0.534125
2,binary,200,0.4,0.25,2,mixed,0.5505466,0.0033140484316370776,0.550613,2.27,0.577125
2,binary,200,0.4,0.25,2,raw,0.5346996,0.002932760854613235,0.534572,2.57,0.56985
2,binary,200,0.4,0.25,2,selected,0.5477344,0.0031382796559892446,0.5478540000000001,2.45,0.5904
2,binary,200,0.4,0.25,5,cart,0.5326366,0.0026705853803179248,0.532583,4.1,0.57625
2,binary,200,0.4,0.25,5,constant,0.499776,9.390169134893658e-05,0.499816,1.0,0.498675
2,binary,200,0.4,0.25,5,fixed_mixed,0.5362996,0.0018976399622509157,0.536258,15.515,0.531175
2,binary,200,0.4,0.25,5,fixed_raw,0.528065,0.001817413158293869,0.528335,13.995,0.529775
2,binary,200,0.4,0.25,5,mixed,0.5477525999999999,0.0031244033619301135,0.547739,5.3,0.58175
2,binary,200,0.4,0.25,5,raw,0.5329532,0.002698102726065486,0.532778,5.92,0.5771000000000001
2,binary,200,0.4,0.25,5,selected,0.543169,0.0029813220289329704,0.543121,5.68,0.597225
3,binary,800,0.4,0.25,2,cart,0.5890804,0.0012949915733607596,0.589306,2.315,0.59161875
3,binary,800,0.4,0.25,2,constant,0.5001095999999999,9.982627724272169e-05,0.500444,1.0,0.501225
3,binary,800,0.4,0.25,2,fixed_mixed,0.5966252,0.0008543279264013001,0.597032,4.0,0.5926874999999999
3,binary,800,0.4,0.25,2,fixed_raw,0.5835165999999999,0.001651898466893357,0.583693,3.98,0.57909375
3,binary,800,0.4,0.25,2,mixed,0.598787,0.000537156701166466,0.599305,2.18,0.5982500000000001
3,binary,800,0.4,0.25,2,raw,0.5878203999999999,0.001515220228516146,0.588138,2.635,0.59190625
3,binary,800,0.4,0.25,2,selected,0.5953936,0.0007902309281463204,0.595974,2.32,0.6000125
3,binary,800,0.4,0.25,5,cart,0.588429,0.0013899000777504303,0.588825,2.725,0.5920125
3,binary,800,0.4,0.25,5,constant,0.5001095999999999,9.982627724272169e-05,0.500444,1.0,0.501225
3,binary,800,0.4,0.25,5,fixed_mixed,0.5514226,0.0020285316932086017,0.552507,32.0,0.54671875
3,binary,800,0.4,0.25,5,fixed_raw,0.5643414,0.001489103494147202,0.564813,23.055,0.556875
3,binary,800,0.4,0.25,5,mixed,0.5976788,0.000915375658284015,0.598082,2.615,0.5985
3,binary,800,0.4,0.25,5,raw,0.5867776,0.001524279077047119,0.587226,3.69,0.59235
3,binary,800,0.4,0.25,5,selected,0.5946009999999999,0.0010162478405225932,0.595137,2.725,0.6002375
4,mixed,200,0.4,0.25,2,cart,0.5355912,0.002840638461180105,0.535763,2.26,0.567725
4,mixed,200,0.4,0.25,2,constant,0.4999342,9.79980094147133e-05,0.500458,1.0,0.501975
4,mixed,200,0.4,0.25,2,fixed_mixed,0.5426076,0.0029378839188783507,0.542163,3.92,0.5334
4,mixed,200,0.4,0.25,2,fixed_raw,0.5364878000000001,0.0027180456280165525,0.5368580000000001,3.905,0.532525
4,mixed,200,0.4,0.25,2,mixed,0.5388404,0.0032230399207664596,0.538855,2.465,0.5700500000000001
4,mixed,200,0.4,0.25,2,raw,0.5326646,0.002797010488461352,0.533026,2.635,0.5672
4,mixed,200,0.4,0.25,2,selected,0.539612,0.0029944428932951826,0.540299,2.585,0.5831000000000001
4,mixed,200,0.4,0.25,5,cart,0.532696,0.0026536631361574517,0.5327689999999999,4.205,0.5744
4,mixed,200,0.4,0.25,5,constant,0.4999342,9.79980094147133e-05,0.500458,1.0,0.501975
4,mixed,200,0.4,0.25,5,fixed_mixed,0.5371302,0.0018327071773169175,0.536562,15.015,0.532825
4,mixed,200,0.4,0.25,5,fixed_raw,0.5286366,0.0017416079621052321,0.5289699999999999,13.87,0.52635
4,mixed,200,0.4,0.25,5,mixed,0.5402594,0.0029501751107553938,0.54035,6.335,0.577175
4,mixed,200,0.4,0.25,5,raw,0.5312986,0.0025723697050965455,0.531222,5.18,0.57185
4,mixed,200,0.4,0.25,5,selected,0.537767,0.002751999173739211,0.538008,5.84,0.590075
5,mixed,800,0.4,0.25,2,cart,0.5926108,0.0007890011093482464,0.592871,2.21,0.59645625
5,mixed,800,0.4,0.25,2,constant,0.5000312,9.451794012263026e-05,0.500477,1.0,0.50085625
5,mixed,800,0.4,0.25,2,fixed_mixed,0.5916315999999999,0.0008675003350758911,0.591875,4.0,0.589825
5,mixed,800,0.4,0.25,2,fixed_raw,0.5856956,0.0013281935982272532,0.586295,4.0,0.58545
5,mixed,800,0.4,0.25,2,mixed,0.5977216,0.0004964576297031324,0.597981,2.44,0.60184375
5,mixed,800,0.4,0.25,2,raw,0.5905822,0.0009394957996648732,0.590824,2.595,0.59588125
5,mixed,800,0.4,0.25,2,selected,0.5952926000000001,0.0006491706391958666,0.595426,2.48,0.60395
5,mixed,800,0.4,0.25,5,cart,0.5921094,0.0008012259690420277,0.5924860000000001,2.58,0.596775
5,mixed,800,0.4,0.25,5,constant,0.5000312,9.451794012263026e-05,0.500477,1.0,0.50085625
5,mixed,800,0.4,0.25,5,fixed_mixed,0.5686694,0.0009249921570766239,0.569164,28.3,0.5673625
5,mixed,800,0.4,0.25,5,fixed_raw,0.5676637999999999,0.0012120501871128943,0.5681280000000001,22.465,0.5641125
5,mixed,800,0.4,0.25,5,mixed,0.5966828,0.0006575932062640422,0.596981,3.325,0.6021
5,mixed,800,0.4,0.25,5,raw,0.588437,0.001121815432378075,0.5886979999999999,3.96,0.5964499999999999
5,mixed,800,0.4,0.25,5,selected,0.5938524,0.0008380543338785756,0.594103,3.465,0.6043375000000001
6,correlated,200,0.4,0.25,2,cart,0.54892,0.0029130719077459263,0.54901,2.225,0.573925
6,correlated,200,0.4,0.25,2,constant,0.5000938,0.0001067538746310581,0.49972900000000003,1.0,0.49424999999999997
6,correlated,200,0.4,0.25,2,fixed_mixed,0.5490568,0.0029235202757658557,0.548766,3.87,0.543325
6,correlated,200,0.4,0.25,2,fixed_raw,0.5490144,0.002689846145158327,0.548628,3.875,0.5433250000000001
6,correlated,200,0.4,0.25,2,mixed,0.547244,0.003186260970930405,0.5467,2.62,0.57495
6,correlated,200,0.4,0.25,2,raw,0.546156,0.002903423105343624,0.545758,2.645,0.5739
6,correlated,200,0.4,0.25,2,selected,0.5514602,0.0030001742260631573,0.551119,2.58,0.5896750000000001
6,correlated,200,0.4,0.25,5,cart,0.545225,0.002865240859143349,0.545321,3.695,0.58145
6,correlated,200,0.4,0.25,5,constant,0.5000938,0.0001067538746310581,0.49972900000000003,1.0,0.49424999999999997
6,correlated,200,0.4,0.25,5,fixed_mixed,0.5329128,0.0017484026021187097,0.532498,13.47,0.52815
6,correlated,200,0.4,0.25,5,fixed_raw,0.532457,0.0016290101057461596,0.531847,13.35,0.5284
6,correlated,200,0.4,0.25,5,mixed,0.5447289999999999,0.0028940248746122357,0.544277,5.625,0.58135
6,correlated,200,0.4,0.25,5,raw,0.545197,0.0026781167753314183,0.5451010000000001,5.085,0.58055
6,correlated,200,0.4,0.25,5,selected,0.5472784,0.002797784763902617,0.546956,4.975,0.5967
7,correlated,800,0.4,0.25,2,cart,0.5904,0.0012180407366672527,0.590351,2.295,0.591225
7,correlated,800,0.4,0.25,2,constant,0.49999859999999996,0.00010324907776973853,0.500458,1.0,0.49830624999999995
7,correlated,800,0.4,0.25,2,fixed_mixed,0.5910056,0.0009789607879387239,0.591071,4.0,0.5869375
7,correlated,800,0.4,0.25,2,fixed_raw,0.5847907999999999,0.0014430689438427453,0.584793,3.995,0.5813
7,correlated,800,0.4,0.25,2,mixed,0.5959264,0.0009985501223948015,0.596015,2.54,0.5971500000000001
7,correlated,800,0.4,0.25,2,raw,0.5886696,0.0012805041482040734,0.5884550000000001,2.705,0.5911
7,correlated,800,0.4,0.25,2,selected,0.5942221999999999,0.001005228490138901,0.594248,2.5,0.5990625
7,correlated,800,0.4,0.25,5,cart,0.59066,0.0011531805090410434,0.5906629999999999,2.745,0.591425
7,correlated,800,0.4,0.25,5,constant,0.49999859999999996,0.00010324907776973853,0.500458,1.0,0.49830624999999995
7,correlated,800,0.4,0.25,5,fixed_mixed,0.5701098,0.0011312660581275107,0.570898,20.515,0.5627875
7,correlated,800,0.4,0.25,5,fixed_raw,0.565854,0.001290311878469152,0.566413,20.375,0.55969375
7,correlated,800,0.4,0.25,5,mixed,0.5951844,0.0010172651795019505,0.595355,3.415,0.59751875
7,correlated,800,0.4,0.25,5,raw,0.5866366,0.0014398706468283843,0.586526,3.85,0.5916625
7,correlated,800,0.4,0.25,5,selected,0.5925728,0.0011676152653332327,0.592623,3.475,0.5994125
8,xor,200,0.4,0.25,2,cart,0.49999119999999997,9.574848123229677e-05,0.5000560000000001,2.025,0.543625
8,xor,200,0.4,0.25,2,constant,0.4999268,9.523949605095685e-05,0.50058,1.0,0.5018
8,xor,200,0.4,0.25,2,fixed_mixed,0.49988059999999995,9.386978150287236e-05,0.499961,3.915,0.501425
8,xor,200,0.4,0.25,2,fixed_raw,0.5001954,0.0001738732114741706,0.49994700000000003,3.91,0.50205
8,xor,200,0.4,0.25,2,mixed,0.4998842,0.00010117556163104224,0.500353,2.24,0.5416
8,xor,200,0.4,0.25,2,raw,0.4999066,0.00010611505181219838,0.500245,2.31,0.54195
8,xor,200,0.4,0.25,2,selected,0.4999752,9.67344435183979e-05,0.50006,2.4,0.554175
8,xor,200,0.4,0.25,5,cart,0.5004808,0.00022286791455183353,0.500328,4.355,0.552825
8,xor,200,0.4,0.25,5,constant,0.4999268,9.523949605095685e-05,0.50058,1.0,0.5018
8,xor,200,0.4,0.25,5,fixed_mixed,0.5021606,0.0007929547302470077,0.502491,13.65,0.5052
8,xor,200,0.4,0.25,5,fixed_raw,0.5010276,0.0004417829922725707,0.5012599999999999,13.43,0.503725
8,xor,200,0.4,0.25,5,mixed,0.5006644,0.0004999567249614415,0.50105,5.51,0.5483
8,xor,200,0.4,0.25,5,raw,0.5000682,0.00016160222832933046,0.5000829999999999,5.41,0.5474
8,xor,200,0.4,0.25,5,selected,0.5007882,0.0004661998447837383,0.500123,5.965,0.5634
9,xor,800,0.4,0.25,2,cart,0.5006284,0.0004754774032538509,0.5003139999999999,2.08,0.51610625
9,xor,800,0.4,0.25,2,constant,0.5000606,0.00010314607975509392,0.5006470000000001,1.0,0.49884999999999996
9,xor,800,0.4,0.25,2,fixed_mixed,0.5000180000000001,0.00010347247345946199,0.49981000000000003,3.97,0.49813124999999997
9,xor,800,0.4,0.25,2,fixed_raw,0.500351,0.00037058817164721276,0.500051,3.965,0.49869375
9,xor,800,0.4,0.25,2,mixed,0.5001558,0.00010977561307563102,0.499985,2.255,0.51821875
9,xor,800,0.4,0.25,2,raw,0.5001392,0.0001085368973688315,0.500106,2.315,0.5184062500000001
9,xor,800,0.4,0.25,2,selected,0.5000558,0.00010770400439544523,0.499929,2.455,0.522525
9,xor,800,0.4,0.25,5,cart,0.5013738,0.000575580919396977,0.501171,7.23,0.5224875
9,xor,800,0.4,0.25,5,constant,0.5000606,0.00010314607975509392,0.5006470000000001,1.0,0.49884999999999996
9,xor,800,0.4,0.25,5,fixed_mixed,0.5040152,0.0011053813570540316,0.503494,20.77,0.50245
9,xor,800,0.4,0.25,5,fixed_raw,0.5019192,0.0005737420820224163,0.501434,20.04,0.5008375
9,xor,800,0.4,0.25,5,mixed,0.502825,0.000922801478021788,0.5027510000000001,10.245,0.5253562500000001
9,xor,800,0.4,0.25,5,raw,0.500867,0.0002521430458646233,0.500525,8.92,0.52358125
9,xor,800,0.4,0.25,5,selected,0.502459,0.0008108304044148925,0.502231,11.61,0.5309875000000001
10,majority,200,0.4,0.25,2,cart,0.5112794,0.0012335908764465877,0.511965,2.25,0.5509499999999999
10,majority,200,0.4,0.25,2,constant,0.4999518,9.604952554169095e-05,0.500201,1.0,0.501175
10,majority,200,0.4,0.25,2,fixed_mixed,0.5133508,0.0013074206978650861,0.5130319999999999,3.915,0.514725
10,majority,200,0.4,0.25,2,fixed_raw,0.5135546,0.0012575444742527466,0.5137809999999999,3.91,0.5155
10,majority,200,0.4,0.25,2,mixed,0.5106126,0.0012874597193093926,0.510353,2.585,0.5523
10,majority,200,0.4,0.25,2,raw,0.510981,0.0012408316205483978,0.510799,2.445,0.5497
10,majority,200,0.4,0.25,2,selected,0.5128212,0.0013079931433748334,0.512702,2.65,0.56615
10,majority,200,0.4,0.25,5,cart,0.5109956,0.0011261622218622627,0.51151,4.845,0.5584749999999999
10,majority,200,0.4,0.25,5,constant,0.4999518,9.604952554169095e-05,0.500201,1.0,0.501175
10,majority,200,0.4,0.25,5,fixed_mixed,0.5179446,0.0011987788653626658,0.517329,14.1,0.51435
10,majority,200,0.4,0.25,5,fixed_raw,0.5148788,0.0010548564658843828,0.514498,13.755,0.513125
10,majority,200,0.4,0.25,5,mixed,0.5131192,0.0013610159953128713,0.5129,6.64,0.560975
10,majority,200,0.4,0.25,5,raw,0.5119172,0.0011678941409314927,0.511446,6.33,0.5578
10,majority,200,0.4,0.25,5,selected,0.5144632,0.0012797140811318891,0.514174,6.445,0.57455
11,majority,800,0.4,0.25,2,cart,0.531177,0.0013904559806663616,0.530862,2.475,0.543275
11,majority,800,0.4,0.25,2,constant,0.49999699999999997,0.00010517692679313387,0.49973,1.0,0.5004625
11,majority,800,0.4,0.25,2,fixed_mixed,0.536466,0.0012576002272814248,0.5372910000000001,3.98,0.52986875
11,majority,800,0.4,0.25,2,fixed_raw,0.5325426,0.0012736220048571243,0.533232,3.99,0.5284125000000001
11,majority,800,0.4,0.25,2,mixed,0.5317918,0.0015555031255733115,0.531744,2.96,0.54396875
11,majority,800,0.4,0.25,2,raw,0.5287527999999999,0.0014220905768776544,0.528473,2.93,0.54164375
11,majority,800,0.4,0.25,2,selected,0.5328152,0.0013900925983400523,0.532431,2.88,0.55200625
11,majority,800,0.4,0.25,5,cart,0.5304502,0.0013096608329206578,0.530052,6.535,0.5466062500000001
11,majority,800,0.4,0.25,5,constant,0.49999699999999997,0.00010517692679313387,0.49973,1.0,0.5004625
11,majority,800,0.4,0.25,5,fixed_mixed,0.5475674,0.001620568919954226,0.54835,26.25,0.5402875
11,majority,800,0.4,0.25,5,fixed_raw,0.5308338,0.0013087989844542747,0.531158,23.02,0.5277937500000001
11,majority,800,0.4,0.25,5,mixed,0.5445144,0.0016463133790106752,0.545303,17.76,0.55564375
11,majority,800,0.4,0.25,5,raw,0.5294162,0.0013418066602036351,0.529108,11.505,0.54705625
11,majority,800,0.4,0.25,5,selected,0.5401984,0.0015977638856764344,0.540377,14.87,0.5604
12,breast_cancer,200,0.4,0.25,2,cart,0.5448144,0.0028942421723069053,0.545515,2.31,0.570025
12,breast_cancer,200,0.4,0.25,2,constant,0.5001062000000001,0.00010104324065672097,0.500128,1.0,0.49345
12,breast_cancer,200,0.4,0.25,2,fixed_mixed,0.5484785999999999,0.002923732293287822,0.54869,3.905,0.538875
12,breast_cancer,200,0.4,0.25,2,fixed_raw,0.5476525999999999,0.0026725599054917754,0.5475180000000001,3.915,0.540775
12,breast_cancer,200,0.4,0.25,2,mixed,0.5447812,0.0031674128930366608,0.545741,2.72,0.57255
12,breast_cancer,200,0.4,0.25,2,raw,0.5459572,0.0028869382854714086,0.546079,2.725,0.572075
12,breast_cancer,200,0.4,0.25,2,selected,0.5483068,0.002940850403245863,0.549129,2.68,0.5867249999999999
12,breast_cancer,200,0.4,0.25,5,cart,0.5428818,0.0027142271179914543,0.543414,4.855,0.57935
12,breast_cancer,200,0.4,0.25,5,constant,0.5001062000000001,0.00010104324065672097,0.500128,1.0,0.49345
12,breast_cancer,200,0.4,0.25,5,fixed_mixed,0.540682,0.0016687483649513,0.540185,13.76,0.540875
12,breast_cancer,200,0.4,0.25,5,fixed_raw,0.5375264,0.0018004623290118992,0.5368310000000001,13.365,0.5353
12,breast_cancer,200,0.4,0.25,5,mixed,0.5457396,0.002790526053898697,0.546255,6.0,0.581025
12,breast_cancer,200,0.4,0.25,5,raw,0.5449383999999999,0.0026812814132959684,0.544879,5.575,0.58015
12,breast_cancer,200,0.4,0.25,5,selected,0.5455825999999999,0.0026413902929324903,0.546278,6.435,0.595775
13,breast_cancer,800,0.4,0.25,2,cart,0.5908791999999999,0.001182287297176674,0.590891,2.235,0.5918312499999999
13,breast_cancer,800,0.4,0.25,2,constant,0.5000322,0.0001079563274811444,0.49967599999999995,1.0,0.49969375
13,breast_cancer,800,0.4,0.25,2,fixed_mixed,0.5906424,0.0008362069730088015,0.590507,4.0,0.5863125
13,breast_cancer,800,0.4,0.25,2,fixed_raw,0.5834226,0.0017104050142477416,0.583584,3.99,0.57851875
13,breast_cancer,800,0.4,0.25,2,mixed,0.5957688,0.0009668696486015754,0.595699,2.555,0.5981687499999999
13,breast_cancer,800,0.4,0.25,2,raw,0.5859523999999999,0.001687679394879103,0.585905,2.625,0.59081875
13,breast_cancer,800,0.4,0.25,2,selected,0.5944872,0.0009779511249618101,0.594433,2.465,0.5998
13,breast_cancer,800,0.4,0.25,5,cart,0.5899722,0.0012282268200161702,0.589888,2.87,0.5922625
13,breast_cancer,800,0.4,0.25,5,constant,0.5000322,0.0001079563274811444,0.49967599999999995,1.0,0.49969375
13,breast_cancer,800,0.4,0.25,5,fixed_mixed,0.5732492,0.001021064680718638,0.5735049999999999,21.165,0.56591875
13,breast_cancer,800,0.4,0.25,5,fixed_raw,0.5656669999999999,0.001564861974744098,0.565908,20.815,0.56203125
13,breast_cancer,800,0.4,0.25,5,mixed,0.5949138,0.0008666025894492819,0.5948,3.715,0.59870625
13,breast_cancer,800,0.4,0.25,5,raw,0.5846015999999999,0.0016915789024209236,0.584535,4.155,0.59168125
13,breast_cancer,800,0.4,0.25,5,selected,0.593216,0.0009554005395407589,0.593049,3.76,0.6004312500000001
14,wine,200,0.4,0.25,2,cart,0.5431328,0.002872895295288089,0.543495,2.375,0.569825
14,wine,200,0.4,0.25,2,constant,0.49991579999999997,9.970948655239737e-05,0.5005660000000001,1.0,0.49835
14,wine,200,0.4,0.25,2,fixed_mixed,0.549624,0.0029143063372157147,0.549959,3.92,0.53705
14,wine,200,0.4,0.25,2,fixed_raw,0.5450582,0.002720090196516639,0.54485,3.915,0.5345
14,wine,200,0.4,0.25,2,mixed,0.542898,0.0031692408456424448,0.5429189999999999,2.66,0.568225
14,wine,200,0.4,0.25,2,raw,0.5409075999999999,0.002972077227535004,0.5412469999999999,2.63,0.566175
14,wine,200,0.4,0.25,2,selected,0.5475831999999999,0.002989229985856174,0.5470470000000001,2.7,0.5828
14,wine,200,0.4,0.25,5,cart,0.54113,0.0026920974953784853,0.541567,4.395,0.575975
14,wine,200,0.4,0.25,5,constant,0.49991579999999997,9.970948655239737e-05,0.5005660000000001,1.0,0.49835
14,wine,200,0.4,0.25,5,fixed_mixed,0.5422678,0.0016000843997212005,0.542102,14.195,0.5315249999999999
14,wine,200,0.4,0.25,5,fixed_raw,0.536751,0.0017909368803918626,0.536446,13.73,0.52355
14,wine,200,0.4,0.25,5,mixed,0.547007,0.002784866734449462,0.547256,6.25,0.5777
14,wine,200,0.4,0.25,5,raw,0.5405913999999999,0.002700157641070825,0.540586,5.685,0.574125
14,wine,200,0.4,0.25,5,selected,0.5481083999999999,0.0027424263121527868,0.5479809999999999,5.565,0.591025
15,wine,800,0.4,0.25,2,cart,0.5922025999999999,0.0007590391745771187,0.5917629999999999,2.275,0.5949875
15,wine,800,0.4,0.25,2,constant,0.5000042,0.00010915164777068324,0.499867,1.0,0.50070625
15,wine,800,0.4,0.25,2,fixed_mixed,0.5919344,0.0007569062149906401,0.59153,4.0,0.58930625
15,wine,800,0.4,0.25,2,fixed_raw,0.578639,0.0020027963252919685,0.578785,3.975,0.5761
15,wine,800,0.4,0.25,2,mixed,0.59686,0.0006973774851426731,0.596164,2.46,0.59968125
15,wine,800,0.4,0.25,2,raw,0.5887157999999999,0.0014567160533544283,0.5883809999999999,2.435,0.5934875000000001
15,wine,800,0.4,0.25,2,selected,0.5943212,0.0008430440135866103,0.593704,2.4,0.601925
15,wine,800,0.4,0.25,5,cart,0.5914915999999999,0.0008924889747499694,0.591,2.545,0.59510625
15,wine,800,0.4,0.25,5,constant,0.5000042,0.00010915164777068324,0.499867,1.0,0.50070625
15,wine,800,0.4,0.25,5,fixed_mixed,0.5717327999999999,0.0009784311824004113,0.571154,22.245,0.567775
15,wine,800,0.4,0.25,5,fixed_raw,0.5550868,0.0021139017460040073,0.5550419999999999,21.455,0.5526125
15,wine,800,0.4,0.25,5,mixed,0.5955948,0.000862603343047768,0.594942,3.46,0.6002375
15,wine,800,0.4,0.25,5,raw,0.5879538,0.0014953400607508754,0.587643,3.295,0.593875
15,wine,800,0.4,0.25,5,selected,0.5933328,0.0009416738122318235,0.592614,3.165,0.6022124999999999
16,digits,200,0.4,0.25,2,cart,0.5397926,0.0029077570015564403,0.539832,2.375,0.568275
16,digits,200,0.4,0.25,2,constant,0.499893,9.668263889301196e-05,0.49989400000000006,1.0,0.499275
16,digits,200,0.4,0.25,2,fixed_mixed,0.5359898,0.0028627883234223963,0.5364059999999999,3.955,0.5252749999999999
16,digits,200,0.4,0.25,2,fixed_raw,0.5338286,0.0026756681765786605,0.5339200000000001,3.955,0.5234749999999999
16,digits,200,0.4,0.25,2,mixed,0.5327438,0.0030703313372341438,0.533092,2.485,0.56135
16,digits,200,0.4,0.25,2,raw,0.5287242,0.002804160016617091,0.528822,2.565,0.560925
16,digits,200,0.4,0.25,2,selected,0.5365408,0.0029543137826629306,0.536595,2.56,0.579275
16,digits,200,0.4,0.25,5,cart,0.5361442,0.002721687134128462,0.53604,4.16,0.5746249999999999
16,digits,200,0.4,0.25,5,constant,0.499893,9.668263889301196e-05,0.49989400000000006,1.0,0.499275
16,digits,200,0.4,0.25,5,fixed_mixed,0.5307806,0.0018104919007866525,0.5305420000000001,14.29,0.522125
16,digits,200,0.4,0.25,5,fixed_raw,0.5220306,0.0017203029294415634,0.521222,13.94,0.51885
16,digits,200,0.4,0.25,5,mixed,0.5336788,0.0028256166157310646,0.533543,5.915,0.5677749999999999
16,digits,200,0.4,0.25,5,raw,0.5276776000000001,0.0026151208800524748,0.527597,4.76,0.5665
16,digits,200,0.4,0.25,5,selected,0.5366332,0.0027878713784740086,0.536261,5.145,0.585875
17,digits,800,0.4,0.25,2,cart,0.5924172,0.0008358059215466603,0.592262,2.11,0.59103125
17,digits,800,0.4,0.25,2,constant,0.49992240000000004,0.00010220351752740636,0.499968,1.0,0.500125
17,digits,800,0.4,0.25,2,fixed_mixed,0.589329,0.0010351025560337182,0.589591,4.0,0.5811375000000001
17,digits,800,0.4,0.25,2,fixed_raw,0.5714313999999999,0.0023963024595380143,0.571151,4.0,0.56434375
17,digits,800,0.4,0.25,2,mixed,0.5963482,0.0009177867105325454,0.596247,2.44,0.59365
17,digits,800,0.4,0.25,2,raw,0.585325,0.0018312737569419599,0.5851489999999999,2.28,0.58525625
17,digits,800,0.4,0.25,2,selected,0.594915,0.0009487929570653886,0.594743,2.27,0.597125
17,digits,800,0.4,0.25,5,cart,0.5919262,0.0009039162631871775,0.591687,2.515,0.591175
17,digits,800,0.4,0.25,5,constant,0.49992240000000004,0.00010220351752740636,0.499968,1.0,0.500125
17,digits,800,0.4,0.25,5,fixed_mixed,0.567083,0.0008891944494002539,0.566799,25.58,0.5575687500000001
17,digits,800,0.4,0.25,5,fixed_raw,0.5306162,0.0022801104636469166,0.530883,24.355,0.5302625
17,digits,800,0.4,0.25,5,mixed,0.5952982,0.0009369520046915299,0.595375,3.76,0.59423125
17,digits,800,0.4,0.25,5,raw,0.5842912,0.0019108277384500543,0.58409,2.86,0.58560625
17,digits,800,0.4,0.25,5,selected,0.5937222,0.0010698293179980819,0.593613,2.92,0.59726875
18,gaussian,200,0.1,0.25,2,cart,0.8966344,0.0004935251957032892,0.8967430000000001,2.01,0.89605
18,gaussian,200,0.1,0.25,2,constant,0.49916,0.0003926082861220052,0.498502,1.0,0.502675
18,gaussian,200,0.1,0.25,2,fixed_mixed,0.8980184,0.0006605715715999517,0.898193,4.0,0.898225
18,gaussian,200,0.1,0.25,2,fixed_raw,0.8939351999999999,0.0019459461598629667,0.894037,4.0,0.8941
18,gaussian,200,0.1,0.25,2,mixed,0.8998936000000001,0.00010639999999999982,0.900007,2.01,0.899875
18,gaussian,200,0.1,0.25,2,raw,0.8976264,0.0003888765356768135,0.897707,2.03,0.896925
18,gaussian,200,0.1,0.25,2,selected,0.8983488,0.00033095375012774517,0.8984380000000001,2.025,0.899975
18,gaussian,200,0.1,0.25,5,cart,0.8966344,0.0004935251957032892,0.8967430000000001,2.01,0.89605
18,gaussian,200,0.1,0.25,5,constant,0.49916,0.0003926082861220052,0.498502,1.0,0.502675
18,gaussian,200,0.1,0.25,5,fixed_mixed,0.8950768000000001,0.0010487767024768865,0.895204,11.62,0.895625
18,gaussian,200,0.1,0.25,5,fixed_raw,0.8930512,0.0011021780961250724,0.893198,11.54,0.891875
18,gaussian,200,0.1,0.25,5,mixed,0.8998936000000001,0.00010639999999999982,0.900007,2.01,0.899875
18,gaussian,200,0.1,0.25,5,raw,0.8976264,0.0003888765356768135,0.897707,2.13,0.897
18,gaussian,200,0.1,0.25,5,selected,0.8983488,0.00033095375012774517,0.8984380000000001,2.08,0.9
19,xor,200,0.1,0.25,2,cart,0.5192840000000001,0.005114736859871545,0.51894,2.275,0.553375
19,xor,200,0.1,0.25,2,constant,0.4995728,0.0003914505183822201,0.49938099999999996,1.0,0.5007
19,xor,200,0.1,0.25,2,fixed_mixed,0.5085304,0.0038966604667542994,0.508392,3.89,0.5117499999999999
19,xor,200,0.1,0.25,2,fixed_raw,0.5115728,0.00407369904390365,0.511375,3.9,0.518175
19,xor,200,0.1,0.25,2,mixed,0.508972,0.003973028413423361,0.50848,2.48,0.545975
19,xor,200,0.1,0.25,2,raw,0.5094088,0.0038651191317101157,0.509034,2.64,0.553325
19,xor,200,0.1,0.25,2,selected,0.513792,0.004508112941293428,0.513479,2.66,0.5681499999999999
19,xor,200,0.1,0.25,5,cart,0.5521568,0.007737598330776948,0.552093,5.42,0.583825
19,xor,200,0.1,0.25,5,constant,0.4995728,0.0003914505183822201,0.49938099999999996,1.0,0.5007
19,xor,200,0.1,0.25,5,fixed_mixed,0.6061272,0.01159347943838437,0.6059640000000001,13.785,0.573725
19,xor,200,0.1,0.25,5,fixed_raw,0.6406919999999999,0.011717149700568294,0.640552,13.88,0.596575
19,xor,200,0.1,0.25,5,mixed,0.6091888,0.011829533687730287,0.608987,13.465,0.620375
19,xor,200,0.1,0.25,5,raw,0.6513840000000001,0.012304478207538872,0.6511490000000001,14.995,0.6504000000000001
19,xor,200,0.1,0.25,5,selected,0.644688,0.012212940825947306,0.644711,14.36,0.6653749999999999
20,majority,200,0.1,0.25,2,cart,0.6946088,0.00071486652146928,0.6947209999999999,2.9,0.71395
20,majority,200,0.1,0.25,2,constant,0.4999344,0.00040013214299690624,0.499804,1.0,0.49920000000000003
20,majority,200,0.1,0.25,2,fixed_mixed,0.6997384,0.00046418319377906686,0.699813,4.0,0.70095
20,majority,200,0.1,0.25,2,fixed_raw,0.693876,0.00087372964782445,0.693993,4.0,0.6945999999999999
20,majority,200,0.1,0.25,2,mixed,0.7002368,0.00035811402804892677,0.7002039999999999,2.75,0.7194750000000001
20,majority,200,0.1,0.25,2,raw,0.6943408,0.0007346785690347822,0.69452,2.98,0.7145
20,majority,200,0.1,0.25,2,selected,0.6965528000000001,0.0006689663975156192,0.6965749999999999,2.835,0.7281
20,majority,200,0.1,0.25,5,cart,0.8505888,0.0028439209137418172,0.851024,6.385,0.8432999999999999
20,majority,200,0.1,0.25,5,constant,0.4999344,0.00040013214299690624,0.499804,1.0,0.49920000000000003
20,majority,200,0.1,0.25,5,fixed_mixed,0.899632,0.0002622454257305223,0.89985,15.055,0.897975
20,majority,200,0.1,0.25,5,fixed_raw,0.8815584,0.0019339244624161666,0.881926,14.995,0.86545
20,majority,200,0.1,0.25,5,mixed,0.898772,0.00042142414686131727,0.8990309999999999,15.78,0.8997499999999999
20,majority,200,0.1,0.25,5,raw,0.8802751999999999,0.0018496043539445546,0.8805679999999999,18.03,0.8757
20,majority,200,0.1,0.25,5,selected,0.8986584000000001,0.00042623162033201433,0.898921,15.65,0.899975
21,gaussian,200,0.4,0.0,2,cart,0.5326112,0.0030916595359500943,0.533053,2.285,0.561875
21,gaussian,200,0.4,0.0,2,constant,0.5001748,0.00011450652172513128,0.501251,1.0,0.49295
21,gaussian,200,0.4,0.0,2,fixed_mixed,0.5501152,0.0029623243700118026,0.549913,3.96,0.5362250000000001
21,gaussian,200,0.4,0.0,2,fixed_raw,0.5501152,0.0029623243700118026,0.549913,3.96,0.5362250000000001
21,gaussian,200,0.4,0.0,2,mixed,0.5422823999999999,0.0032484346027033075,0.5425610000000001,2.575,0.569275
21,gaussian,200,0.4,0.0,2,raw,0.5422823999999999,0.0032484346027033075,0.5425610000000001,2.575,0.569275
21,gaussian,200,0.4,0.0,2,selected,0.539232,0.0032015231425308794,0.539159,2.615,0.575475
21,gaussian,200,0.4,0.0,5,cart,0.5298774,0.0028856520345534745,0.530498,4.155,0.568925
21,gaussian,200,0.4,0.0,5,constant,0.5001748,0.00011450652172513128,0.501251,1.0,0.49295
21,gaussian,200,0.4,0.0,5,fixed_mixed,0.5382544,0.00169233312329488,0.539269,14.23,0.535075
21,gaussian,200,0.4,0.0,5,fixed_raw,0.5382544,0.00169233312329488,0.539269,14.23,0.535075
21,gaussian,200,0.4,0.0,5,mixed,0.5441857999999999,0.00292796464401176,0.544708,6.265,0.57755
21,gaussian,200,0.4,0.0,5,raw,0.5441857999999999,0.00292796464401176,0.544708,6.265,0.57755
21,gaussian,200,0.4,0.0,5,selected,0.5407592,0.002920738682088013,0.541239,6.06,0.583475
22,gaussian,200,0.4,0.1,2,cart,0.537365,0.002844389712960581,0.537408,2.21,0.5648
22,gaussian,200,0.4,0.1,2,constant,0.4998822,9.219258736920848e-05,0.501178,1.0,0.49715
22,gaussian,200,0.4,0.1,2,fixed_mixed,0.5375746,0.002827955792444446,0.53798,3.965,0.5318
22,gaussian,200,0.4,0.1,2,fixed_raw,0.5360828,0.002650982569485999,0.536609,3.97,0.527425
22,gaussian,200,0.4,0.1,2,mixed,0.534699,0.0030158775808899418,0.53552,2.725,0.56485
22,gaussian,200,0.4,0.1,2,raw,0.5345022,0.002789124056187536,0.534846,2.7,0.565925
22,gaussian,200,0.4,0.1,2,selected,0.5367868,0.0028827405875791836,0.537083,2.675,0.5794
22,gaussian,200,0.4,0.1,5,cart,0.535811,0.002710258611962812,0.535902,4.095,0.572825
22,gaussian,200,0.4,0.1,5,constant,0.4998822,9.219258736920848e-05,0.501178,1.0,0.49715
22,gaussian,200,0.4,0.1,5,fixed_mixed,0.5328156,0.001840169225121816,0.532865,14.03,0.5275500000000001
22,gaussian,200,0.4,0.1,5,fixed_raw,0.529138,0.001756351351624087,0.528977,13.77,0.5253
22,gaussian,200,0.4,0.1,5,mixed,0.5341116,0.0027079961786750342,0.534759,6.38,0.572325
22,gaussian,200,0.4,0.1,5,raw,0.5339792,0.002519332478552093,0.534567,5.9,0.5724
22,gaussian,200,0.4,0.1,5,selected,0.5375826,0.0026614505068103373,0.537812,5.695,0.5868
23,gaussian,200,0.4,0.4,2,cart,0.5321969999999999,0.0027832350352254708,0.531211,2.3,0.566825
23,gaussian,200,0.4,0.4,2,constant,0.49999760000000004,9.380087537494266e-05,0.499604,1.0,0.501225
23,gaussian,200,0.4,0.4,2,fixed_mixed,0.5345872,0.0026280407018256504,0.533686,3.935,0.531725
23,gaussian,200,0.4,0.4,2,fixed_raw,0.5345872,0.0026280407018256504,0.533686,3.935,0.531725
23,gaussian,200,0.4,0.4,2,mixed,0.530926,0.0027346429787278486,0.530072,2.51,0.568075
23,gaussian,200,0.4,0.4,2,raw,0.530926,0.0027346429787278486,0.530072,2.51,0.568075
23,gaussian,200,0.4,0.4,2,selected,0.5335086,0.0027696177974441878,0.532081,2.545,0.577225
23,gaussian,200,0.4,0.4,5,cart,0.5311884,0.0026261851820180634,0.530234,4.27,0.5741499999999999
23,gaussian,200,0.4,0.4,5,constant,0.49999760000000004,9.380087537494266e-05,0.499604,1.0,0.501225
23,gaussian,200,0.4,0.4,5,fixed_mixed,0.5267105999999999,0.0018015502420340268,0.5262789999999999,13.56,0.531675
23,gaussian,200,0.4,0.4,5,fixed_raw,0.5267105999999999,0.0018015502420340268,0.5262789999999999,13.56,0.531675
23,gaussian,200,0.4,0.4,5,mixed,0.532749,0.002611278112708323,0.5318390000000001,5.62,0.5756
23,gaussian,200,0.4,0.4,5,raw,0.532749,0.002611278112708323,0.5318390000000001,5.62,0.5756
23,gaussian,200,0.4,0.4,5,selected,0.5327803999999999,0.002595557394886645,0.531666,5.06,0.5845750000000001
24,gaussian,200,0.4,0.6,2,cart,0.5280718,0.0024735120401696694,0.527952,2.19,0.5654
24,gaussian,200,0.4,0.6,2,constant,0.5000008,9.629851410637396e-05,0.499603,1.0,0.50935
24,gaussian,200,0.4,0.6,2,fixed_mixed,0.5271212,0.0022877233713715465,0.526983,3.92,0.5284
24,gaussian,200,0.4,0.6,2,fixed_raw,0.5271212,0.0022877233713715465,0.526983,3.92,0.5284
24,gaussian,200,0.4,0.6,2,mixed,0.525273,0.0024898541530614967,0.525372,2.26,0.5633250000000001
24,gaussian,200,0.4,0.6,2,raw,0.525273,0.0024898541530614967,0.525372,2.26,0.5633250000000001
24,gaussian,200,0.4,0.6,2,selected,0.5278974000000001,0.0024612153810586747,0.528142,2.395,0.5747
24,gaussian,200,0.4,0.6,5,cart,0.5274642,0.002308387971493239,0.52705,3.98,0.57235
24,gaussian,200,0.4,0.6,5,constant,0.5000008,9.629851410637396e-05,0.499603,1.0,0.50935
24,gaussian,200,0.4,0.6,5,fixed_mixed,0.5240244,0.0015801028346408973,0.523187,13.55,0.5230250000000001
24,gaussian,200,0.4,0.6,5,fixed_raw,0.5240244,0.0015801028346408973,0.523187,13.55,0.5230250000000001
24,gaussian,200,0.4,0.6,5,mixed,0.5254208,0.002333941699374772,0.525469,4.885,0.5707249999999999
24,gaussian,200,0.4,0.6,5,raw,0.5254208,0.002333941699374772,0.525469,4.885,0.5707249999999999
24,gaussian,200,0.4,0.6,5,selected,0.5293180000000001,0.002341921759503974,0.529225,4.61,0.58195
25,continuous,200,0.1,0.25,2,cart,0.8960712000000001,0.0004026616131112658,0.895976,2.015,0.894675
25,continuous,200,0.1,0.25,2,constant,0.49973599999999996,0.0003908513578326139,0.499961,1.0,0.4953
25,continuous,200,0.1,0.25,2,fixed_mixed,0.8953504000000001,0.000540939234551707,0.895295,4.0,0.893375
25,continuous,200,0.1,0.25,2,fixed_raw,0.8953504000000001,0.000540939234551707,0.895295,4.0,0.893375
25,continuous,200,0.1,0.25,2,mixed,0.8956656,0.0004349309691660256,0.895613,2.07,0.8947499999999999
25,continuous,200,0.1,0.25,2,raw,0.8956656,0.0004349309691660256,0.895613,2.07,0.8947499999999999
25,continuous,200,0.1,0.25,2,selected,0.895648,0.00043788142310849116,0.895555,2.035,0.8955249999999999
25,continuous,200,0.1,0.25,5,cart,0.8959208,0.00043914141539322805,0.895826,2.055,0.8946999999999999
25,continuous,200,0.1,0.25,5,constant,0.49973599999999996,0.0003908513578326139,0.499961,1.0,0.4953
25,continuous,200,0.1,0.25,5,fixed_mixed,0.8926704000000001,0.0009424420428976551,0.892547,11.17,0.89105
25,continuous,200,0.1,0.25,5,fixed_raw,0.8926704000000001,0.0009424420428976551,0.892547,11.17,0.89105
25,continuous,200,0.1,0.25,5,mixed,0.8953016000000001,0.000497037886385447,0.895266,2.235,0.894875
25,continuous,200,0.1,0.25,5,raw,0.8953016000000001,0.000497037886385447,0.895266,2.235,0.894875
25,continuous,200,0.1,0.25,5,selected,0.8951544,0.000528730881379765,0.89508,2.24,0.895675
26,continuous,200,0.4,0.25,2,cart,0.5405228,0.00294118372929119,0.540527,2.235,0.567625
26,continuous,200,0.4,0.25,2,constant,0.5000274,9.831038019594554e-05,0.50064,1.0,0.500325
26,continuous,200,0.4,0.25,2,fixed_mixed,0.5392494,0.0027492773281967533,0.539312,3.93,0.53505
26,continuous,200,0.4,0.25,2,fixed_raw,0.5392494,0.0027492773281967533,0.539312,3.93,0.53505
26,continuous,200,0.4,0.25,2,mixed,0.5381752,0.002912626769479992,0.538495,2.62,0.5672
26,continuous,200,0.4,0.25,2,raw,0.5381752,0.002912626769479992,0.538495,2.62,0.5672
26,continuous,200,0.4,0.25,2,selected,0.5421228,0.0029325598745617186,0.542143,2.55,0.57765
26,continuous,200,0.4,0.25,5,cart,0.5388634,0.0027850886694472427,0.538882,4.105,0.573275
26,continuous,200,0.4,0.25,5,constant,0.5000274,9.831038019594554e-05,0.50064,1.0,0.500325
26,continuous,200,0.4,0.25,5,fixed_mixed,0.529552,0.0019133669972934246,0.529761,13.76,0.529975
26,continuous,200,0.4,0.25,5,fixed_raw,0.529552,0.0019133669972934246,0.529761,13.76,0.529975
26,continuous,200,0.4,0.25,5,mixed,0.5359614,0.0026541738799720008,0.53614,5.53,0.573525
26,continuous,200,0.4,0.25,5,raw,0.5359614,0.0026541738799720008,0.53614,5.53,0.573525
26,continuous,200,0.4,0.25,5,selected,0.539771,0.0027296877718263474,0.540026,4.945,0.583425
27,within_cluster,200,0.1,0.25,2,cart,0.6938896,0.0006900951061103007,0.693583,2.31,0.7045999999999999
27,within_cluster,200,0.1,0.25,2,constant,0.5001992,0.00039946657497544525,0.500758,1.0,0.49670000000000003
27,within_cluster,200,0.1,0.25,2,fixed_mixed,0.7154224,0.005928780753012075,0.715557,3.98,0.707925
27,within_cluster,200,0.1,0.25,2,fixed_raw,0.748812,0.006260172617910001,0.7486799999999999,3.98,0.742825
27,within_cluster,200,0.1,0.25,2,mixed,0.7179736,0.005511950583174416,0.717756,3.35,0.7306
27,within_cluster,200,0.1,0.25,2,raw,0.7525024,0.006398736864295364,0.752451,3.455,0.7626999999999999
27,within_cluster,200,0.1,0.25,2,selected,0.7476560000000001,0.006245193329160672,0.7475449999999999,3.455,0.766875
27,within_cluster,200,0.1,0.25,5,cart,0.8856624000000001,0.0009967361667616228,0.885185,4.065,0.884675
27,within_cluster,200,0.1,0.25,5,constant,0.5001992,0.00039946657497544525,0.500758,1.0,0.49670000000000003
27,within_cluster,200,0.1,0.25,5,fixed_mixed,0.8806928,0.0021173135868181223,0.8802110000000001,13.905,0.866525
27,within_cluster,200,0.1,0.25,5,fixed_raw,0.8846904000000001,0.0012447128865928283,0.8842300000000001,13.355,0.882325
27,within_cluster,200,0.1,0.25,5,mixed,0.8782519999999999,0.0022536177414599658,0.8777419999999999,11.245,0.876525
27,within_cluster,200,0.1,0.25,5,raw,0.8832992000000001,0.0019649071779321912,0.8828969999999999,8.755,0.8864749999999999
27,within_cluster,200,0.1,0.25,5,selected,0.8850159999999999,0.0013717024158278427,0.884575,6.355,0.889325
28,within_cluster,200,0.4,0.25,2,cart,0.5075258,0.00106618298739619,0.5077539999999999,2.18,0.54745
28,within_cluster,200,0.4,0.25,2,constant,0.499728,9.499431350344069e-05,0.49878700000000004,1.0,0.502775
28,within_cluster,200,0.4,0.25,2,fixed_mixed,0.50432,0.0008086233229334652,0.503843,3.87,0.504725
28,within_cluster,200,0.4,0.25,2,fixed_raw,0.5096748,0.0011232869323829556,0.509383,3.865,0.5083
28,within_cluster,200,0.4,0.25,2,mixed,0.5024958,0.0006818380654801316,0.502034,2.255,0.54245
28,within_cluster,200,0.4,0.25,2,raw,0.5061542,0.0009937192265959895,0.505754,2.365,0.544125
28,within_cluster,200,0.4,0.25,2,selected,0.5070252,0.0010599323126203309,0.507339,2.435,0.556725
28,within_cluster,200,0.4,0.25,5,cart,0.5073854,0.0009730383509203574,0.50743,4.775,0.558075
28,within_cluster,200,0.4,0.25,5,constant,0.499728,9.499431350344069e-05,0.49878700000000004,1.0,0.502775
28,within_cluster,200,0.4,0.25,5,fixed_mixed,0.5032738,0.0006419274429482274,0.503288,13.115,0.503
28,within_cluster,200,0.4,0.25,5,fixed_raw,0.5087126,0.000922989378685274,0.50757,13.015,0.5071
28,within_cluster,200,0.4,0.25,5,mixed,0.5029024,0.0006898087501320884,0.502103,5.665,0.5489
28,within_cluster,200,0.4,0.25,5,raw,0.5068471999999999,0.0010003757187644381,0.506529,5.77,0.552125
28,within_cluster,200,0.4,0.25,5,selected,0.5069354,0.0009771336474736325,0.506976,5.955,0.567275
29,imbalanced,200,0.1,0.25,2,cart,0.8970024000000001,0.0005559751731559864,0.8975,2.03,0.8987
29,imbalanced,200,0.1,0.25,2,constant,0.7399704,0.00032472506995191556,0.7406099999999999,1.0,0.74125
29,imbalanced,200,0.1,0.25,2,fixed_mixed,0.8982247999999999,0.000661027040704625,0.8986620000000001,3.99,0.89985
29,imbalanced,200,0.1,0.25,2,fixed_raw,0.8972648,0.0006710417647585366,0.897654,3.985,0.8983249999999999
29,imbalanced,200,0.1,0.25,2,mixed,0.8998584,0.00014160000000000005,0.9003220000000001,2.01,0.9016250000000001
29,imbalanced,200,0.1,0.25,2,raw,0.8977728,0.0005202789943480316,0.8982129999999999,2.065,0.8999250000000001
29,imbalanced,200,0.1,0.25,2,selected,0.8985848,0.00038528778619488437,0.899024,2.03,0.9018250000000001
29,imbalanced,200,0.1,0.25,5,cart,0.8970024000000001,0.0005559751731559864,0.8975,2.03,0.8987
29,imbalanced,200,0.1,0.25,5,constant,0.7399704,0.00032472506995191556,0.7406099999999999,1.0,0.74125
29,imbalanced,200,0.1,0.25,5,fixed_mixed,0.8980656,0.0006771624532862877,0.8985150000000001,9.96,0.8980750000000001
29,imbalanced,200,0.1,0.25,5,fixed_raw,0.8964152,0.0008300929806852452,0.896834,9.895,0.8958750000000001
29,imbalanced,200,0.1,0.25,5,mixed,0.8997176,0.00017300318409943413,0.900186,2.135,0.9017000000000001
29,imbalanced,200,0.1,0.25,5,raw,0.8975248,0.0005312110793783122,0.897973,2.35,0.9001
29,imbalanced,200,0.1,0.25,5,selected,0.898444,0.00039563111593945386,0.898888,2.155,0.9018999999999999
30,imbalanced,200,0.4,0.25,2,cart,0.5574484,0.0020120198324646683,0.557566,1.79,0.5783
30,imbalanced,200,0.4,0.25,2,constant,0.5570466,0.0013284236406527947,0.557083,1.0,0.55035
30,imbalanced,200,0.4,0.25,2,fixed_mixed,0.5426708,0.0026682935161337104,0.542288,3.9,0.535275
30,imbalanced,200,0.4,0.25,2,fixed_raw,0.5447152,0.002515129065451591,0.5444960000000001,3.915,0.5352
30,imbalanced,200,0.4,0.25,2,mixed,0.5532772,0.002246284302271901,0.55357,2.09,0.57775
30,imbalanced,200,0.4,0.25,2,raw,0.553206,0.0020786980608401744,0.553258,2.095,0.5791
30,imbalanced,200,0.4,0.25,2,selected,0.5529248,0.002313388144765531,0.55317,2.185,0.5868
30,imbalanced,200,0.4,0.25,5,cart,0.5536076,0.002031999473548778,0.55414,2.925,0.5815
30,imbalanced,200,0.4,0.25,5,constant,0.5570466,0.0013284236406527947,0.557083,1.0,0.55035
30,imbalanced,200,0.4,0.25,5,fixed_mixed,0.5361698,0.0018255944608475852,0.536043,13.015,0.52735
30,imbalanced,200,0.4,0.25,5,fixed_raw,0.5345523999999999,0.0017110678058983833,0.534238,13.165,0.527825
30,imbalanced,200,0.4,0.25,5,mixed,0.5524398,0.0021294515867003173,0.552695,3.395,0.580475
30,imbalanced,200,0.4,0.25,5,raw,0.5508108,0.0020637456839543472,0.550554,3.625,0.5818249999999999
30,imbalanced,200,0.4,0.25,5,selected,0.5494454,0.002264032843796428,0.5495909999999999,3.865,0.5910500000000001
31,contaminated,200,0.1,0.25,2,cart,0.893212,0.0004307496328856889,0.893429,2.01,0.8934000000000001
31,contaminated,200,0.1,0.25,2,constant,0.49912080000000003,0.0003681031055036171,0.499071,1.0,0.49994999999999995
31,contaminated,200,0.1,0.25,2,fixed_mixed,0.8928624000000001,0.0006852315833454196,0.8930119999999999,4.0,0.8924
31,contaminated,200,0.1,0.25,2,fixed_raw,0.8925616000000001,0.0007055688230216107,0.892682,3.995,0.892025
31,contaminated,200,0.1,0.25,2,mixed,0.8941664,0.00035979641814860115,0.8943420000000001,2.05,0.895
31,contaminated,200,0.1,0.25,2,raw,0.8941128,0.00036089857259137597,0.894273,2.04,0.894625
31,contaminated,200,0.1,0.25,2,selected,0.8933528,0.00044606588602286867,0.8935649999999999,2.05,0.895325
31,contaminated,200,0.1,0.25,5,cart,0.892316,0.0006030365373065163,0.892549,2.06,0.8935
31,contaminated,200,0.1,0.25,5,constant,0.49912080000000003,0.0003681031055036171,0.499071,1.0,0.49994999999999995
31,contaminated,200,0.1,0.25,5,fixed_mixed,0.8886872,0.0012631543752362148,0.888785,11.6,0.8890250000000001
31,contaminated,200,0.1,0.25,5,fixed_raw,0.8884096000000001,0.0012660224974383753,0.88849,11.625,0.8887999999999999
31,contaminated,200,0.1,0.25,5,mixed,0.8939688,0.00040953334492201647,0.894143,2.21,0.8951
31,contaminated,200,0.1,0.25,5,raw,0.8939152,0.0004103723089583399,0.8940739999999999,2.2,0.894725
31,contaminated,200,0.1,0.25,5,selected,0.8922592,0.0006428214791607013,0.892486,2.26,0.8955249999999999
32,contaminated,200,0.4,0.25,2,cart,0.53421,0.002843785059974941,0.534745,2.23,0.56485
32,contaminated,200,0.4,0.25,2,constant,0.4999552,9.963574261293086e-05,0.499565,1.0,0.50075
32,contaminated,200,0.4,0.25,2,fixed_mixed,0.5322136,0.0025231881314984558,0.533103,3.96,0.5283
32,contaminated,200,0.4,0.25,2,fixed_raw,0.5313362,0.002503722271712528,0.53205,3.96,0.529625
32,contaminated,200,0.4,0.25,2,mixed,0.5302762,0.0027720900968992023,0.5309360000000001,2.585,0.561925
32,contaminated,200,0.4,0.25,2,raw,0.5305142,0.002715715223967424,0.53093,2.59,0.563125
32,contaminated,200,0.4,0.25,2,selected,0.533892,0.0028116835064963324,0.534483,2.62,0.57435
32,contaminated,200,0.4,0.25,5,cart,0.5327008,0.0027043007765874066,0.533407,3.855,0.570925
32,contaminated,200,0.4,0.25,5,constant,0.4999552,9.963574261293086e-05,0.499565,1.0,0.50075
32,contaminated,200,0.4,0.25,5,fixed_mixed,0.5297284,0.0017883297525117092,0.530559,13.71,0.5238499999999999
32,contaminated,200,0.4,0.25,5,fixed_raw,0.5286262,0.0017561787800040977,0.5291640000000001,13.66,0.5226999999999999
32,contaminated,200,0.4,0.25,5,mixed,0.5330621999999999,0.0026017415071737525,0.5337080000000001,5.61,0.56935
32,contaminated,200,0.4,0.25,5,raw,0.5332754,0.0025439193940882017,0.533648,5.405,0.57025
32,contaminated,200,0.4,0.25,5,selected,0.5347986,0.0026633342065310516,0.535536,5.105,0.5815
33,gaussian,200,0.5,0.25,2,cart,0.5,0.0,0.500783,2.21,0.5413749999999999
33,gaussian,200,0.5,0.25,2,constant,0.5,0.0,0.501012,1.0,0.49975
33,gaussian,200,0.5,0.25,2,fixed_mixed,0.5,0.0,0.50015,3.87,0.50015
33,gaussian,200,0.5,0.25,2,fixed_raw,0.5,0.0,0.500243,3.865,0.50005
33,gaussian,200,0.5,0.25,2,mixed,0.5,0.0,0.500792,2.295,0.539225
33,gaussian,200,0.5,0.25,2,raw,0.5,0.0,0.5009,2.3,0.53945
33,gaussian,200,0.5,0.25,2,selected,0.5,0.0,0.500809,2.485,0.54975
33,gaussian,200,0.5,0.25,5,cart,0.5,0.0,0.500623,4.54,0.550825
33,gaussian,200,0.5,0.25,5,constant,0.5,0.0,0.501012,1.0,0.49975
33,gaussian,200,0.5,0.25,5,fixed_mixed,0.5,0.0,0.500525,13.135,0.49810000000000004
33,gaussian,200,0.5,0.25,5,fixed_raw,0.5,0.0,0.5011990000000001,12.915,0.5
33,gaussian,200,0.5,0.25,5,mixed,0.5,0.0,0.500639,5.495,0.5457
33,gaussian,200,0.5,0.25,5,raw,0.5,0.0,0.5006710000000001,5.115,0.5456
33,gaussian,200,0.5,0.25,5,selected,0.5,0.0,0.500581,5.715,0.55925
