scenario,dataset_seed,method,object,accuracy,prediction_disagreement,seconds,leaves,split_jaccard,empty_pairs,root_agreement,unsplit_fraction
breast_cancer,1000,cart,single_tree,0.9280701754385966,0.0456140350877193,0.002047112400759943,8.7,0.023670126170126166,0,0.26666666666666666,0.0
breast_cancer,1000,pruned_cart,single_tree,0.9263157894736841,0.037946718648473036,0.01976333749771584,6.2,0.026059804393137723,0,0.26666666666666666,0.0
breast_cancer,1000,holdout_selected,single_tree,0.9309941520467836,0.052501624431449,0.26900416659627807,6.6,0.02408529741863075,0,0.4,0.0
breast_cancer,1000,holdout_common,single_tree,0.923391812865497,0.05055230669265757,0.1825753666984383,6.3,0.00202020202020202,0,0.28888888888888886,0.0
breast_cancer,1001,cart,single_tree,0.9105263157894736,0.09265756985055229,0.002180983302241657,9.4,0.02167937545388526,0,0.4888888888888889,0.0
breast_cancer,1001,pruned_cart,single_tree,0.9099415204678362,0.09668615984405457,0.02129598339961376,6.5,0.01843401333597412,0,0.4888888888888889,0.0
breast_cancer,1001,holdout_selected,single_tree,0.8964912280701753,0.10149447693307341,0.32046000000118513,7.5,0.00939097939097939,0,0.4666666666666667,0.0
breast_cancer,1001,holdout_common,single_tree,0.9198830409356725,0.08927875243664717,0.21938072090124477,7.1,0.01075036075036075,0,0.28888888888888886,0.0
breast_cancer,1002,cart,single_tree,0.9134502923976608,0.06601689408706951,0.0022075543020037003,8.9,0.09202283192479271,0,0.26666666666666666,0.0
breast_cancer,1002,pruned_cart,single_tree,0.915204678362573,0.056530214424951264,0.01980947909760289,6.2,0.08102406852406853,0,0.26666666666666666,0.0
breast_cancer,1002,holdout_selected,single_tree,0.9216374269005847,0.07355425601039633,0.28957721229671735,7.3,0.0018518518518518517,0,0.2,0.0
breast_cancer,1002,holdout_common,single_tree,0.9239766081871345,0.060038986354775815,0.19644406240258833,6.6,0.0022222222222222222,0,0.13333333333333333,0.0
breast_cancer,1003,cart,single_tree,0.8947368421052632,0.07589343729694606,0.002008791700063739,8.0,0.055307655307655315,0,0.8,0.0
breast_cancer,1003,pruned_cart,single_tree,0.8953216374269006,0.0718648473034438,0.01963653749844525,7.2,0.06835880169213503,0,0.8,0.0
breast_cancer,1003,holdout_selected,single_tree,0.8941520467836257,0.07082521117608837,0.28527025419898566,7.1,0.024511784511784512,0,0.8,0.0
breast_cancer,1003,holdout_common,single_tree,0.9070175438596492,0.06328784925276154,0.19250200410024262,6.6,0.0044893378226711555,0,0.4888888888888889,0.0
breast_cancer,1004,cart,single_tree,0.935672514619883,0.06419753086419754,0.0022822915983852,9.9,0.060057182717141444,0,0.6444444444444445,0.0
breast_cancer,1004,pruned_cart,single_tree,0.9286549707602338,0.06393762183235868,0.02116227090009488,6.1,0.035346603287779756,0,0.6444444444444445,0.0
breast_cancer,1004,holdout_selected,single_tree,0.9251461988304094,0.08239116309291747,0.3232684625996626,8.7,0.019304747540041658,0,0.8,0.0
breast_cancer,1004,holdout_common,single_tree,0.9116959064327486,0.07550357374918779,0.2470232664971263,8.4,0.004884004884004884,0,0.5333333333333333,0.0
digits,1000,cart,single_tree,0.668888888888889,0.18403292181069958,0.005513037399214227,23.3,0.18115912626710787,0,1.0,0.0
digits,1000,pruned_cart,single_tree,0.6672222222222223,0.1825514403292181,0.06236557499942137,20.2,0.20593263668485828,0,1.0,0.0
digits,1000,holdout_selected,single_tree,0.7011111111111111,0.38962962962962966,1.1797892709015287,22.5,0.060607936606818784,0,0.6222222222222222,0.0
digits,1000,holdout_common,single_tree,0.7264814814814814,0.36798353909465015,1.155083745896991,25.4,0.05297735433114684,0,0.08888888888888889,0.0
digits,1001,cart,single_tree,0.6551851851851852,0.14794238683127572,0.00519820829940727,22.6,0.21274156254548404,0,1.0,0.0
digits,1001,pruned_cart,single_tree,0.6538888888888889,0.14646090534979425,0.06044181239849422,19.8,0.23698239871947754,0,1.0,0.0
digits,1001,holdout_selected,single_tree,0.7522222222222221,0.3265020576131687,1.3430552165984408,25.9,0.06127311355963061,0,0.15555555555555556,0.0
digits,1001,holdout_common,single_tree,0.7283333333333334,0.36967078189300406,1.1137660460008192,24.1,0.04880058441018927,0,0.08888888888888889,0.0
digits,1002,cart,single_tree,0.6561111111111112,0.08806584362139917,0.005548562401963863,23.7,0.19950725940922018,0,1.0,0.0
digits,1002,pruned_cart,single_tree,0.6553703703703704,0.08884773662551441,0.06303510410216404,20.9,0.2150615838593077,0,1.0,0.0
digits,1002,holdout_selected,single_tree,0.7468518518518519,0.34407407407407403,1.3268478082987714,25.6,0.06374367473102838,0,0.17777777777777778,0.0
digits,1002,holdout_common,single_tree,0.7246296296296297,0.3674485596707819,1.1048005626027588,24.9,0.050525628379760525,0,0.24444444444444444,0.0
digits,1003,cart,single_tree,0.6744444444444444,0.19576131687242795,0.005421675099933054,23.1,0.22669857537675206,0,1.0,0.0
digits,1003,pruned_cart,single_tree,0.6738888888888889,0.19641975308641973,0.06160884590062778,20.7,0.2506081968820896,0,1.0,0.0
digits,1003,holdout_selected,single_tree,0.7518518518518519,0.338559670781893,1.255052979197353,24.2,0.05652640990872817,0,0.35555555555555557,0.0
digits,1003,holdout_common,single_tree,0.7587037037037037,0.3312345679012345,1.128654629398079,25.1,0.04880463192134959,0,0.15555555555555556,0.0
digits,1004,cart,single_tree,0.6851851851851852,0.23728395061728394,0.005928562399640213,22.5,0.22384331067680216,0,1.0,0.0
digits,1004,pruned_cart,single_tree,0.6855555555555555,0.23411522633744855,0.07110537909902633,20.9,0.22981182649966592,0,1.0,0.0
digits,1004,holdout_selected,single_tree,0.7244444444444446,0.3461728395061729,1.3820101581994095,24.1,0.04912358797025893,0,0.15555555555555556,0.0
digits,1004,holdout_common,single_tree,0.7246296296296296,0.3764609053497943,1.1838493708026363,24.6,0.04824149404978957,0,0.1111111111111111,0.0
duplicates_3,1000,cart,single_tree,0.8966666666666665,0.07160493827160495,0.002253766602370888,14.9,0.0770340028552589,0,0.8,0.0
duplicates_3,1000,pruned_cart,single_tree,0.8872222222222221,0.07320987654320987,0.023466208198806272,9.1,0.09122224039131503,0,0.8,0.0
duplicates_3,1000,relative_frequency_tree_bootstrap,single_tree,0.885,0.09641975308641973,0.8186191831031465,13.9,0.06139353327175824,0,0.4,0.0
duplicates_3,1000,frequency_tree_bootstrap,single_tree,0.8861111111111111,0.09839506172839504,0.8283903162009665,14.2,0.0602854352389956,0,0.4,0.0
duplicates_3,1000,weighted_tree_bootstrap,single_tree,0.891111111111111,0.0837037037037037,0.829070283404144,13.7,0.06060813799203891,0,0.6444444444444445,0.0
duplicates_3,1000,relative_frequency_tree_subsample,single_tree,0.8861111111111111,0.08851851851851852,0.6688715585973114,15.5,0.11378907718433001,0,0.4666666666666667,0.0
duplicates_3,1000,frequency_tree_subsample,single_tree,0.8855555555555557,0.08839506172839506,0.6728796457973658,15.4,0.11521959111484394,0,0.4666666666666667,0.0
duplicates_3,1000,weighted_tree_subsample,single_tree,0.8838888888888888,0.09246913580246914,0.6719294959999388,15.5,0.10921336422626411,0,0.6222222222222222,0.0
duplicates_3,1001,cart,single_tree,0.8277777777777777,0.17012345679012347,0.0025939208004274405,17.6,0.028161238544398486,0,0.4666666666666667,0.0
duplicates_3,1001,pruned_cart,single_tree,0.8233333333333333,0.1434567901234568,0.02629625839763321,11.4,0.03298145875487723,0,0.4666666666666667,0.0
duplicates_3,1001,relative_frequency_tree_bootstrap,single_tree,0.7999999999999999,0.20567901234567904,1.2527993955955026,16.4,0.04778359707410275,0,0.28888888888888886,0.0
duplicates_3,1001,frequency_tree_bootstrap,single_tree,0.7999999999999999,0.20567901234567904,1.2659228206961415,16.6,0.04590855490494293,0,0.28888888888888886,0.0
duplicates_3,1001,weighted_tree_bootstrap,single_tree,0.8138888888888889,0.15419753086419755,1.2627686876017834,16.6,0.046145872498118204,0,0.3111111111111111,0.0
duplicates_3,1001,relative_frequency_tree_subsample,single_tree,0.8027777777777778,0.18209876543209874,1.007296966899594,16.2,0.08197654560399659,0,0.1111111111111111,0.0
duplicates_3,1001,frequency_tree_subsample,single_tree,0.8027777777777778,0.18209876543209874,1.0298911254998528,16.2,0.08197654560399659,0,0.1111111111111111,0.0
duplicates_3,1001,weighted_tree_subsample,single_tree,0.8061111111111112,0.18259259259259258,1.030139262699231,16.5,0.09273004763458839,0,0.1111111111111111,0.0
duplicates_3,1002,cart,single_tree,0.925,0.07419753086419754,0.0021330750023480505,12.3,0.04405076884863308,0,0.4666666666666667,0.0
duplicates_3,1002,pruned_cart,single_tree,0.9244444444444445,0.07333333333333333,0.021329250100825446,9.9,0.03964252411430138,0,0.4666666666666667,0.0
duplicates_3,1002,relative_frequency_tree_bootstrap,single_tree,0.9244444444444444,0.06790123456790126,0.6120688917013467,14.1,0.039795063229015756,0,0.4666666666666667,0.0
duplicates_3,1002,frequency_tree_bootstrap,single_tree,0.9255555555555555,0.06543209876543211,0.6209264163015178,15.4,0.04539175726998224,0,0.4666666666666667,0.0
duplicates_3,1002,weighted_tree_bootstrap,single_tree,0.9305555555555556,0.062098765432098774,0.6182928872003686,14.5,0.0423945867709048,0,0.4666666666666667,0.0
duplicates_3,1002,relative_frequency_tree_subsample,single_tree,0.9344444444444445,0.054814814814814816,0.47541578779782867,13.8,0.06984599822835118,0,0.4,0.0
duplicates_3,1002,frequency_tree_subsample,single_tree,0.9355555555555556,0.0511111111111111,0.4786653959978139,14.0,0.06497298357721473,0,0.4,0.0
duplicates_3,1002,weighted_tree_subsample,single_tree,0.9394444444444444,0.04777777777777777,0.4788528458986548,14.7,0.07241955651656373,0,0.4888888888888889,0.0
duplicates_3,1003,cart,single_tree,0.8772222222222222,0.10111111111111108,0.002287708500807639,17.4,0.058406163338359234,0,0.8,0.0
duplicates_3,1003,pruned_cart,single_tree,0.8727777777777778,0.11197530864197529,0.025119504102622158,13.2,0.06394102063574612,0,0.8,0.0
duplicates_3,1003,relative_frequency_tree_bootstrap,single_tree,0.8222222222222222,0.1708641975308642,1.0358558502033701,14.8,0.057675429661497774,0,0.5333333333333333,0.0
duplicates_3,1003,frequency_tree_bootstrap,single_tree,0.8283333333333334,0.15641975308641975,1.0679258211981506,16.1,0.06130447512816158,0,0.5333333333333333,0.0
duplicates_3,1003,weighted_tree_bootstrap,single_tree,0.8516666666666668,0.14382716049382716,1.0675371378019918,16.2,0.07528146967574492,0,0.35555555555555557,0.0
duplicates_3,1003,relative_frequency_tree_subsample,single_tree,0.8588888888888888,0.13333333333333336,0.878714349900838,16.1,0.0832387981433389,0,0.4666666666666667,0.0
duplicates_3,1003,frequency_tree_subsample,single_tree,0.8588888888888888,0.13333333333333336,0.8842672872982803,16.3,0.08135969637517625,0,0.4666666666666667,0.0
duplicates_3,1003,weighted_tree_subsample,single_tree,0.8655555555555555,0.12345679012345681,0.8925046291944454,16.9,0.08062110614226198,0,0.4,0.0
duplicates_3,1004,cart,single_tree,0.8883333333333333,0.10901234567901232,0.001949616800993681,13.0,0.07263494154798503,0,0.6444444444444445,0.0
duplicates_3,1004,pruned_cart,single_tree,0.9238888888888889,0.009506172839506173,0.0217421249995823,2.6,0.14814814814814814,0,0.6444444444444445,0.0
duplicates_3,1004,relative_frequency_tree_bootstrap,single_tree,0.9083333333333334,0.06950617283950618,0.6258246376019088,12.7,0.06415253250975869,0,0.4666666666666667,0.0
duplicates_3,1004,frequency_tree_bootstrap,single_tree,0.9083333333333334,0.06950617283950618,0.6461110832024133,14.1,0.053413977119500515,0,0.4666666666666667,0.0
duplicates_3,1004,weighted_tree_bootstrap,single_tree,0.8761111111111111,0.14901234567901234,0.6368157543998677,12.1,0.04942108077298995,0,0.35555555555555557,0.1
duplicates_3,1004,relative_frequency_tree_subsample,single_tree,0.903888888888889,0.07987654320987654,0.49774061259959124,8.6,0.11334714668048,0,0.4666666666666667,0.0
duplicates_3,1004,frequency_tree_subsample,single_tree,0.9083333333333334,0.06555555555555555,0.49672600849735316,6.9,0.1107137307137307,0,0.4666666666666667,0.0
duplicates_3,1004,weighted_tree_subsample,single_tree,0.9055555555555557,0.06691358024691357,0.49673256679961925,6.8,0.10493386243386242,0,0.4666666666666667,0.0
duplicates_6,1000,cart,single_tree,0.73,0.23901234567901236,0.0037563164019957184,18.8,0.03056760683886081,0,0.6444444444444445,0.0
duplicates_6,1000,pruned_cart,single_tree,0.7366666666666667,0.23012345679012347,0.03870386270573363,12.0,0.02530089805783592,0,0.6444444444444445,0.0
duplicates_6,1000,relative_frequency_tree_bootstrap,single_tree,0.6938888888888889,0.30185185185185187,1.8928946122934576,18.3,0.02744904829528153,0,0.15555555555555556,0.0
duplicates_6,1000,frequency_tree_bootstrap,single_tree,0.6938888888888889,0.30185185185185187,1.912684116694436,18.4,0.02697285781909105,0,0.15555555555555556,0.0
duplicates_6,1000,weighted_tree_bootstrap,single_tree,0.7016666666666667,0.2732098765432099,1.9133214042944018,18.0,0.021218511126977944,0,0.15555555555555556,0.0
duplicates_6,1000,relative_frequency_tree_subsample,single_tree,0.6927777777777778,0.2650617283950617,1.5657226205061305,15.5,0.056750943319570764,0,0.17777777777777778,0.0
duplicates_6,1000,frequency_tree_subsample,single_tree,0.6938888888888889,0.26037037037037036,1.587633374503639,15.1,0.05656522938514683,0,0.17777777777777778,0.0
duplicates_6,1000,weighted_tree_subsample,single_tree,0.6977777777777777,0.288395061728395,1.5913920245016926,15.9,0.05403229343373822,0,0.17777777777777778,0.0
duplicates_6,1001,cart,single_tree,0.8411111111111111,0.17777777777777778,0.0035286916987388394,18.9,0.04421192234468309,0,0.6444444444444445,0.0
duplicates_6,1001,pruned_cart,single_tree,0.8566666666666667,0.15654320987654324,0.035804112600453665,13.2,0.063210316430758,0,0.6444444444444445,0.0
duplicates_6,1001,relative_frequency_tree_bootstrap,single_tree,0.828888888888889,0.19160493827160496,1.698429837904405,18.8,0.06452169004026588,0,0.4,0.0
duplicates_6,1001,frequency_tree_bootstrap,single_tree,0.828888888888889,0.19160493827160496,1.7202230000068084,18.9,0.06305636848722504,0,0.4,0.0
duplicates_6,1001,weighted_tree_bootstrap,single_tree,0.8550000000000001,0.1665432098765432,1.716601816903858,18.4,0.06369490197866978,0,0.17777777777777778,0.0
duplicates_6,1001,relative_frequency_tree_subsample,single_tree,0.8422222222222222,0.19604938271604935,1.3918971161998344,19.0,0.06189042391312772,0,0.28888888888888886,0.0
duplicates_6,1001,frequency_tree_subsample,single_tree,0.8422222222222222,0.19604938271604935,1.4273688661996857,19.6,0.06073818013962494,0,0.28888888888888886,0.0
duplicates_6,1001,weighted_tree_subsample,single_tree,0.8594444444444445,0.16432098765432102,1.4235914121993118,19.1,0.07111008225043312,0,0.2222222222222222,0.0
duplicates_6,1002,cart,single_tree,0.8077777777777777,0.17012345679012347,0.003739795602450613,19.6,0.04572408894406964,0,0.5333333333333333,0.0
duplicates_6,1002,pruned_cart,single_tree,0.8061111111111112,0.15567901234567902,0.03596747479896294,9.8,0.06337412340850819,0,0.5333333333333333,0.0
duplicates_6,1002,relative_frequency_tree_bootstrap,single_tree,0.7527777777777778,0.25222222222222224,1.6403029162989697,19.9,0.03435087740299299,0,0.6444444444444445,0.0
duplicates_6,1002,frequency_tree_bootstrap,single_tree,0.75,0.2503703703703704,1.6546267499987153,20.2,0.03497392719270944,0,0.6444444444444445,0.0
duplicates_6,1002,weighted_tree_bootstrap,single_tree,0.7777777777777777,0.22469135802469134,1.6531696872974861,20.6,0.032970980220363266,0,0.6444444444444445,0.0
duplicates_6,1002,relative_frequency_tree_subsample,single_tree,0.7694444444444445,0.2554320987654321,1.384868437498517,18.1,0.0790588822941764,0,0.4888888888888889,0.0
duplicates_6,1002,frequency_tree_subsample,single_tree,0.7733333333333333,0.2535802469135802,1.3824070663977182,18.6,0.07922498162694241,0,0.4888888888888889,0.0
duplicates_6,1002,weighted_tree_subsample,single_tree,0.7833333333333334,0.23358024691358026,1.3907531330973142,19.0,0.07275032243298497,0,0.35555555555555557,0.0
duplicates_6,1003,cart,single_tree,0.7422222222222222,0.20962962962962958,0.0037128293013665827,19.9,0.03475691236844928,0,0.5333333333333333,0.0
duplicates_6,1003,pruned_cart,single_tree,0.7355555555555556,0.19629629629629627,0.03747001250158064,12.8,0.05023087533368892,0,0.5333333333333333,0.0
duplicates_6,1003,relative_frequency_tree_bootstrap,single_tree,0.7372222222222222,0.22654320987654322,1.7115090667968615,18.3,0.0635624306702738,0,0.2222222222222222,0.0
duplicates_6,1003,frequency_tree_bootstrap,single_tree,0.7372222222222222,0.22654320987654322,1.7326230170976487,18.3,0.0635624306702738,0,0.2222222222222222,0.0
duplicates_6,1003,weighted_tree_bootstrap,single_tree,0.7488888888888889,0.2241975308641975,1.7378466752998065,19.3,0.05215510781742217,0,0.35555555555555557,0.0
duplicates_6,1003,relative_frequency_tree_subsample,single_tree,0.7216666666666667,0.2403703703703704,1.488161387501168,19.6,0.08530345471521943,0,0.24444444444444444,0.0
duplicates_6,1003,frequency_tree_subsample,single_tree,0.7222222222222222,0.23506172839506176,1.493181683406874,20.0,0.08281434796140677,0,0.24444444444444444,0.0
duplicates_6,1003,weighted_tree_subsample,single_tree,0.7261111111111112,0.23518518518518516,1.4623122915028943,19.1,0.07663183584752213,0,0.28888888888888886,0.0
duplicates_6,1004,cart,single_tree,0.7772222222222221,0.2537037037037037,0.0038005416994565167,19.8,0.018937670874543185,0,0.8,0.0
duplicates_6,1004,pruned_cart,single_tree,0.7844444444444444,0.2432098765432099,0.036678737404872666,11.2,0.01909047442721782,0,0.8,0.0
duplicates_6,1004,relative_frequency_tree_bootstrap,single_tree,0.7211111111111111,0.3503703703703704,1.831136820507527,17.4,0.02041086008095924,0,0.35555555555555557,0.0
duplicates_6,1004,frequency_tree_bootstrap,single_tree,0.7211111111111111,0.3503703703703704,1.854587437401642,17.4,0.02041086008095924,0,0.35555555555555557,0.0
duplicates_6,1004,weighted_tree_bootstrap,single_tree,0.7766666666666666,0.26271604938271603,1.857320508203702,18.0,0.0219318360536036,0,0.4888888888888889,0.0
duplicates_6,1004,relative_frequency_tree_subsample,single_tree,0.7844444444444445,0.26888888888888884,1.5731727835009224,19.2,0.06290860011448246,0,0.1111111111111111,0.0
duplicates_6,1004,frequency_tree_subsample,single_tree,0.7633333333333333,0.2901234567901234,1.579338116699364,16.4,0.05770738157993059,0,0.1111111111111111,0.0
duplicates_6,1004,weighted_tree_subsample,single_tree,0.7555555555555555,0.29901234567901236,1.5766810042012367,15.8,0.048148557095925505,0,0.2222222222222222,0.0
duplicates_6_noise1,1000,cart,single_tree,0.6922222222222223,0.3074074074074074,0.004032654297770932,19.2,0.024306769106361533,0,0.4444444444444444,0.0
duplicates_6_noise1,1000,pruned_cart,single_tree,0.7055555555555556,0.2560493827160494,0.0395803541992791,6.7,0.04707615840949174,0,0.4444444444444444,0.0
duplicates_6_noise1,1000,relative_frequency_tree_bootstrap,single_tree,0.6983333333333334,0.28506172839506166,2.377083553696866,18.6,0.018452170941851028,0,0.06666666666666667,0.0
duplicates_6_noise1,1000,frequency_tree_bootstrap,single_tree,0.6966666666666667,0.2861728395061728,2.3880421121022666,18.9,0.017166036005045297,0,0.06666666666666667,0.0
duplicates_6_noise1,1000,weighted_tree_bootstrap,single_tree,0.6961111111111111,0.2625925925925926,2.3939987787016435,19.6,0.019012294003140685,0,0.17777777777777778,0.0
duplicates_6_noise1,1000,relative_frequency_tree_subsample,single_tree,0.7033333333333334,0.27901234567901234,1.7895248795015504,17.2,0.05455392541563853,0,0.2,0.0
duplicates_6_noise1,1000,frequency_tree_subsample,single_tree,0.6922222222222223,0.30049382716049383,1.8390812501995242,16.7,0.05142955475514815,0,0.2,0.0
duplicates_6_noise1,1000,weighted_tree_subsample,single_tree,0.6888888888888889,0.30641975308641983,1.835055950199603,15.8,0.05651787611539934,0,0.2,0.0
duplicates_6_noise1,1001,cart,single_tree,0.7805555555555556,0.14851851851851855,0.0037818750977749007,20.3,0.03477463539571823,0,0.6444444444444445,0.0
duplicates_6_noise1,1001,pruned_cart,single_tree,0.7649999999999999,0.1366666666666667,0.03805879590072436,8.0,0.04979559445743021,0,0.6444444444444445,0.0
duplicates_6_noise1,1001,relative_frequency_tree_bootstrap,single_tree,0.7377777777777778,0.27358024691358024,1.9253095295032836,21.1,0.024543239411660457,0,0.13333333333333333,0.0
duplicates_6_noise1,1001,frequency_tree_bootstrap,single_tree,0.7372222222222222,0.27222222222222225,1.9556494000033127,21.5,0.023909233372597663,0,0.13333333333333333,0.0
duplicates_6_noise1,1001,weighted_tree_bootstrap,single_tree,0.76,0.19135802469135801,1.9570208084973273,21.4,0.03107071710326478,0,0.15555555555555556,0.0
duplicates_6_noise1,1001,relative_frequency_tree_subsample,single_tree,0.741111111111111,0.20395061728395053,1.5702199206047225,20.3,0.049636236560901166,0,0.15555555555555556,0.0
duplicates_6_noise1,1001,frequency_tree_subsample,single_tree,0.7366666666666666,0.21135802469135795,1.5912383915027022,19.8,0.04254241582672955,0,0.15555555555555556,0.0
duplicates_6_noise1,1001,weighted_tree_subsample,single_tree,0.7444444444444444,0.20345679012345677,1.5761154663021444,18.4,0.04319492036192355,0,0.15555555555555556,0.0
duplicates_6_noise1,1002,cart,single_tree,0.7266666666666667,0.21382716049382716,0.0038723707999452016,20.8,0.025153625720575824,0,0.5333333333333333,0.0
duplicates_6_noise1,1002,pruned_cart,single_tree,0.7316666666666667,0.1944444444444444,0.03903599990007933,9.1,0.03234751739582657,0,0.5333333333333333,0.0
duplicates_6_noise1,1002,relative_frequency_tree_bootstrap,single_tree,0.7194444444444444,0.1685185185185185,2.316890366699954,20.9,0.01740486312983733,0,0.28888888888888886,0.0
duplicates_6_noise1,1002,frequency_tree_bootstrap,single_tree,0.7194444444444444,0.17074074074074078,2.375395579499309,21.4,0.015393549232558519,0,0.28888888888888886,0.0
duplicates_6_noise1,1002,weighted_tree_bootstrap,single_tree,0.7188888888888889,0.20148148148148143,2.3772039083996788,21.9,0.014243943191311613,0,0.3333333333333333,0.0
duplicates_6_noise1,1002,relative_frequency_tree_subsample,single_tree,0.7227777777777777,0.22580246913580243,1.8447676208015764,17.9,0.03694532591591415,0,0.17777777777777778,0.0
duplicates_6_noise1,1002,frequency_tree_subsample,single_tree,0.7305555555555556,0.2171604938271605,1.902297287597321,20.0,0.03253822974411209,0,0.17777777777777778,0.0
duplicates_6_noise1,1002,weighted_tree_subsample,single_tree,0.7205555555555556,0.21197530864197528,1.9106883916014339,19.6,0.052835357605739444,0,0.17777777777777778,0.0
duplicates_6_noise1,1003,cart,single_tree,0.7161111111111111,0.2717283950617284,0.0038764790981076656,19.4,0.009894618780665497,0,0.6444444444444445,0.0
duplicates_6_noise1,1003,pruned_cart,single_tree,0.7305555555555556,0.2416049382716049,0.04052134589874186,10.5,0.008992842101537753,0,0.6444444444444445,0.0
duplicates_6_noise1,1003,relative_frequency_tree_bootstrap,single_tree,0.6849999999999999,0.27172839506172836,2.2209962163993624,18.5,0.02011761429718086,0,0.1111111111111111,0.0
duplicates_6_noise1,1003,frequency_tree_bootstrap,single_tree,0.6849999999999999,0.27172839506172836,2.214973954000743,18.5,0.02011761429718086,0,0.1111111111111111,0.0
duplicates_6_noise1,1003,weighted_tree_bootstrap,single_tree,0.7200000000000001,0.24074074074074076,2.223651433401392,20.1,0.027661471646978894,0,0.1111111111111111,0.0
duplicates_6_noise1,1003,relative_frequency_tree_subsample,single_tree,0.7005555555555555,0.2697530864197531,1.8111425459996098,18.9,0.0383774649460924,0,0.08888888888888889,0.0
duplicates_6_noise1,1003,frequency_tree_subsample,single_tree,0.695,0.2949382716049383,1.8478184755003895,17.4,0.04020587437254104,0,0.08888888888888889,0.0
duplicates_6_noise1,1003,weighted_tree_subsample,single_tree,0.7155555555555557,0.2691358024691358,1.8604194166997332,18.6,0.05518380051437439,0,0.13333333333333333,0.0
duplicates_6_noise1,1004,cart,single_tree,0.7183333333333334,0.2408641975308642,0.0039385666023008525,18.8,0.03909159935117856,0,0.8,0.0
duplicates_6_noise1,1004,pruned_cart,single_tree,0.7183333333333334,0.1981481481481481,0.04060477080201963,7.2,0.07494114817644229,0,0.8,0.0
duplicates_6_noise1,1004,relative_frequency_tree_bootstrap,single_tree,0.698888888888889,0.27012345679012345,2.055920991401945,17.8,0.020504588004588004,0,0.2222222222222222,0.0
duplicates_6_noise1,1004,frequency_tree_bootstrap,single_tree,0.698888888888889,0.27209876543209877,2.127553512302984,18.6,0.017217294325137467,0,0.2222222222222222,0.0
duplicates_6_noise1,1004,weighted_tree_bootstrap,single_tree,0.7161111111111111,0.27592592592592596,2.1255195413017645,20.0,0.02296124699099527,0,0.3111111111111111,0.0
duplicates_6_noise1,1004,relative_frequency_tree_subsample,single_tree,0.7144444444444444,0.254320987654321,1.6764626916017733,18.3,0.0733423820188526,0,0.26666666666666666,0.0
duplicates_6_noise1,1004,frequency_tree_subsample,single_tree,0.7116666666666667,0.25172839506172834,1.692257729000994,18.8,0.07064639246011795,0,0.26666666666666666,0.0
duplicates_6_noise1,1004,weighted_tree_subsample,single_tree,0.7261111111111112,0.2460493827160494,1.6811988376037335,18.3,0.07696751772861164,0,0.2222222222222222,0.0
heavy_noise,1000,cart,single_tree,0.7263333333333333,0.15355555555555556,0.001777241703530308,22.2,0.055667695796636225,0,1.0,0.0
heavy_noise,1000,pruned_cart,single_tree,0.742,0.11822222222222219,0.019529729198256972,7.3,0.10912982079648745,0,1.0,0.0
heavy_noise,1000,holdout_selected,single_tree,0.7453333333333333,0.14207407407407405,0.8375593666016357,24.5,0.0038722293659300836,0,1.0,0.0
heavy_noise,1000,holdout_common,single_tree,0.742,0.11081481481481481,0.6730402793036774,20.7,0.002921907744429164,0,1.0,0.0
heavy_noise,1001,cart,single_tree,0.7756666666666666,0.1514814814814815,0.0018283956975210457,22.0,0.02905682838719722,0,1.0,0.0
heavy_noise,1001,pruned_cart,single_tree,0.7806666666666666,0.04059259259259259,0.022098325099796055,3.2,0.029100529100529102,0,1.0,0.0
heavy_noise,1001,holdout_selected,single_tree,0.7763333333333333,0.14540740740740743,0.8177526666040649,23.2,0.004659254039099,0,1.0,0.0
heavy_noise,1001,holdout_common,single_tree,0.7603333333333333,0.1051111111111111,0.6177206788983313,18.4,0.0,0,1.0,0.0
heavy_noise,1002,cart,single_tree,0.6736666666666666,0.24096296296296293,0.0017726667021634058,22.1,0.028474482661978575,0,0.6444444444444445,0.0
heavy_noise,1002,pruned_cart,single_tree,0.6893333333333332,0.1317037037037037,0.020220762601820753,4.3,0.026543209876543208,0,0.6444444444444445,0.0
heavy_noise,1002,holdout_selected,single_tree,0.6646666666666666,0.20696296296296296,0.7725241417982034,21.5,0.005039215039215039,0,0.8,0.0
heavy_noise,1002,holdout_common,single_tree,0.674,0.23422222222222228,0.6703045585003565,19.4,0.0014109347442680775,0,0.5333333333333333,0.0
heavy_noise,1003,cart,single_tree,0.7190000000000001,0.15962962962962965,0.0018363083014264702,22.0,0.059673990178984185,0,0.5333333333333333,0.0
heavy_noise,1003,pruned_cart,single_tree,0.7113333333333334,0.14207407407407407,0.02018722070060903,8.9,0.09973865544271518,0,0.5333333333333333,0.0
heavy_noise,1003,holdout_selected,single_tree,0.7140000000000001,0.16296296296296295,0.7966413918009494,21.9,0.00541283016892773,0,0.4444444444444444,0.0
heavy_noise,1003,holdout_common,single_tree,0.7116666666666667,0.14807407407407408,0.6824076919016079,20.5,0.002396642011532897,0,0.4666666666666667,0.0
heavy_noise,1004,cart,single_tree,0.7503333333333333,0.1067407407407407,0.001938508301100228,19.5,0.04749754069941992,0,0.5333333333333333,0.0
heavy_noise,1004,pruned_cart,single_tree,0.7436666666666667,0.114,0.021584049900411628,7.6,0.0670160703494037,0,0.5333333333333333,0.0
heavy_noise,1004,holdout_selected,single_tree,0.7243333333333333,0.15770370370370373,0.7197329792979872,19.5,0.008761943981325453,0,1.0,0.0
heavy_noise,1004,holdout_common,single_tree,0.7000000000000001,0.1631111111111111,0.6391991373995551,18.6,0.00400316187080893,0,1.0,0.0
high_noise_60,1000,cart,single_tree,0.72,0.2775308641975308,0.006750558297790121,20.8,0.026081309083020685,0,1.0,0.0
high_noise_60,1000,pruned_cart,single_tree,0.72,0.2575308641975308,0.06635680809704354,13.9,0.025490228159144947,0,1.0,0.0
high_noise_60,1000,relative_frequency_tree_bootstrap,single_tree,0.7433333333333333,0.2516049382716049,1.9415011414021137,19.1,0.03164201353055842,0,0.35555555555555557,0.0
high_noise_60,1000,frequency_tree_bootstrap,single_tree,0.7433333333333333,0.2516049382716049,1.9767620790997171,19.4,0.030555268891182204,0,0.35555555555555557,0.0
high_noise_60,1000,weighted_tree_bootstrap,single_tree,0.7511111111111111,0.22765432098765437,1.9726942249006243,18.4,0.027668416317516688,0,0.35555555555555557,0.0
high_noise_60,1000,relative_frequency_tree_subsample,single_tree,0.7244444444444444,0.24024691358024694,1.6923688998052966,18.2,0.04778140885984023,0,0.26666666666666666,0.0
high_noise_60,1000,frequency_tree_subsample,single_tree,0.7244444444444444,0.24024691358024694,1.7365344208054012,18.0,0.04809831054929094,0,0.26666666666666666,0.0
high_noise_60,1000,weighted_tree_subsample,single_tree,0.72,0.2432098765432099,1.7341097540032933,16.5,0.04793362764208998,0,0.3111111111111111,0.0
high_noise_60,1001,cart,single_tree,0.8016666666666667,0.22456790123456796,0.006749875198875088,20.0,0.024806533318422346,0,0.4666666666666667,0.0
high_noise_60,1001,pruned_cart,single_tree,0.821111111111111,0.19160493827160494,0.06532876239798498,10.4,0.03045609150681614,0,0.4666666666666667,0.0
high_noise_60,1001,relative_frequency_tree_bootstrap,single_tree,0.8155555555555557,0.17753086419753084,1.9965949001983971,20.0,0.05005210962641303,0,0.4888888888888889,0.0
high_noise_60,1001,frequency_tree_bootstrap,single_tree,0.8155555555555557,0.17753086419753084,1.9935879457974806,20.0,0.05005210962641303,0,0.4888888888888889,0.0
high_noise_60,1001,weighted_tree_bootstrap,single_tree,0.8227777777777778,0.1751851851851852,1.990054370695725,19.4,0.045817814987061625,0,0.3111111111111111,0.0
high_noise_60,1001,relative_frequency_tree_subsample,single_tree,0.8066666666666666,0.1987654320987654,1.5936884706956334,20.7,0.06576396685529813,0,0.4888888888888889,0.0
high_noise_60,1001,frequency_tree_subsample,single_tree,0.8088888888888889,0.1908641975308642,1.5723476623010355,18.2,0.06429438390222704,0,0.4888888888888889,0.0
high_noise_60,1001,weighted_tree_subsample,single_tree,0.8066666666666666,0.2024691358024691,1.550079312195885,16.9,0.0596255469294685,0,0.4888888888888889,0.0
high_noise_60,1002,cart,single_tree,0.7672222222222221,0.2477777777777778,0.006546966700989287,19.3,0.0402458284514528,0,1.0,0.0
high_noise_60,1002,pruned_cart,single_tree,0.7816666666666666,0.20086419753086418,0.065627991798101,6.1,0.0950617283950617,0,1.0,0.0
high_noise_60,1002,relative_frequency_tree_bootstrap,single_tree,0.7711111111111111,0.20938271604938277,1.6606404205987928,16.5,0.02264277661336485,0,0.5333333333333333,0.0
high_noise_60,1002,frequency_tree_bootstrap,single_tree,0.78,0.20222222222222222,1.6912380373018094,17.4,0.023464710670593025,0,0.5333333333333333,0.0
high_noise_60,1002,weighted_tree_bootstrap,single_tree,0.7883333333333333,0.20012345679012347,1.6930252750971704,17.9,0.03990516000835918,0,0.5333333333333333,0.0
high_noise_60,1002,relative_frequency_tree_subsample,single_tree,0.7833333333333333,0.21580246913580242,1.488129058398772,18.3,0.08553644793840871,0,0.4,0.0
high_noise_60,1002,frequency_tree_subsample,single_tree,0.7833333333333333,0.21580246913580245,1.5280635667018942,19.1,0.08818618697359668,0,0.4,0.0
high_noise_60,1002,weighted_tree_subsample,single_tree,0.7811111111111112,0.21259259259259258,1.507542937400285,17.3,0.0776367150412558,0,0.4,0.0
high_noise_60,1003,cart,single_tree,0.7538888888888888,0.2504938271604938,0.006877283299400005,19.7,0.03956026282135673,0,1.0,0.0
high_noise_60,1003,pruned_cart,single_tree,0.7438888888888889,0.21814814814814817,0.06898569579934702,9.6,0.060005413656420974,0,1.0,0.0
high_noise_60,1003,relative_frequency_tree_bootstrap,single_tree,0.7394444444444443,0.25716049382716044,2.0907576000972767,16.0,0.019851784018450686,0,0.5333333333333333,0.0
high_noise_60,1003,frequency_tree_bootstrap,single_tree,0.7411111111111112,0.24864197530864196,2.18744126669917,19.5,0.017064652371669917,0,0.5333333333333333,0.0
high_noise_60,1003,weighted_tree_bootstrap,single_tree,0.7661111111111112,0.20086419753086418,2.190689741796814,20.4,0.02063950437289155,0,0.3111111111111111,0.0
high_noise_60,1003,relative_frequency_tree_subsample,single_tree,0.7455555555555555,0.2841975308641975,1.8253761080937694,17.6,0.07896697481320804,0,0.35555555555555557,0.0
high_noise_60,1003,frequency_tree_subsample,single_tree,0.7538888888888888,0.27543209876543207,1.8236986745978356,18.5,0.08521302179454915,0,0.35555555555555557,0.0
high_noise_60,1003,weighted_tree_subsample,single_tree,0.7627777777777778,0.22358024691358025,1.8224650913965887,18.3,0.08352420531729096,0,0.35555555555555557,0.0
high_noise_60,1004,cart,single_tree,0.7394444444444445,0.2564197530864198,0.007037291696178727,20.5,0.03094968494151081,0,1.0,0.0
high_noise_60,1004,pruned_cart,single_tree,0.7505555555555555,0.20012345679012344,0.07274050010018981,10.5,0.051621720715803954,0,1.0,0.0
high_noise_60,1004,relative_frequency_tree_bootstrap,single_tree,0.72,0.28370370370370374,2.3578503668963093,18.9,0.023853707352159366,0,0.35555555555555557,0.0
high_noise_60,1004,frequency_tree_bootstrap,single_tree,0.72,0.28370370370370374,2.3800430916962796,19.1,0.02303543072376922,0,0.35555555555555557,0.0
high_noise_60,1004,weighted_tree_bootstrap,single_tree,0.7516666666666667,0.2428395061728395,2.3857686208953965,20.1,0.023689922351758104,0,0.2222222222222222,0.0
high_noise_60,1004,relative_frequency_tree_subsample,single_tree,0.7655555555555555,0.2237037037037037,1.931288850402052,20.0,0.0426919866625749,0,0.4888888888888889,0.0
high_noise_60,1004,frequency_tree_subsample,single_tree,0.7672222222222221,0.21864197530864196,1.9678479671070819,20.3,0.040615253435170875,0,0.4888888888888889,0.0
high_noise_60,1004,weighted_tree_subsample,single_tree,0.7505555555555555,0.22086419753086423,1.9629886713068116,21.1,0.045902722588795186,0,0.4888888888888889,0.0
imbalance_60_40,1000,cart,single_tree,0.7816666666666666,0.17740740740740743,0.007039070800237824,19.8,0.02195442953629669,0,1.0,0.0
imbalance_60_40,1000,pruned_cart,single_tree,0.7933333333333333,0.15407407407407409,0.07215376240055775,5.6,0.027592592592592592,0,1.0,0.0
imbalance_60_40,1000,relative_frequency_tree_bootstrap,single_tree,0.7987500000000001,0.1608333333333333,2.56149170830322,17.7,0.015601349878955655,0,0.2222222222222222,0.0
imbalance_60_40,1000,frequency_tree_bootstrap,single_tree,0.7995833333333333,0.1599074074074074,2.6714970127053674,21.0,0.012348900573874774,0,0.2222222222222222,0.0
imbalance_60_40,1000,weighted_tree_bootstrap,single_tree,0.80625,0.15064814814814817,2.6781522917037366,22.0,0.01821027442766573,0,0.4888888888888889,0.0
imbalance_60_40,1000,relative_frequency_tree_subsample,single_tree,0.7691666666666668,0.2196296296296297,2.359035804196901,17.8,0.029304415150648383,0,0.15555555555555556,0.0
imbalance_60_40,1000,frequency_tree_subsample,single_tree,0.7741666666666667,0.20925925925925928,2.431248849896656,18.3,0.022880349020699898,0,0.15555555555555556,0.0
imbalance_60_40,1000,weighted_tree_subsample,single_tree,0.76875,0.22027777777777777,2.4240596293951966,18.5,0.0380838618248319,0,0.13333333333333333,0.0
imbalance_60_40,1001,cart,single_tree,0.7254166666666667,0.2873148148148148,0.007135362499684561,24.5,0.01640516440211335,0,1.0,0.0
imbalance_60_40,1001,pruned_cart,single_tree,0.74125,0.20787037037037034,0.07555507509969175,6.0,0.03783882783882784,0,1.0,0.0
imbalance_60_40,1001,relative_frequency_tree_bootstrap,single_tree,0.7270833333333333,0.28694444444444445,3.708887470503396,23.5,0.027238187986382004,0,0.2222222222222222,0.0
imbalance_60_40,1001,frequency_tree_bootstrap,single_tree,0.7279166666666667,0.2860185185185185,3.826178916102799,24.0,0.025142135890329907,0,0.2222222222222222,0.0
imbalance_60_40,1001,weighted_tree_bootstrap,single_tree,0.7454166666666666,0.2560185185185186,3.8134758207030246,22.7,0.027155117433912246,0,0.28888888888888886,0.0
imbalance_60_40,1001,relative_frequency_tree_subsample,single_tree,0.7316666666666667,0.24111111111111114,3.2262405956033033,22.5,0.05631759804618422,0,0.2222222222222222,0.0
imbalance_60_40,1001,frequency_tree_subsample,single_tree,0.7150000000000001,0.26129629629629625,3.249252928904025,18.5,0.05297140404983541,0,0.2222222222222222,0.0
imbalance_60_40,1001,weighted_tree_subsample,single_tree,0.73125,0.2536111111111111,3.296874158097489,20.5,0.059285962986326414,0,0.26666666666666666,0.0
imbalance_60_40,1002,cart,single_tree,0.69125,0.3149074074074074,0.007292095902084838,22.0,0.022464402192575166,0,1.0,0.0
imbalance_60_40,1002,pruned_cart,single_tree,0.6912499999999999,0.27805555555555556,0.07515096249844647,8.0,0.04421167911173295,0,1.0,0.0
imbalance_60_40,1002,relative_frequency_tree_bootstrap,single_tree,0.6799999999999999,0.28055555555555556,3.946770383701369,23.4,0.015534952949813632,0,0.4,0.0
imbalance_60_40,1002,frequency_tree_bootstrap,single_tree,0.6799999999999999,0.28055555555555556,3.972144071001094,23.4,0.015534952949813632,0,0.4,0.0
imbalance_60_40,1002,weighted_tree_bootstrap,single_tree,0.7133333333333334,0.2718518518518519,3.9731136418049573,24.4,0.012332601376079638,0,0.6222222222222222,0.0
imbalance_60_40,1002,relative_frequency_tree_subsample,single_tree,0.6879166666666666,0.31416666666666665,3.5100785790986264,23.3,0.04946363186559266,0,0.2,0.0
imbalance_60_40,1002,frequency_tree_subsample,single_tree,0.68875,0.3149074074074074,3.6934267914039083,24.3,0.04709880304307549,0,0.2,0.0
imbalance_60_40,1002,weighted_tree_subsample,single_tree,0.68625,0.31416666666666665,3.639349370697164,19.9,0.0498763409315525,0,0.24444444444444444,0.0
imbalance_60_40,1003,cart,single_tree,0.72875,0.23805555555555552,0.007185854198178276,23.3,0.017529698776359195,0,0.5333333333333333,0.0
imbalance_60_40,1003,pruned_cart,single_tree,0.7316666666666667,0.2187037037037037,0.07638667910214281,9.3,0.02165368255564334,0,0.5333333333333333,0.0
imbalance_60_40,1003,relative_frequency_tree_bootstrap,single_tree,0.7224999999999999,0.22018518518518526,3.383517258193751,19.8,0.028977058659721194,0,0.6444444444444445,0.0
imbalance_60_40,1003,frequency_tree_bootstrap,single_tree,0.7229166666666667,0.22101851851851856,3.438946066593053,20.4,0.029215153897816433,0,0.6444444444444445,0.0
imbalance_60_40,1003,weighted_tree_bootstrap,single_tree,0.7258333333333333,0.23129629629629633,3.447231916493911,20.0,0.019757887619062296,0,0.5333333333333333,0.0
imbalance_60_40,1003,relative_frequency_tree_subsample,single_tree,0.7133333333333334,0.2287037037037037,3.0058678334986326,24.2,0.04712223410881821,0,0.4888888888888889,0.0
imbalance_60_40,1003,frequency_tree_subsample,single_tree,0.7133333333333334,0.2287037037037037,3.073062887902779,24.7,0.04369337853599979,0,0.4888888888888889,0.0
imbalance_60_40,1003,weighted_tree_subsample,single_tree,0.7212500000000001,0.21009259259259266,3.07341870849923,24.4,0.045410790047012956,0,0.4888888888888889,0.0
imbalance_60_40,1004,cart,single_tree,0.7208333333333332,0.2548148148148148,0.007337383400590624,20.8,0.031845051083768394,0,1.0,0.0
imbalance_60_40,1004,pruned_cart,single_tree,0.7441666666666666,0.16499999999999995,0.07523641270090593,8.9,0.031202747335306407,0,1.0,0.0
imbalance_60_40,1004,relative_frequency_tree_bootstrap,single_tree,0.7525000000000001,0.19444444444444448,2.9419795165929825,20.6,0.041438797285367035,0,0.3111111111111111,0.0
imbalance_60_40,1004,frequency_tree_bootstrap,single_tree,0.75375,0.19120370370370374,2.9890518955959124,21.9,0.03874938563826705,0,0.3111111111111111,0.0
imbalance_60_40,1004,weighted_tree_bootstrap,single_tree,0.7533333333333333,0.1811111111111111,2.994303091694019,22.4,0.03944754786550452,0,0.6444444444444445,0.0
imbalance_60_40,1004,relative_frequency_tree_subsample,single_tree,0.7429166666666667,0.2163888888888889,2.6569025831006003,19.5,0.0544005069005069,0,0.4,0.0
imbalance_60_40,1004,frequency_tree_subsample,single_tree,0.7416666666666667,0.21925925925925932,2.6992387499994948,19.9,0.04714015287544699,0,0.4,0.0
imbalance_60_40,1004,weighted_tree_subsample,single_tree,0.73625,0.22287037037037044,2.6611328290004166,17.5,0.04670580909744996,0,0.35555555555555557,0.0
linear_baseline,1000,cart,single_tree,0.8366666666666667,0.15851851851851856,0.0015389208958367818,18.8,0.031885106076282546,0,1.0,0.0
linear_baseline,1000,pruned_cart,single_tree,0.8322222222222223,0.14962962962962964,0.01524807090027025,14.4,0.03156565591376617,0,1.0,0.0
linear_baseline,1000,relative_frequency_tree_bootstrap,single_tree,0.8027777777777778,0.19938271604938274,1.121782154198445,17.3,0.040120470440387884,0,0.26666666666666666,0.0
linear_baseline,1000,frequency_tree_bootstrap,single_tree,0.8016666666666667,0.19765432098765434,1.1540450919041176,18.4,0.0401593444395302,0,0.26666666666666666,0.0
linear_baseline,1000,weighted_tree_bootstrap,single_tree,0.82,0.17703703703703705,1.1491681293977307,18.3,0.0553622755144943,0,0.3111111111111111,0.0
linear_baseline,1000,relative_frequency_tree_subsample,single_tree,0.825,0.16160493827160496,0.8781409712028108,17.3,0.03622367780520515,0,0.37777777777777777,0.0
linear_baseline,1000,frequency_tree_subsample,single_tree,0.825,0.16160493827160496,0.8982095337021747,17.1,0.03707155541778864,0,0.37777777777777777,0.0
linear_baseline,1000,weighted_tree_subsample,single_tree,0.8272222222222222,0.14975308641975307,0.9048386046037195,17.4,0.04049660664985742,0,0.37777777777777777,0.0
linear_baseline,1001,cart,single_tree,0.8794444444444445,0.0922222222222222,0.0014277374983066693,17.1,0.08318431775191103,0,1.0,0.0
linear_baseline,1001,pruned_cart,single_tree,0.8855555555555554,0.08641975308641978,0.015484091598773375,8.9,0.07716131486872278,0,1.0,0.0
linear_baseline,1001,relative_frequency_tree_bootstrap,single_tree,0.8655555555555556,0.11950617283950617,0.9180721417986206,15.8,0.0737301072775789,0,0.4,0.0
linear_baseline,1001,frequency_tree_bootstrap,single_tree,0.8655555555555556,0.11950617283950617,0.9142294209013926,15.8,0.0737301072775789,0,0.4,0.0
linear_baseline,1001,weighted_tree_bootstrap,single_tree,0.8761111111111111,0.11246913580246913,0.9152648875038721,16.8,0.08135788947944016,0,0.35555555555555557,0.0
linear_baseline,1001,relative_frequency_tree_subsample,single_tree,0.836111111111111,0.17098765432098764,0.6423372085977462,15.5,0.10325182299640503,0,0.4,0.0
linear_baseline,1001,frequency_tree_subsample,single_tree,0.836111111111111,0.17098765432098764,0.6412630542981788,15.3,0.10341026754081452,0,0.4,0.0
linear_baseline,1001,weighted_tree_subsample,single_tree,0.8416666666666666,0.16209876543209875,0.6439403085008962,15.3,0.111696372656125,0,0.26666666666666666,0.0
linear_baseline,1002,cart,single_tree,0.8999999999999998,0.07604938271604939,0.0012621708039660007,13.6,0.07867542924064663,0,1.0,0.0
linear_baseline,1002,pruned_cart,single_tree,0.9005555555555554,0.07592592592592592,0.013498487800825387,11.3,0.08126289519729642,0,1.0,0.0
linear_baseline,1002,relative_frequency_tree_bootstrap,single_tree,0.8527777777777776,0.1393827160493827,0.5228414708966739,13.3,0.08265777155612038,0,0.5333333333333333,0.0
linear_baseline,1002,frequency_tree_bootstrap,single_tree,0.8544444444444445,0.13925925925925925,0.5299037250966648,13.5,0.08720361328462464,0,0.5333333333333333,0.0
linear_baseline,1002,weighted_tree_bootstrap,single_tree,0.8827777777777778,0.08506172839506171,0.5284282669003005,13.4,0.07902885764237673,0,0.5333333333333333,0.0
linear_baseline,1002,relative_frequency_tree_subsample,single_tree,0.868888888888889,0.10592592592592591,0.43588242099940544,13.1,0.09365122169043738,0,0.6444444444444445,0.0
linear_baseline,1002,frequency_tree_subsample,single_tree,0.8711111111111112,0.10098765432098764,0.4318387293984415,12.7,0.08454764008685577,0,0.6444444444444445,0.0
linear_baseline,1002,weighted_tree_subsample,single_tree,0.8683333333333334,0.10160493827160495,0.43832544180186234,13.0,0.10465871093322075,0,0.8,0.0
linear_baseline,1003,cart,single_tree,0.7922222222222222,0.14444444444444443,0.001640912400034722,19.8,0.03645140495320119,0,0.4666666666666667,0.0
linear_baseline,1003,pruned_cart,single_tree,0.8138888888888889,0.1122222222222222,0.017190908499469516,7.5,0.09690027256693921,0,0.4666666666666667,0.0
linear_baseline,1003,relative_frequency_tree_bootstrap,single_tree,0.7522222222222222,0.2044444444444444,1.2382092957006534,16.9,0.039050644249302664,0,0.4666666666666667,0.0
linear_baseline,1003,frequency_tree_bootstrap,single_tree,0.7522222222222222,0.2044444444444444,1.2614557791035623,16.9,0.039050644249302664,0,0.4666666666666667,0.0
linear_baseline,1003,weighted_tree_bootstrap,single_tree,0.77,0.19358024691358022,1.2683705332034152,17.8,0.0323338058952094,0,0.5333333333333333,0.0
linear_baseline,1003,relative_frequency_tree_subsample,single_tree,0.7994444444444444,0.14777777777777779,1.1371774002007442,15.8,0.05660181226486697,0,0.4444444444444444,0.0
linear_baseline,1003,frequency_tree_subsample,single_tree,0.7927777777777778,0.1697530864197531,1.1394011583004613,14.8,0.057076150925480136,0,0.4444444444444444,0.0
linear_baseline,1003,weighted_tree_subsample,single_tree,0.8027777777777778,0.1324691358024691,1.1567204916034826,16.7,0.05851156822003055,0,0.4666666666666667,0.0
linear_baseline,1004,cart,single_tree,0.9033333333333331,0.10345679012345674,0.001555766601813957,16.3,0.05929480325723063,0,1.0,0.0
linear_baseline,1004,pruned_cart,single_tree,0.8944444444444443,0.0908641975308642,0.015553808299591765,9.5,0.07406756157755658,0,1.0,0.0
linear_baseline,1004,relative_frequency_tree_bootstrap,single_tree,0.8688888888888888,0.14271604938271606,0.8639895836982759,13.3,0.0787284170746503,0,0.8,0.0
linear_baseline,1004,frequency_tree_bootstrap,single_tree,0.8744444444444444,0.13037037037037041,0.8748685168975499,14.6,0.07063877022339354,0,0.8,0.0
linear_baseline,1004,weighted_tree_bootstrap,single_tree,0.8822222222222221,0.10617283950617282,0.8732580919982865,14.5,0.08047068578061983,0,0.8,0.0
linear_baseline,1004,relative_frequency_tree_subsample,single_tree,0.86,0.14987654320987653,0.7073034790053498,13.6,0.10678550752080164,0,0.4888888888888889,0.0
linear_baseline,1004,frequency_tree_subsample,single_tree,0.86,0.15530864197530864,0.7162875917027123,14.3,0.10553232533624689,0,0.4888888888888889,0.0
linear_baseline,1004,weighted_tree_subsample,single_tree,0.8738888888888889,0.12481481481481482,0.724394708206819,14.8,0.09378600702130115,0,0.4888888888888889,0.0
low_noise,1000,cart,single_tree,0.8816666666666666,0.12688888888888888,0.0016314293039613403,21.1,0.03844009732000872,0,0.6444444444444445,0.0
low_noise,1000,pruned_cart,single_tree,0.8783333333333333,0.13,0.017640995899273548,16.6,0.03723920376670742,0,0.6444444444444445,0.0
low_noise,1000,holdout_selected,single_tree,0.8783333333333333,0.14199999999999996,0.5708198499996797,18.3,0.005451739618406285,0,0.4666666666666667,0.0
low_noise,1000,holdout_common,single_tree,0.8563333333333333,0.1582962962962963,0.48827887099905637,16.4,0.0028688769414575866,0,0.4666666666666667,0.0
low_noise,1001,cart,single_tree,0.8286666666666667,0.1334814814814815,0.0016318833993864245,20.2,0.026009683089271284,0,1.0,0.0
low_noise,1001,pruned_cart,single_tree,0.8256666666666668,0.13740740740740742,0.01774204580433434,17.3,0.023591065589356017,0,1.0,0.0
low_noise,1001,holdout_selected,single_tree,0.8193333333333334,0.14874074074074073,0.626566337600525,19.0,0.0064135487664899425,0,1.0,0.0
low_noise,1001,holdout_common,single_tree,0.8046666666666666,0.12903703703703703,0.48247629149846033,16.0,0.002357436801881246,0,1.0,0.0
low_noise,1002,cart,single_tree,0.7470000000000001,0.18837037037037035,0.0015914375995635054,18.9,0.08193238167804134,0,1.0,0.0
low_noise,1002,pruned_cart,single_tree,0.751,0.1854074074074074,0.01737460820004344,16.9,0.09100081520273179,0,1.0,0.0
low_noise,1002,holdout_selected,single_tree,0.758,0.18385185185185185,0.5737198039991199,18.1,0.005896302718343548,0,0.6444444444444445,0.0
low_noise,1002,holdout_common,single_tree,0.7576666666666666,0.2274814814814815,0.5169863915987662,17.7,0.0015325670498084292,0,0.35555555555555557,0.0
low_noise,1003,cart,single_tree,0.8953333333333333,0.07140740740740742,0.0016085248993476854,20.5,0.06293199285777126,0,1.0,0.0
low_noise,1003,pruned_cart,single_tree,0.8883333333333333,0.045555555555555564,0.01684092490031617,12.5,0.07797917968347073,0,1.0,0.0
low_noise,1003,holdout_selected,single_tree,0.8876666666666667,0.09518518518518518,0.5700673376006307,18.2,0.006867238695195684,0,1.0,0.0
low_noise,1003,holdout_common,single_tree,0.8876666666666665,0.07696296296296297,0.4709733750016312,16.1,0.0029989711934156377,0,0.8,0.0
low_noise,1004,cart,single_tree,0.8480000000000001,0.1062222222222222,0.0016850414976943284,20.6,0.04801465543323698,0,1.0,0.0
low_noise,1004,pruned_cart,single_tree,0.8456666666666667,0.09859259259259259,0.018291249898902608,12.1,0.048361430226734795,0,1.0,0.0
low_noise,1004,holdout_selected,single_tree,0.8356666666666668,0.1231851851851852,0.6579185249996954,19.3,0.008557370125997577,0,1.0,0.0
low_noise,1004,holdout_common,single_tree,0.8496666666666666,0.09829629629629628,0.5176580625004135,16.6,0.002333541939276706,0,1.0,0.0
many_noise_features,1000,cart,single_tree,0.8327777777777777,0.17345679012345677,0.005056416599836666,17.5,0.03889795242686436,0,1.0,0.0
many_noise_features,1000,pruned_cart,single_tree,0.8277777777777778,0.18123456790123454,0.05083001259918092,10.8,0.05430697777283327,0,1.0,0.0
many_noise_features,1000,relative_frequency_tree_bootstrap,single_tree,0.806111111111111,0.24061728395061724,1.2747660168010042,16.5,0.03081191540943863,0,0.3111111111111111,0.0
many_noise_features,1000,frequency_tree_bootstrap,single_tree,0.8088888888888889,0.23728395061728388,1.3044990586015046,17.1,0.03220702901043458,0,0.3111111111111111,0.0
many_noise_features,1000,weighted_tree_bootstrap,single_tree,0.8422222222222222,0.1523456790123457,1.3080565501993988,17.6,0.039729344696141485,0,0.4444444444444444,0.0
many_noise_features,1000,relative_frequency_tree_subsample,single_tree,0.7966666666666666,0.24444444444444444,1.0981872662101524,17.3,0.04220368774290342,0,0.35555555555555557,0.0
many_noise_features,1000,frequency_tree_subsample,single_tree,0.7966666666666666,0.24395061728395062,1.0931811828093487,17.1,0.04197467020996433,0,0.35555555555555557,0.0
many_noise_features,1000,weighted_tree_subsample,single_tree,0.8205555555555556,0.18111111111111108,1.0926972662069603,17.3,0.04953003423591658,0,0.4,0.0
many_noise_features,1001,cart,single_tree,0.8077777777777777,0.16444444444444442,0.005242245802946854,18.8,0.05222980756741035,0,1.0,0.0
many_noise_features,1001,pruned_cart,single_tree,0.8194444444444444,0.11419753086419752,0.05092680810193997,8.2,0.11344093104962669,0,1.0,0.0
many_noise_features,1001,relative_frequency_tree_bootstrap,single_tree,0.7899999999999999,0.21333333333333337,1.5224631417018828,17.5,0.06268090698431256,0,0.4,0.0
many_noise_features,1001,frequency_tree_bootstrap,single_tree,0.7905555555555555,0.21790123456790128,1.538797420998162,17.8,0.06187494012313414,0,0.4,0.0
many_noise_features,1001,weighted_tree_bootstrap,single_tree,0.8027777777777778,0.1924691358024691,1.5442972375021782,19.4,0.059288045460702175,0,0.35555555555555557,0.0
many_noise_features,1001,relative_frequency_tree_subsample,single_tree,0.7988888888888889,0.17382716049382718,1.2544187375999172,17.1,0.1133808511749688,0,0.28888888888888886,0.0
many_noise_features,1001,frequency_tree_subsample,single_tree,0.7966666666666666,0.17407407407407408,1.2665022624016273,17.2,0.10916700354264852,0,0.28888888888888886,0.0
many_noise_features,1001,weighted_tree_subsample,single_tree,0.8066666666666666,0.17777777777777776,1.2818285334025858,18.3,0.09944216898035269,0,0.28888888888888886,0.0
many_noise_features,1002,cart,single_tree,0.8533333333333333,0.13432098765432102,0.00460707069869386,13.7,0.057521366627646814,0,1.0,0.0
many_noise_features,1002,pruned_cart,single_tree,0.8638888888888889,0.11197530864197529,0.04492379169969354,7.9,0.08645035460892239,0,1.0,0.0
many_noise_features,1002,relative_frequency_tree_bootstrap,single_tree,0.8605555555555556,0.09493827160493826,0.7621462665949366,13.4,0.05205890979144445,0,0.6444444444444445,0.0
many_noise_features,1002,frequency_tree_bootstrap,single_tree,0.8561111111111112,0.09740740740740737,0.7663522372968146,12.1,0.05225156801041846,0,0.6444444444444445,0.0
many_noise_features,1002,weighted_tree_bootstrap,single_tree,0.857777777777778,0.12074074074074076,0.7714201622991823,13.6,0.054531989248012044,0,0.6444444444444445,0.0
many_noise_features,1002,relative_frequency_tree_subsample,single_tree,0.8555555555555555,0.1271604938271605,0.6430404586018994,11.6,0.1191986716986717,0,0.4,0.0
many_noise_features,1002,frequency_tree_subsample,single_tree,0.8516666666666668,0.13370370370370374,0.6461979125975631,10.4,0.08987268903935572,0,0.4,0.0
many_noise_features,1002,weighted_tree_subsample,single_tree,0.8505555555555556,0.13592592592592595,0.6340107125972281,9.7,0.0942841508527783,0,0.4888888888888889,0.0
many_noise_features,1003,cart,single_tree,0.9033333333333333,0.10469135802469134,0.004697287600720301,14.5,0.06538947979544348,0,1.0,0.0
many_noise_features,1003,pruned_cart,single_tree,0.9216666666666666,0.07716049382716049,0.04602877050056122,7.4,0.11596600471729472,0,1.0,0.0
many_noise_features,1003,relative_frequency_tree_bootstrap,single_tree,0.9072222222222222,0.08604938271604938,0.8859850912980619,13.3,0.09108844400640068,0,0.4888888888888889,0.0
many_noise_features,1003,frequency_tree_bootstrap,single_tree,0.9088888888888889,0.08493827160493828,0.9000570701973629,13.9,0.08238554874777786,0,0.4888888888888889,0.0
many_noise_features,1003,weighted_tree_bootstrap,single_tree,0.9144444444444444,0.09604938271604936,0.8992679410948767,14.4,0.07599125810168121,0,0.6222222222222222,0.0
many_noise_features,1003,relative_frequency_tree_subsample,single_tree,0.9111111111111111,0.09160493827160493,0.7433420128014404,12.2,0.1328063603063603,0,0.4444444444444444,0.0
many_noise_features,1003,frequency_tree_subsample,single_tree,0.9111111111111111,0.09160493827160493,0.7456022290993133,12.2,0.1328063603063603,0,0.4444444444444444,0.0
many_noise_features,1003,weighted_tree_subsample,single_tree,0.9088888888888889,0.09432098765432097,0.7471946251040208,13.1,0.11323280110173815,0,0.4666666666666667,0.0
many_noise_features,1004,cart,single_tree,0.8466666666666667,0.13185185185185186,0.005660708398499992,17.2,0.041709618426350195,0,1.0,0.0
many_noise_features,1004,pruned_cart,single_tree,0.8722222222222223,0.07135802469135802,0.05482119990338106,6.7,0.10880574963063132,0,1.0,0.0
many_noise_features,1004,relative_frequency_tree_bootstrap,single_tree,0.865,0.0919753086419753,1.1789344625009108,15.1,0.05584499101784963,0,0.28888888888888886,0.0
many_noise_features,1004,frequency_tree_bootstrap,single_tree,0.8644444444444443,0.09308641975308643,1.1919795959009207,15.3,0.0545470819983989,0,0.28888888888888886,0.0
many_noise_features,1004,weighted_tree_bootstrap,single_tree,0.8761111111111111,0.08950617283950617,1.1970053873970756,16.5,0.05602265398527794,0,0.6222222222222222,0.0
many_noise_features,1004,relative_frequency_tree_subsample,single_tree,0.8688888888888888,0.08444444444444445,1.0872749498943448,15.1,0.08358880169251688,0,0.4666666666666667,0.0
many_noise_features,1004,frequency_tree_subsample,single_tree,0.8677777777777778,0.0871604938271605,1.0901930457956042,14.7,0.07928048425984441,0,0.4666666666666667,0.0
many_noise_features,1004,weighted_tree_subsample,single_tree,0.8794444444444445,0.07962962962962963,1.0825752082935651,14.1,0.08865824577898881,0,0.4666666666666667,0.0
moderate_noise,1000,cart,single_tree,0.7136666666666666,0.22348148148148148,0.0017553583005792462,21.8,0.027302192024057665,0,0.37777777777777777,0.0
moderate_noise,1000,pruned_cart,single_tree,0.7253333333333334,0.1875555555555556,0.01916957499779528,8.9,0.031747341638982504,0,0.37777777777777777,0.0
moderate_noise,1000,holdout_selected,single_tree,0.7233333333333333,0.22488888888888892,0.8072330082999543,24.2,0.0019449324159469088,0,0.4666666666666667,0.0
moderate_noise,1000,holdout_common,single_tree,0.7209999999999999,0.1914814814814815,0.7578204876001109,24.7,0.0023318056071679263,0,0.4444444444444444,0.0
moderate_noise,1001,cart,single_tree,0.7893333333333333,0.10903703703703703,0.0017428291015676224,20.8,0.045201487563306476,0,0.4666666666666667,0.0
moderate_noise,1001,pruned_cart,single_tree,0.7866666666666667,0.10044444444444442,0.019158312398940325,9.3,0.04085199130382421,0,0.4666666666666667,0.0
moderate_noise,1001,holdout_selected,single_tree,0.7979999999999999,0.13866666666666666,0.6971882792990073,20.5,0.008300081740389827,0,0.4666666666666667,0.0
moderate_noise,1001,holdout_common,single_tree,0.7853333333333333,0.11866666666666667,0.5649190333977459,18.1,0.005262050948325459,0,0.4666666666666667,0.0
moderate_noise,1002,cart,single_tree,0.7636666666666666,0.21192592592592593,0.0017122627032222226,21.5,0.04240611782157791,0,1.0,0.0
moderate_noise,1002,pruned_cart,single_tree,0.7546666666666665,0.1808888888888889,0.018672804103698582,9.2,0.059746719836974625,0,1.0,0.0
moderate_noise,1002,holdout_selected,single_tree,0.7616666666666666,0.22570370370370374,0.7461775957999635,22.6,0.005308941704290541,0,0.35555555555555557,0.0
moderate_noise,1002,holdout_common,single_tree,0.7596666666666667,0.22185185185185188,0.5967003542013117,19.2,0.0017402017402017402,0,0.4666666666666667,0.0
moderate_noise,1003,cart,single_tree,0.7436666666666667,0.19074074074074077,0.0017339624988380819,24.7,0.03378815329605512,0,1.0,0.0
moderate_noise,1003,pruned_cart,single_tree,0.7633333333333333,0.13688888888888887,0.019403637497453018,10.5,0.029537695132573132,0,1.0,0.0
moderate_noise,1003,holdout_selected,single_tree,0.7423333333333334,0.22274074074074074,0.7591934998024954,21.9,0.0049302193012077476,0,0.6222222222222222,0.0
moderate_noise,1003,holdout_common,single_tree,0.7383333333333334,0.20970370370370373,0.6249191502007306,18.4,0.0013083213083213082,0,0.6222222222222222,0.0
moderate_noise,1004,cart,single_tree,0.7856666666666667,0.14970370370370367,0.0018796916003338993,21.1,0.03845775770025058,0,1.0,0.0
moderate_noise,1004,pruned_cart,single_tree,0.7836666666666667,0.1217037037037037,0.019813712500035763,8.3,0.04536916903100478,0,1.0,0.0
moderate_noise,1004,holdout_selected,single_tree,0.78,0.17644444444444446,0.7455933914985508,21.4,0.003370893456572771,0,1.0,0.0
moderate_noise,1004,holdout_common,single_tree,0.7883333333333333,0.15518518518518518,0.5963442252003006,18.4,0.004086324982909424,0,1.0,0.0
small_sample,1000,cart,single_tree,0.8216666666666667,0.13148148148148153,0.000707641601911746,8.5,0.08630536130536132,0,1.0,0.0
small_sample,1000,pruned_cart,single_tree,0.8183333333333334,0.1366666666666667,0.008319741697050631,7.8,0.09136234136234136,0,1.0,0.0
small_sample,1000,relative_frequency_tree_bootstrap,single_tree,0.8233333333333333,0.12148148148148148,0.22633382519707085,9.9,0.042382000715334045,0,1.0,0.0
small_sample,1000,frequency_tree_bootstrap,single_tree,0.825,0.10555555555555557,0.22593899970088388,8.4,0.02513642494034651,0,1.0,0.0
small_sample,1000,weighted_tree_bootstrap,single_tree,0.8316666666666667,0.15074074074074076,0.2270080418951693,8.9,0.026953904368765047,0,1.0,0.0
small_sample,1000,relative_frequency_tree_subsample,single_tree,0.8299999999999998,0.10962962962962962,0.1845992043003207,8.1,0.08550178216844885,0,0.8,0.0
small_sample,1000,frequency_tree_subsample,single_tree,0.8233333333333333,0.13333333333333336,0.1849988709014724,8.7,0.08675263008596341,0,0.8,0.0
small_sample,1000,weighted_tree_subsample,single_tree,0.8150000000000001,0.13592592592592595,0.1837699377007084,8.0,0.08951579284912621,0,0.8,0.0
small_sample,1001,cart,single_tree,0.8366666666666667,0.17185185185185187,0.0006859788991278037,8.6,0.056992821992822004,0,1.0,0.0
small_sample,1001,pruned_cart,single_tree,0.8366666666666667,0.17185185185185187,0.008249600196722894,8.6,0.056992821992822004,0,1.0,0.0
small_sample,1001,relative_frequency_tree_bootstrap,single_tree,0.8516666666666666,0.13518518518518519,0.25862241229770006,11.1,0.05191882191882191,0,0.4444444444444444,0.0
small_sample,1001,frequency_tree_bootstrap,single_tree,0.8516666666666666,0.13296296296296295,0.25865000809571936,10.7,0.0466658958325625,0,0.4444444444444444,0.0
small_sample,1001,weighted_tree_bootstrap,single_tree,0.8099999999999999,0.19481481481481483,0.254880978995061,8.9,0.05098916515583182,0,0.6222222222222222,0.1
small_sample,1001,relative_frequency_tree_subsample,single_tree,0.825,0.14925925925925929,0.20220547080243706,9.1,0.0928607195273862,0,0.4666666666666667,0.0
small_sample,1001,frequency_tree_subsample,single_tree,0.7883333333333333,0.20481481481481478,0.199591483300901,7.1,0.05378035544702211,0,0.4,0.1
small_sample,1001,weighted_tree_subsample,single_tree,0.7883333333333333,0.21,0.20333920430130092,8.0,0.06903614903614903,0,0.35555555555555557,0.1
small_sample,1002,cart,single_tree,0.7383333333333333,0.1388888888888889,0.0007754540973110124,10.5,0.09051908092671766,0,1.0,0.0
small_sample,1002,pruned_cart,single_tree,0.74,0.12888888888888891,0.008581845799926668,9.4,0.10444381909036193,0,1.0,0.0
small_sample,1002,relative_frequency_tree_bootstrap,single_tree,0.8049999999999999,0.14111111111111113,0.3499088958968059,12.3,0.07895154228487562,0,0.5333333333333333,0.0
small_sample,1002,frequency_tree_bootstrap,single_tree,0.8066666666666666,0.14296296296296299,0.358624741800304,13.3,0.0728978428978429,0,0.5333333333333333,0.0
small_sample,1002,weighted_tree_bootstrap,single_tree,0.8,0.15777777777777782,0.35741197129973445,12.8,0.0656392731031534,0,0.5333333333333333,0.0
small_sample,1002,relative_frequency_tree_subsample,single_tree,0.7933333333333332,0.09555555555555555,0.28924857490346767,10.4,0.10173336467454114,0,0.4666666666666667,0.0
small_sample,1002,frequency_tree_subsample,single_tree,0.7916666666666666,0.11518518518518521,0.29490176270192026,11.1,0.12494222371673352,0,0.4666666666666667,0.0
small_sample,1002,weighted_tree_subsample,single_tree,0.7933333333333333,0.1103703703703704,0.28986743330024184,10.2,0.11911473602650072,0,0.4666666666666667,0.0
small_sample,1003,cart,single_tree,0.9216666666666666,0.07444444444444444,0.0007178457992267795,6.8,0.03894500561167228,0,1.0,0.0
small_sample,1003,pruned_cart,single_tree,0.9216666666666666,0.07444444444444444,0.008515095699112862,6.8,0.03894500561167228,0,1.0,0.0
small_sample,1003,relative_frequency_tree_bootstrap,single_tree,0.9233333333333335,0.07333333333333333,0.1781176414966467,8.8,0.07306656306656306,0,0.6444444444444445,0.0
small_sample,1003,frequency_tree_bootstrap,single_tree,0.9216666666666666,0.07518518518518519,0.17693496669671732,8.3,0.06849866183199516,0,0.6444444444444445,0.0
small_sample,1003,weighted_tree_bootstrap,single_tree,0.9383333333333332,0.055185185185185184,0.17586945430084597,7.5,0.07311059311059312,0,1.0,0.0
small_sample,1003,relative_frequency_tree_subsample,single_tree,0.925,0.07444444444444445,0.14433724159898703,8.5,0.07135716135716136,0,0.4444444444444444,0.0
small_sample,1003,frequency_tree_subsample,single_tree,0.9183333333333333,0.07962962962962962,0.14320562099892414,7.9,0.0690737657404324,0,0.4444444444444444,0.0
small_sample,1003,weighted_tree_subsample,single_tree,0.9199999999999999,0.07629629629629629,0.14248554179794154,7.9,0.07890862224195558,0,0.6444444444444445,0.0
small_sample,1004,cart,single_tree,0.8483333333333333,0.13814814814814816,0.000826970799244009,9.6,0.09380497498144558,0,1.0,0.0
small_sample,1004,pruned_cart,single_tree,0.8566666666666667,0.1451851851851852,0.010218366600747686,8.6,0.11183787164179321,0,1.0,0.0
small_sample,1004,relative_frequency_tree_bootstrap,single_tree,0.8833333333333332,0.07259259259259258,0.31867576659860786,9.3,0.1043553360220027,0,0.6444444444444445,0.0
small_sample,1004,frequency_tree_bootstrap,single_tree,0.8416666666666668,0.17,0.31791673749976324,8.4,0.09338168004834671,0,0.6222222222222222,0.1
small_sample,1004,weighted_tree_bootstrap,single_tree,0.85,0.15925925925925927,0.31492405390163186,7.9,0.07875575042241709,0,0.6222222222222222,0.1
small_sample,1004,relative_frequency_tree_subsample,single_tree,0.8816666666666666,0.07592592592592594,0.25605621639988385,9.0,0.16243885743885744,0,0.6222222222222222,0.0
small_sample,1004,frequency_tree_subsample,single_tree,0.8466666666666667,0.15407407407407406,0.25343921249586854,7.7,0.12735554568887902,0,0.6222222222222222,0.0
small_sample,1004,weighted_tree_subsample,single_tree,0.8466666666666667,0.15407407407407406,0.2538523665949469,7.2,0.12792953959620626,0,0.6222222222222222,0.0
sparse_highd,1000,cart,single_tree,0.755,0.2122222222222222,0.3660268456995254,19.8,0.03722344267424687,0,1.0,0.0
sparse_highd,1000,pruned_cart,single_tree,0.81375,0.05675925925925925,3.725817166600609,4.7,0.1402116402116402,0,1.0,0.0
sparse_highd,1000,relative_frequency_tree_bootstrap,single_tree,0.7849999999999999,0.16666666666666666,25.82548206659849,14.6,0.028232186563612954,0,0.5333333333333333,0.0
sparse_highd,1000,frequency_tree_bootstrap,single_tree,0.7916666666666667,0.1537037037037037,26.070575275001467,20.2,0.02633612510872797,0,0.5333333333333333,0.0
sparse_highd,1000,weighted_tree_bootstrap,single_tree,0.7991666666666666,0.12166666666666665,26.09549617479497,20.6,0.024936861449271912,0,0.6444444444444445,0.0
sparse_highd,1000,relative_frequency_tree_subsample,single_tree,0.80375,0.10305555555555558,22.706233645502653,17.2,0.0735593291965841,0,0.5333333333333333,0.0
sparse_highd,1000,frequency_tree_subsample,single_tree,0.7858333333333333,0.17925925925925928,23.004680274802375,17.6,0.06279557407008386,0,0.5333333333333333,0.0
sparse_highd,1000,weighted_tree_subsample,single_tree,0.80375,0.10046296296296298,23.000010124698747,19.4,0.06262802556920205,0,0.5333333333333333,0.0
sparse_highd,1001,cart,single_tree,0.6616666666666667,0.35055555555555556,0.42984427499759476,21.8,0.012907464189021743,0,0.4888888888888889,0.0
sparse_highd,1001,pruned_cart,single_tree,0.6908333333333333,0.21462962962962967,4.067578033301106,5.8,0.04777857944524611,0,0.4888888888888889,0.0
sparse_highd,1001,relative_frequency_tree_bootstrap,single_tree,0.6841666666666666,0.26907407407407413,31.293579224201675,19.4,0.020403914779559773,0,0.28888888888888886,0.0
sparse_highd,1001,frequency_tree_bootstrap,single_tree,0.6812499999999999,0.2775,31.593165641097585,23.6,0.01586515982318468,0,0.28888888888888886,0.0
sparse_highd,1001,weighted_tree_bootstrap,single_tree,0.7033333333333334,0.30666666666666664,31.616329757598578,24.3,0.016855370897974693,0,0.28888888888888886,0.0
sparse_highd,1001,relative_frequency_tree_subsample,single_tree,0.72,0.2088888888888889,31.523180733203482,22.0,0.05962821129487798,0,0.4444444444444444,0.0
sparse_highd,1001,frequency_tree_subsample,single_tree,0.7162499999999999,0.1973148148148148,32.176924212403534,24.5,0.04796473860199352,0,0.4444444444444444,0.0
sparse_highd,1001,weighted_tree_subsample,single_tree,0.7150000000000001,0.21611111111111111,32.16552522040293,24.5,0.04229534426626902,0,0.4444444444444444,0.0
sparse_highd,1002,cart,single_tree,0.6758333333333332,0.3374074074074074,0.4131443752004998,21.2,0.007115514881472328,0,1.0,0.0
sparse_highd,1002,pruned_cart,single_tree,0.7350000000000001,0.22777777777777777,4.047182904098008,4.9,0.018447971781305115,0,1.0,0.0
sparse_highd,1002,relative_frequency_tree_bootstrap,single_tree,0.7258333333333333,0.2453703703703704,30.848500470796715,17.8,0.02050641624171036,0,0.28888888888888886,0.0
sparse_highd,1002,frequency_tree_bootstrap,single_tree,0.7220833333333333,0.24750000000000003,31.249658787400403,21.2,0.015280499227867648,0,0.28888888888888886,0.0
sparse_highd,1002,weighted_tree_bootstrap,single_tree,0.7279166666666665,0.24620370370370365,31.283302070896024,23.0,0.014275967757308935,0,0.5333333333333333,0.0
sparse_highd,1002,relative_frequency_tree_subsample,single_tree,0.73875,0.23064814814814813,27.92363234140357,18.5,0.03564342606138272,0,0.35555555555555557,0.0
sparse_highd,1002,frequency_tree_subsample,single_tree,0.7375,0.2427777777777778,28.178801403897523,19.1,0.028459569612820385,0,0.35555555555555557,0.0
sparse_highd,1002,weighted_tree_subsample,single_tree,0.7341666666666666,0.26555555555555554,28.313769366499038,20.9,0.03345846899577775,0,0.35555555555555557,0.0
sparse_highd,1003,cart,single_tree,0.7150000000000001,0.315,0.43409840840031394,20.3,0.009848897196678415,0,0.8,0.0
sparse_highd,1003,pruned_cart,single_tree,0.7437499999999999,0.17953703703703702,4.322402171000431,5.8,0.028236331569664902,0,0.8,0.0
sparse_highd,1003,relative_frequency_tree_bootstrap,single_tree,0.71625,0.2750925925925926,30.833329579400015,21.7,0.01930696327564457,0,0.2222222222222222,0.0
sparse_highd,1003,frequency_tree_bootstrap,single_tree,0.7170833333333333,0.27342592592592596,31.084161975301686,22.0,0.02019995010000394,0,0.2222222222222222,0.0
sparse_highd,1003,weighted_tree_bootstrap,single_tree,0.76125,0.21916666666666668,31.145472783701553,21.7,0.01972380498001021,0,0.28888888888888886,0.0
sparse_highd,1003,relative_frequency_tree_subsample,single_tree,0.7604166666666667,0.1871296296296297,25.97978332490311,20.5,0.031125475831358183,0,0.4,0.0
sparse_highd,1003,frequency_tree_subsample,single_tree,0.7654166666666666,0.18138888888888893,26.353376920802113,22.3,0.036765783236371474,0,0.4,0.0
sparse_highd,1003,weighted_tree_subsample,single_tree,0.7729166666666666,0.20101851851851854,26.359593433403642,22.5,0.03408189397387136,0,0.4,0.0
sparse_highd,1004,cart,single_tree,0.6604166666666667,0.32305555555555554,0.6138009959977353,20.9,0.023664994860054137,0,1.0,0.0
sparse_highd,1004,pruned_cart,single_tree,0.71375,0.13842592592592592,6.423586279101437,4.9,0.11079365079365079,0,1.0,0.0
sparse_highd,1004,relative_frequency_tree_bootstrap,single_tree,0.6799999999999999,0.2735185185185185,45.04944590000232,19.0,0.0061111111111111106,0,0.8,0.0
sparse_highd,1004,frequency_tree_bootstrap,single_tree,0.6812499999999999,0.2760185185185185,45.49442753350013,21.0,0.005216049382716049,0,0.8,0.0
sparse_highd,1004,weighted_tree_bootstrap,single_tree,0.7004166666666667,0.3080555555555555,45.68124334579916,21.2,0.008356683841647243,0,0.8,0.0
sparse_highd,1004,relative_frequency_tree_subsample,single_tree,0.6954166666666668,0.21916666666666668,39.101554808398944,17.5,0.06573019573019573,0,0.4666666666666667,0.0
sparse_highd,1004,frequency_tree_subsample,single_tree,0.6929166666666668,0.2200925925925926,39.50388225850183,13.9,0.05038412882840127,0,0.4666666666666667,0.0
sparse_highd,1004,weighted_tree_subsample,single_tree,0.7054166666666667,0.2123148148148148,39.470153999999454,14.1,0.04232391648026323,0,0.4666666666666667,0.0
very_heavy_noise,1000,cart,single_tree,0.6993333333333334,0.15125925925925926,0.001945008200709708,19.7,0.031844190851197635,0,1.0,0.0
very_heavy_noise,1000,pruned_cart,single_tree,0.724,0.04503703703703704,0.021204204202513212,2.9,0.0874074074074074,0,1.0,0.0
very_heavy_noise,1000,holdout_selected,single_tree,0.6923333333333332,0.159037037037037,0.7515145249955821,20.3,0.0005847953216374269,0,1.0,0.0
very_heavy_noise,1000,holdout_common,single_tree,0.696,0.11496296296296295,0.6584328998011187,19.2,0.0013580246913580246,0,1.0,0.0
very_heavy_noise,1001,cart,single_tree,0.6829999999999999,0.19162962962962965,0.0017990041000302882,24.5,0.025332068938624507,0,1.0,0.0
very_heavy_noise,1001,pruned_cart,single_tree,0.7343333333333333,0.04111111111111111,0.01995113730081357,2.4,0.13777777777777775,0,1.0,0.0
very_heavy_noise,1001,holdout_selected,single_tree,0.71,0.15614814814814815,0.8240285832973313,23.1,0.0035649439002994774,0,1.0,0.0
very_heavy_noise,1001,holdout_common,single_tree,0.7190000000000001,0.11518518518518517,0.6611603331009974,19.5,0.0056212613037074565,0,1.0,0.0
very_heavy_noise,1002,cart,single_tree,0.6806666666666666,0.2111111111111111,0.0018734875004156493,24.7,0.015067517093836224,0,1.0,0.0
very_heavy_noise,1002,pruned_cart,single_tree,0.717,0.007333333333333332,0.02016295000066748,2.0,0.24444444444444444,0,1.0,0.0
very_heavy_noise,1002,holdout_selected,single_tree,0.7013333333333334,0.17614814814814814,0.885165195800073,24.8,0.002438819275081995,0,1.0,0.0
very_heavy_noise,1002,holdout_common,single_tree,0.6900000000000001,0.16770370370370372,0.6908784289989853,20.7,0.005360364890488649,0,1.0,0.0
very_heavy_noise,1003,cart,single_tree,0.744,0.11066666666666668,0.0018189414986409247,20.3,0.028327328760726304,0,1.0,0.0
very_heavy_noise,1003,pruned_cart,single_tree,0.7783333333333333,0.03948148148148148,0.020020212601230013,2.5,0.08333333333333333,0,1.0,0.0
very_heavy_noise,1003,holdout_selected,single_tree,0.7616666666666666,0.07814814814814816,0.7721354624038212,21.4,0.002709636042969376,0,1.0,0.0
very_heavy_noise,1003,holdout_common,single_tree,0.758,0.08918518518518519,0.6082624456990743,17.5,0.0029989711934156377,0,1.0,0.0
very_heavy_noise,1004,cart,single_tree,0.694,0.1628148148148148,0.0018499334022635595,19.7,0.030075394697427725,0,1.0,0.0
very_heavy_noise,1004,pruned_cart,single_tree,0.779,0.026444444444444454,0.020500508397526575,2.1,0.26666666666666666,0,1.0,0.0
very_heavy_noise,1004,holdout_selected,single_tree,0.7366666666666667,0.13777777777777778,0.7645569876025547,21.0,0.0006349206349206349,0,1.0,0.0
very_heavy_noise,1004,holdout_common,single_tree,0.7193333333333334,0.128,0.6551130794003257,19.4,0.003105009771676438,0,1.0,0.0
wine,1000,cart,single_tree,0.9185185185185185,0.10534979423868313,0.00048509169864701106,4.9,0.0630246913580247,0,0.6444444444444445,0.0
wine,1000,pruned_cart,single_tree,0.9185185185185185,0.10534979423868313,0.006484070800070185,4.9,0.0630246913580247,0,0.6444444444444445,0.0
wine,1000,holdout_selected,single_tree,0.937037037037037,0.07489711934156379,0.12338515840092441,4.4,0.0437037037037037,0,0.8,0.0
wine,1000,holdout_common,single_tree,0.9,0.1296296296296296,0.1102940874028718,4.3,0.0,0,0.37777777777777777,0.0
wine,1001,cart,single_tree,0.8425925925925926,0.2016460905349794,0.0005047582992119715,5.7,0.04364197530864198,0,0.35555555555555557,0.0
wine,1001,pruned_cart,single_tree,0.8425925925925926,0.2016460905349794,0.006550829201296437,5.7,0.04364197530864198,0,0.35555555555555557,0.0
wine,1001,holdout_selected,single_tree,0.8703703703703705,0.18888888888888888,0.1268863835008233,4.5,0.01714285714285714,0,0.35555555555555557,0.0
wine,1001,holdout_common,single_tree,0.8537037037037036,0.21152263374485594,0.11851266259909607,4.7,0.015555555555555555,0,0.4,0.0
wine,1002,cart,single_tree,0.8666666666666666,0.15679012345679008,0.0005129625991685316,5.1,0.024717813051146384,0,0.35555555555555557,0.0
wine,1002,pruned_cart,single_tree,0.8666666666666666,0.15679012345679008,0.006496791400422808,5.1,0.024717813051146384,0,0.35555555555555557,0.0
wine,1002,holdout_selected,single_tree,0.874074074074074,0.1551440329218107,0.12912388330296382,4.4,0.018941798941798944,0,0.28888888888888886,0.0
wine,1002,holdout_common,single_tree,0.85,0.18765432098765428,0.12257969569909619,4.8,0.007619047619047619,0,0.35555555555555557,0.0
wine,1003,cart,single_tree,0.8018518518518519,0.2185185185185185,0.0005179413972655311,5.7,0.030599647266313933,0,0.4444444444444444,0.0
wine,1003,pruned_cart,single_tree,0.8018518518518519,0.2185185185185185,0.007218200001807418,5.7,0.030599647266313933,0,0.4444444444444444,0.0
wine,1003,holdout_selected,single_tree,0.8111111111111111,0.2168724279835391,0.14332712089963023,4.8,0.0068783068783068784,0,0.4666666666666667,0.0
wine,1003,holdout_common,single_tree,0.8166666666666667,0.2111111111111111,0.12707617929991102,4.5,0.00814814814814815,0,0.4444444444444444,0.0
wine,1004,cart,single_tree,0.9166666666666667,0.06872427983539095,0.0005446870956802741,4.4,0.18243386243386242,0,0.8,0.0
wine,1004,pruned_cart,single_tree,0.9166666666666667,0.06872427983539095,0.006737362599233165,4.4,0.18243386243386242,0,0.8,0.0
wine,1004,holdout_selected,single_tree,0.9037037037037038,0.13662551440329218,0.14960825840098552,4.5,0.03470899470899471,0,0.26666666666666666,0.0
wine,1004,holdout_common,single_tree,0.8481481481481481,0.20041152263374482,0.1422999540969613,4.9,0.0,0,0.4666666666666667,0.0
xor,1000,cart,single_tree,0.5233333333333333,0.4474074074074073,0.004793820597114973,17.5,0.005799941794565452,0,0.08888888888888889,0.0
xor,1000,pruned_cart,single_tree,0.505,0.4211111111111111,0.1494714040964027,11.5,0.0033695085778419113,3,0.1111111111111111,0.3
xor,1000,relative_frequency_tree_bootstrap,single_tree,0.5638888888888889,0.4702469135802469,14.477247629400518,18.4,0.006460010735373054,0,0.1111111111111111,0.0
xor,1000,frequency_tree_bootstrap,single_tree,0.5683333333333334,0.4709876543209877,14.65680552520207,18.9,0.0059153484260048616,0,0.1111111111111111,0.0
xor,1000,weighted_tree_bootstrap,single_tree,0.6288888888888888,0.46098765432098765,14.50769591260032,17.1,0.006619359828338156,0,0.044444444444444446,0.1
xor,1000,relative_frequency_tree_subsample,single_tree,0.5744444444444444,0.4753086419753086,11.82023567060096,18.3,0.010816498316498316,0,0.022222222222222223,0.0
xor,1000,frequency_tree_subsample,single_tree,0.5888888888888888,0.46666666666666656,11.836649724905147,15.5,0.010795454545454546,1,0.044444444444444446,0.2
xor,1000,weighted_tree_subsample,single_tree,0.5488888888888888,0.4407407407407407,11.997010116300952,17.5,0.00987694404361071,0,0.044444444444444446,0.0
xor,1001,cart,single_tree,0.6455555555555554,0.44518518518518513,0.01553894990356639,13.5,0.011921819720910371,0,0.2222222222222222,0.0
xor,1001,pruned_cart,single_tree,0.6449999999999999,0.4435802469135803,0.15634849180205493,7.5,0.009082582308285634,3,0.2222222222222222,0.3
xor,1001,relative_frequency_tree_bootstrap,single_tree,0.7444444444444444,0.38592592592592595,13.466027812493849,14.1,0.01644620811287478,0,0.13333333333333333,0.0
xor,1001,frequency_tree_bootstrap,single_tree,0.7461111111111112,0.38506172839506175,13.539712258498184,14.3,0.01624779541446208,0,0.13333333333333333,0.0
xor,1001,weighted_tree_bootstrap,single_tree,0.7283333333333333,0.3927160493827161,13.626664658394294,15.7,0.01611379132276965,0,0.17777777777777778,0.0
xor,1001,relative_frequency_tree_subsample,single_tree,0.6955555555555556,0.3977777777777779,9.38219409170124,12.7,0.010996719330052663,0,0.28888888888888886,0.0
xor,1001,frequency_tree_subsample,single_tree,0.7005555555555555,0.4095061728395063,9.750752658098644,14.1,0.00939097939097939,0,0.28888888888888886,0.0
xor,1001,weighted_tree_subsample,single_tree,0.6477777777777778,0.4207407407407407,9.720918537401303,12.8,0.012628584197211648,0,0.28888888888888886,0.0
xor,1002,cart,single_tree,0.7538888888888889,0.33419753086419757,0.007272466699942015,13.1,0.03577823380318906,0,0.35555555555555557,0.0
xor,1002,pruned_cart,single_tree,0.7472222222222222,0.3312345679012346,0.14889443760184803,10.7,0.03848661176842586,0,0.35555555555555557,0.0
xor,1002,relative_frequency_tree_bootstrap,single_tree,0.6566666666666667,0.43209876543209874,12.9263632666989,14.9,0.00877730294396961,0,0.13333333333333333,0.0
xor,1002,frequency_tree_bootstrap,single_tree,0.6572222222222222,0.43740740740740736,13.044106467095844,14.1,0.0072958214624881295,0,0.13333333333333333,0.1
xor,1002,weighted_tree_bootstrap,single_tree,0.7222222222222223,0.38543209876543205,13.18654958329862,16.6,0.007659616503606272,0,0.06666666666666667,0.0
xor,1002,relative_frequency_tree_subsample,single_tree,0.7883333333333333,0.32333333333333325,8.219241504101955,11.3,0.024392499294460076,0,0.17777777777777778,0.0
xor,1002,frequency_tree_subsample,single_tree,0.7883333333333333,0.32333333333333325,8.380056696003885,11.3,0.024392499294460076,0,0.17777777777777778,0.0
xor,1002,weighted_tree_subsample,single_tree,0.7427777777777778,0.3783950617283951,8.302805366904067,9.1,0.02916170249503583,0,0.13333333333333333,0.1
xor,1003,cart,single_tree,0.7977777777777777,0.31037037037037035,0.008788100101810414,11.1,0.03395633052495797,0,0.26666666666666666,0.0
xor,1003,pruned_cart,single_tree,0.7972222222222223,0.29790123456790124,0.15369079170486658,8.0,0.0475019425019425,0,0.26666666666666666,0.0
xor,1003,relative_frequency_tree_bootstrap,single_tree,0.9783333333333333,0.03814814814814815,10.463599254301517,8.4,0.036459034792368124,0,0.4666666666666667,0.0
xor,1003,frequency_tree_bootstrap,single_tree,0.9783333333333333,0.03814814814814815,10.453613912400034,8.4,0.036459034792368124,0,0.4666666666666667,0.0
xor,1003,weighted_tree_bootstrap,single_tree,0.9838888888888888,0.0262962962962963,10.397962650295813,7.2,0.06266634599967932,0,0.35555555555555557,0.0
xor,1003,relative_frequency_tree_subsample,single_tree,0.9016666666666667,0.16506172839506172,6.65601287909958,9.7,0.04561265894599228,0,0.26666666666666666,0.0
xor,1003,frequency_tree_subsample,single_tree,0.8544444444444446,0.2404938271604938,6.656526379201386,9.4,0.044501547834881174,0,0.26666666666666666,0.0
xor,1003,weighted_tree_subsample,single_tree,0.8483333333333334,0.2529629629629629,6.651393691399425,10.1,0.043703950370617035,0,0.2222222222222222,0.0
xor,1004,cart,single_tree,0.49111111111111116,0.44987654320987647,0.007237849904049654,18.3,0.00065359477124183,0,0.13333333333333333,0.0
xor,1004,pruned_cart,single_tree,0.5199999999999999,0.2775308641975309,0.21586491240159375,7.4,0.0,10,0.24444444444444444,0.5
xor,1004,relative_frequency_tree_bootstrap,single_tree,0.6322222222222222,0.4466666666666667,21.49102227539988,16.3,0.00332739156268568,0,0.08888888888888889,0.0
xor,1004,frequency_tree_bootstrap,single_tree,0.5761111111111111,0.4151851851851852,21.345890858404164,13.3,0.0035650623885918,3,0.1111111111111111,0.3
xor,1004,weighted_tree_bootstrap,single_tree,0.5644444444444444,0.3782716049382716,21.335535566804175,12.4,0.00291005291005291,3,0.13333333333333333,0.3
xor,1004,relative_frequency_tree_subsample,single_tree,0.7133333333333333,0.39432098765432105,15.864585679500305,14.1,0.0049002849002849,0,0.13333333333333333,0.0
xor,1004,frequency_tree_subsample,single_tree,0.6238888888888889,0.40037037037037043,15.900781854699016,10.3,0.0034188034188034184,3,0.13333333333333333,0.3
xor,1004,weighted_tree_subsample,single_tree,0.5411111111111111,0.3604938271604939,15.71506818350026,8.8,0.0034722222222222216,3,0.08888888888888889,0.3
