features,pool_size,repetitions,accuracy,monte_carlo_se,cart_accuracy,lookahead_accuracy,signal_support,noise_support,support_gap,mean_signal_support,mean_noise_support,risk_upper_bound
3,1,2000,0.86125,0.0044940869104390145,0.8333333333333333,1.0,0.9166666666666666,0.3333333333333333,0.5833333333333333,0.91975,0.336,0.5
3,5,2000,0.9710833333333333,0.002212100283905603,0.8333333333333333,1.0,0.9166666666666666,0.3333333333333333,0.5833333333333333,0.9183500000000001,0.3269000000000001,0.42711821906099484
3,20,2000,1.0,0.0,0.8333333333333333,1.0,0.9166666666666666,0.3333333333333333,0.5833333333333333,0.9181374999999999,0.329,0.03328069506842332
3,100,2000,1.0,0.0,0.8333333333333333,1.0,0.9166666666666666,0.3333333333333333,0.5833333333333333,0.91623,0.33359,4.082836041142518e-08
3,500,2000,1.0,0.0,0.8333333333333333,1.0,0.9166666666666666,0.3333333333333333,0.5833333333333333,0.9167155,0.33328399999999997,1.1345135812914237e-37
3,2000,2000,1.0,0.0,0.8333333333333333,1.0,0.9166666666666666,0.3333333333333333,0.5833333333333333,0.9167185000000001,0.33337725,1.6566806388877063e-148
3,10000,2000,1.0,0.0,0.8333333333333333,1.0,0.9166666666666666,0.3333333333333333,0.5833333333333333,0.916642925,0.33336980000000005,0.0
5,1,2000,0.7103333333333333,0.005307712136720054,0.7,1.0,0.6625000000000001,0.375,0.2875000000000001,0.6605,0.37766666666666665,0.5
5,5,2000,0.7579166666666668,0.005106327685343346,0.7,1.0,0.6625000000000001,0.375,0.2875000000000001,0.6622,0.37266666666666665,0.5
5,20,2000,0.9108958333333332,0.004043141227661092,0.7,1.0,0.6625000000000001,0.375,0.2875000000000001,0.6665625,0.3710083333333334,0.5
5,100,2000,0.999625,0.0002794525619263198,0.7,1.0,0.6625000000000001,0.375,0.2875000000000001,0.6619625,0.3756116666666667,0.048113127826051524
5,500,2000,1.0,0.0,0.7,1.0,0.6625000000000001,0.375,0.2875000000000001,0.6628395,0.3745306666666667,3.1829728724078156e-09
5,2000,2000,1.0,0.0,0.7,1.0,0.6625000000000001,0.375,0.2875000000000001,0.66264575,0.37478775,3.801613707482586e-36
5,10000,2000,1.0,0.0,0.7,1.0,0.6625000000000001,0.375,0.2875000000000001,0.66255385,0.3749392,9.802907522036456e-180
10,1,2000,0.6079166666666668,0.004556727696529256,0.6,1.0,0.36790123456790125,0.24691358024691362,0.12098765432098763,0.37425,0.2445,0.5
10,5,2000,0.5788395833333334,0.0035213085916019366,0.6,1.0,0.36790123456790125,0.24691358024691362,0.12098765432098763,0.36505000000000004,0.2481125,0.5
10,20,2000,0.6487166666666667,0.004761381623102033,0.6,1.0,0.36790123456790125,0.24691358024691362,0.12098765432098763,0.369375,0.24667812500000003,0.5
10,100,2000,0.8530416666666666,0.004905277289039162,0.6,1.0,0.36790123456790125,0.24691358024691362,0.12098765432098763,0.3668825,0.24730874999999997,0.5
10,500,2000,0.999125,0.00045038162629558096,0.6,1.0,0.36790123456790125,0.24691358024691362,0.12098765432098763,0.3672525,0.24710075,0.20596241406313784
10,2000,2000,1.0,0.0,0.6,1.0,0.36790123456790125,0.24691358024691362,0.12098765432098763,0.3679845,0.24690349999999997,3.5146487856953137e-06
10,10000,2000,1.0,0.0,0.6,1.0,0.36790123456790125,0.24691358024691362,0.12098765432098763,0.36789544999999996,0.246919675,1.3093318042910478e-31
20,1,2000,0.5485833333333333,0.003291229314520022,0.55,1.0,0.19224376731301931,0.13711911357340711,0.0551246537396122,0.18725,0.1376388888888889,0.5
20,5,2000,0.5268610722610721,0.002121893144986412,0.55,1.0,0.19224376731301931,0.13711911357340711,0.0551246537396122,0.19190000000000004,0.13732222222222223,0.5
20,20,2000,0.5404290674603175,0.0027276613819863815,0.55,1.0,0.19224376731301931,0.13711911357340711,0.0551246537396122,0.1919,0.13724722222222221,0.5
20,100,2000,0.6268666666666666,0.00463598288173619,0.55,1.0,0.19224376731301931,0.13711911357340711,0.0551246537396122,0.19225,0.13712416666666666,0.5
20,500,2000,0.904125,0.004298946497844442,0.55,1.0,0.19224376731301931,0.13711911357340711,0.0551246537396122,0.1918035,0.13719361111111109,0.5
20,2000,2000,1.0,0.0,0.55,1.0,0.19224376731301931,0.13711911357340711,0.0551246537396122,0.19224612500000002,0.13712395833333332,0.5
20,10000,2000,1.0,0.0,0.55,1.0,0.19224376731301931,0.13711911357340711,0.0551246537396122,0.192253375,0.13711902222222222,4.536905021702602e-06
